ISO-10303-21;
HEADER;
FILE_DESCRIPTION(('Open CASCADE Model'),'2;1');
FILE_NAME('Open CASCADE Shape Model','2026-09-19T00:10:39',('Author'),(
    'Open CASCADE'),'Open CASCADE STEP processor 7.9','Open CASCADE 7.9'
  ,'Unknown');
FILE_SCHEMA(('AUTOMOTIVE_DESIGN { 1 0 10303 214 1 1 1 1 }'));
ENDSEC;
DATA;
#1 = APPLICATION_PROTOCOL_DEFINITION('international standard',
  'automotive_design',2000,#2);
#2 = APPLICATION_CONTEXT(
  'core data for automotive mechanical design processes');
#3 = SHAPE_DEFINITION_REPRESENTATION(#4,#10);
#4 = PRODUCT_DEFINITION_SHAPE('','',#5);
#5 = PRODUCT_DEFINITION('design','',#6,#9);
#6 = PRODUCT_DEFINITION_FORMATION('','',#7);
#7 = PRODUCT('Open CASCADE STEP translator 7.9 1',
  'Open CASCADE STEP translator 7.9 1','',(#8));
#8 = PRODUCT_CONTEXT('',#2,'mechanical');
#9 = PRODUCT_DEFINITION_CONTEXT('part definition',#2,'design');
#10 = ADVANCED_BREP_SHAPE_REPRESENTATION('',(#11,#15),#7346);
#11 = AXIS2_PLACEMENT_3D('',#12,#13,#14);
#12 = CARTESIAN_POINT('',(0.,0.,0.));
#13 = DIRECTION('',(0.,0.,1.));
#14 = DIRECTION('',(1.,0.,-0.));
#15 = MANIFOLD_SOLID_BREP('',#16);
#16 = CLOSED_SHELL('',(#17,#139,#214,#289,#531,#744,#771,#798,#825,#852,
    #859,#886,#966,#993,#2898,#2954,#4513,#4555,#4619,#4644,#6205,#6232,
    #6262,#6327,#6766,#7209,#7236,#7263,#7290,#7297,#7339));
#17 = ADVANCED_FACE('',(#18),#32,.T.);
#18 = FACE_BOUND('',#19,.F.);
#19 = EDGE_LOOP('',(#20,#55,#84,#112));
#20 = ORIENTED_EDGE('',*,*,#21,.T.);
#21 = EDGE_CURVE('',#22,#24,#26,.T.);
#22 = VERTEX_POINT('',#23);
#23 = CARTESIAN_POINT('',(-56.52777777777,0.,20.847310126397));
#24 = VERTEX_POINT('',#25);
#25 = CARTESIAN_POINT('',(-56.52777777777,-30.,20.847310126397));
#26 = SURFACE_CURVE('',#27,(#31,#43),.PCURVE_S1.);
#27 = LINE('',#28,#29);
#28 = CARTESIAN_POINT('',(-56.52777777777,0.,20.847310126397));
#29 = VECTOR('',#30,1.);
#30 = DIRECTION('',(0.,-1.,0.));
#31 = PCURVE('',#32,#37);
#32 = CYLINDRICAL_SURFACE('',#33,21.);
#33 = AXIS2_PLACEMENT_3D('',#34,#35,#36);
#34 = CARTESIAN_POINT('',(-54.,0.,0.));
#35 = DIRECTION('',(-0.,1.,-0.));
#36 = DIRECTION('',(1.,0.,0.));
#37 = DEFINITIONAL_REPRESENTATION('',(#38),#42);
#38 = LINE('',#39,#40);
#39 = CARTESIAN_POINT('',(-1.691459283797,0.));
#40 = VECTOR('',#41,1.);
#41 = DIRECTION('',(-0.,-1.));
#42 = ( GEOMETRIC_REPRESENTATION_CONTEXT(2) 
PARAMETRIC_REPRESENTATION_CONTEXT() REPRESENTATION_CONTEXT('2D SPACE',''
  ) );
#43 = PCURVE('',#44,#49);
#44 = PLANE('',#45);
#45 = AXIS2_PLACEMENT_3D('',#46,#47,#48);
#46 = CARTESIAN_POINT('',(-3.310185185185,0.,27.300048975044));
#47 = DIRECTION('',(0.12037037037,0.,-0.992729053638));
#48 = DIRECTION('',(-0.992729053638,-0.,-0.12037037037));
#49 = DEFINITIONAL_REPRESENTATION('',(#50),#54);
#50 = LINE('',#51,#52);
#51 = CARTESIAN_POINT('',(53.607368896449,0.));
#52 = VECTOR('',#53,1.);
#53 = DIRECTION('',(0.,-1.));
#54 = ( GEOMETRIC_REPRESENTATION_CONTEXT(2) 
PARAMETRIC_REPRESENTATION_CONTEXT() REPRESENTATION_CONTEXT('2D SPACE',''
  ) );
#55 = ORIENTED_EDGE('',*,*,#56,.T.);
#56 = EDGE_CURVE('',#24,#57,#59,.T.);
#57 = VERTEX_POINT('',#58);
#58 = CARTESIAN_POINT('',(-56.52777777777,-30.,-20.84731012639));
#59 = SURFACE_CURVE('',#60,(#65,#72),.PCURVE_S1.);
#60 = CIRCLE('',#61,21.);
#61 = AXIS2_PLACEMENT_3D('',#62,#63,#64);
#62 = CARTESIAN_POINT('',(-54.,-30.,0.));
#63 = DIRECTION('',(0.,-1.,0.));
#64 = DIRECTION('',(1.,0.,0.));
#65 = PCURVE('',#32,#66);
#66 = DEFINITIONAL_REPRESENTATION('',(#67),#71);
#67 = LINE('',#68,#69);
#68 = CARTESIAN_POINT('',(-0.,-30.));
#69 = VECTOR('',#70,1.);
#70 = DIRECTION('',(-1.,0.));
#71 = ( GEOMETRIC_REPRESENTATION_CONTEXT(2) 
PARAMETRIC_REPRESENTATION_CONTEXT() REPRESENTATION_CONTEXT('2D SPACE',''
  ) );
#72 = PCURVE('',#73,#78);
#73 = PLANE('',#74);
#74 = AXIS2_PLACEMENT_3D('',#75,#76,#77);
#75 = CARTESIAN_POINT('',(-54.,-30.,1.846063891983E-16));
#76 = DIRECTION('',(0.,-1.,0.));
#77 = DIRECTION('',(1.,0.,0.));
#78 = DEFINITIONAL_REPRESENTATION('',(#79),#83);
#79 = CIRCLE('',#80,21.);
#80 = AXIS2_PLACEMENT_2D('',#81,#82);
#81 = CARTESIAN_POINT('',(0.,-1.846063891983E-16));
#82 = DIRECTION('',(1.,0.));
#83 = ( GEOMETRIC_REPRESENTATION_CONTEXT(2) 
PARAMETRIC_REPRESENTATION_CONTEXT() REPRESENTATION_CONTEXT('2D SPACE',''
  ) );
#84 = ORIENTED_EDGE('',*,*,#85,.F.);
#85 = EDGE_CURVE('',#86,#57,#88,.T.);
#86 = VERTEX_POINT('',#87);
#87 = CARTESIAN_POINT('',(-56.52777777777,0.,-20.84731012639));
#88 = SURFACE_CURVE('',#89,(#93,#100),.PCURVE_S1.);
#89 = LINE('',#90,#91);
#90 = CARTESIAN_POINT('',(-56.52777777777,-0.,-20.84731012639));
#91 = VECTOR('',#92,1.);
#92 = DIRECTION('',(0.,-1.,0.));
#93 = PCURVE('',#32,#94);
#94 = DEFINITIONAL_REPRESENTATION('',(#95),#99);
#95 = LINE('',#96,#97);
#96 = CARTESIAN_POINT('',(-4.591726023382,0.));
#97 = VECTOR('',#98,1.);
#98 = DIRECTION('',(-0.,-1.));
#99 = ( GEOMETRIC_REPRESENTATION_CONTEXT(2) 
PARAMETRIC_REPRESENTATION_CONTEXT() REPRESENTATION_CONTEXT('2D SPACE',''
  ) );
#100 = PCURVE('',#101,#106);
#101 = PLANE('',#102);
#102 = AXIS2_PLACEMENT_3D('',#103,#104,#105);
#103 = CARTESIAN_POINT('',(-56.52777777777,0.,-20.84731012639));
#104 = DIRECTION('',(0.12037037037,0.,0.992729053638));
#105 = DIRECTION('',(0.992729053638,0.,-0.12037037037));
#106 = DEFINITIONAL_REPRESENTATION('',(#107),#111);
#107 = LINE('',#108,#109);
#108 = CARTESIAN_POINT('',(0.,0.));
#109 = VECTOR('',#110,1.);
#110 = DIRECTION('',(0.,-1.));
#111 = ( GEOMETRIC_REPRESENTATION_CONTEXT(2) 
PARAMETRIC_REPRESENTATION_CONTEXT() REPRESENTATION_CONTEXT('2D SPACE',''
  ) );
#112 = ORIENTED_EDGE('',*,*,#113,.F.);
#113 = EDGE_CURVE('',#22,#86,#114,.T.);
#114 = SURFACE_CURVE('',#115,(#120,#127),.PCURVE_S1.);
#115 = CIRCLE('',#116,21.);
#116 = AXIS2_PLACEMENT_3D('',#117,#118,#119);
#117 = CARTESIAN_POINT('',(-54.,0.,0.));
#118 = DIRECTION('',(0.,-1.,0.));
#119 = DIRECTION('',(1.,0.,0.));
#120 = PCURVE('',#32,#121);
#121 = DEFINITIONAL_REPRESENTATION('',(#122),#126);
#122 = LINE('',#123,#124);
#123 = CARTESIAN_POINT('',(-0.,0.));
#124 = VECTOR('',#125,1.);
#125 = DIRECTION('',(-1.,0.));
#126 = ( GEOMETRIC_REPRESENTATION_CONTEXT(2) 
PARAMETRIC_REPRESENTATION_CONTEXT() REPRESENTATION_CONTEXT('2D SPACE',''
  ) );
#127 = PCURVE('',#128,#133);
#128 = PLANE('',#129);
#129 = AXIS2_PLACEMENT_3D('',#130,#131,#132);
#130 = CARTESIAN_POINT('',(-54.,0.,1.846063891983E-16));
#131 = DIRECTION('',(0.,-1.,0.));
#132 = DIRECTION('',(1.,0.,0.));
#133 = DEFINITIONAL_REPRESENTATION('',(#134),#138);
#134 = CIRCLE('',#135,21.);
#135 = AXIS2_PLACEMENT_2D('',#136,#137);
#136 = CARTESIAN_POINT('',(0.,-1.846063891983E-16));
#137 = DIRECTION('',(1.,0.));
#138 = ( GEOMETRIC_REPRESENTATION_CONTEXT(2) 
PARAMETRIC_REPRESENTATION_CONTEXT() REPRESENTATION_CONTEXT('2D SPACE',''
  ) );
#139 = ADVANCED_FACE('',(#140),#44,.F.);
#140 = FACE_BOUND('',#141,.F.);
#141 = EDGE_LOOP('',(#142,#171,#192,#193));
#142 = ORIENTED_EDGE('',*,*,#143,.T.);
#143 = EDGE_CURVE('',#144,#146,#148,.T.);
#144 = VERTEX_POINT('',#145);
#145 = CARTESIAN_POINT('',(-3.310185185185,0.,27.300048975044));
#146 = VERTEX_POINT('',#147);
#147 = CARTESIAN_POINT('',(-3.310185185185,-30.,27.300048975044));
#148 = SURFACE_CURVE('',#149,(#153,#160),.PCURVE_S1.);
#149 = LINE('',#150,#151);
#150 = CARTESIAN_POINT('',(-3.310185185185,0.,27.300048975044));
#151 = VECTOR('',#152,1.);
#152 = DIRECTION('',(0.,-1.,0.));
#153 = PCURVE('',#44,#154);
#154 = DEFINITIONAL_REPRESENTATION('',(#155),#159);
#155 = LINE('',#156,#157);
#156 = CARTESIAN_POINT('',(-5.290323132303E-15,0.));
#157 = VECTOR('',#158,1.);
#158 = DIRECTION('',(0.,-1.));
#159 = ( GEOMETRIC_REPRESENTATION_CONTEXT(2) 
PARAMETRIC_REPRESENTATION_CONTEXT() REPRESENTATION_CONTEXT('2D SPACE',''
  ) );
#160 = PCURVE('',#161,#166);
#161 = CYLINDRICAL_SURFACE('',#162,27.5);
#162 = AXIS2_PLACEMENT_3D('',#163,#164,#165);
#163 = CARTESIAN_POINT('',(0.,0.,0.));
#164 = DIRECTION('',(-0.,1.,-0.));
#165 = DIRECTION('',(1.,0.,0.));
#166 = DEFINITIONAL_REPRESENTATION('',(#167),#170);
#167 = B_SPLINE_CURVE_WITH_KNOTS('',1,(#168,#169),.UNSPECIFIED.,.F.,.F.,
  (2,2),(0.,30.),.PIECEWISE_BEZIER_KNOTS.);
#168 = CARTESIAN_POINT('',(-7.974644590977,0.));
#169 = CARTESIAN_POINT('',(-7.974644590977,-30.));
#170 = ( GEOMETRIC_REPRESENTATION_CONTEXT(2) 
PARAMETRIC_REPRESENTATION_CONTEXT() REPRESENTATION_CONTEXT('2D SPACE',''
  ) );
#171 = ORIENTED_EDGE('',*,*,#172,.T.);
#172 = EDGE_CURVE('',#146,#24,#173,.T.);
#173 = SURFACE_CURVE('',#174,(#178,#185),.PCURVE_S1.);
#174 = LINE('',#175,#176);
#175 = CARTESIAN_POINT('',(-3.310185185185,-30.,27.300048975044));
#176 = VECTOR('',#177,1.);
#177 = DIRECTION('',(-0.992729053638,-0.,-0.12037037037));
#178 = PCURVE('',#44,#179);
#179 = DEFINITIONAL_REPRESENTATION('',(#180),#184);
#180 = LINE('',#181,#182);
#181 = CARTESIAN_POINT('',(0.,-30.));
#182 = VECTOR('',#183,1.);
#183 = DIRECTION('',(1.,0.));
#184 = ( GEOMETRIC_REPRESENTATION_CONTEXT(2) 
PARAMETRIC_REPRESENTATION_CONTEXT() REPRESENTATION_CONTEXT('2D SPACE',''
  ) );
#185 = PCURVE('',#73,#186);
#186 = DEFINITIONAL_REPRESENTATION('',(#187),#191);
#187 = LINE('',#188,#189);
#188 = CARTESIAN_POINT('',(50.689814814815,27.300048975044));
#189 = VECTOR('',#190,1.);
#190 = DIRECTION('',(-0.992729053638,-0.12037037037));
#191 = ( GEOMETRIC_REPRESENTATION_CONTEXT(2) 
PARAMETRIC_REPRESENTATION_CONTEXT() REPRESENTATION_CONTEXT('2D SPACE',''
  ) );
#192 = ORIENTED_EDGE('',*,*,#21,.F.);
#193 = ORIENTED_EDGE('',*,*,#194,.F.);
#194 = EDGE_CURVE('',#144,#22,#195,.T.);
#195 = SURFACE_CURVE('',#196,(#200,#207),.PCURVE_S1.);
#196 = LINE('',#197,#198);
#197 = CARTESIAN_POINT('',(-3.310185185185,0.,27.300048975044));
#198 = VECTOR('',#199,1.);
#199 = DIRECTION('',(-0.992729053638,-0.,-0.12037037037));
#200 = PCURVE('',#44,#201);
#201 = DEFINITIONAL_REPRESENTATION('',(#202),#206);
#202 = LINE('',#203,#204);
#203 = CARTESIAN_POINT('',(-0.,0.));
#204 = VECTOR('',#205,1.);
#205 = DIRECTION('',(1.,0.));
#206 = ( GEOMETRIC_REPRESENTATION_CONTEXT(2) 
PARAMETRIC_REPRESENTATION_CONTEXT() REPRESENTATION_CONTEXT('2D SPACE',''
  ) );
#207 = PCURVE('',#128,#208);
#208 = DEFINITIONAL_REPRESENTATION('',(#209),#213);
#209 = LINE('',#210,#211);
#210 = CARTESIAN_POINT('',(50.689814814815,27.300048975044));
#211 = VECTOR('',#212,1.);
#212 = DIRECTION('',(-0.992729053638,-0.12037037037));
#213 = ( GEOMETRIC_REPRESENTATION_CONTEXT(2) 
PARAMETRIC_REPRESENTATION_CONTEXT() REPRESENTATION_CONTEXT('2D SPACE',''
  ) );
#214 = ADVANCED_FACE('',(#215),#101,.F.);
#215 = FACE_BOUND('',#216,.F.);
#216 = EDGE_LOOP('',(#217,#218,#241,#268));
#217 = ORIENTED_EDGE('',*,*,#85,.T.);
#218 = ORIENTED_EDGE('',*,*,#219,.T.);
#219 = EDGE_CURVE('',#57,#220,#222,.T.);
#220 = VERTEX_POINT('',#221);
#221 = CARTESIAN_POINT('',(-3.310185185185,-30.,-27.30004897504));
#222 = SURFACE_CURVE('',#223,(#227,#234),.PCURVE_S1.);
#223 = LINE('',#224,#225);
#224 = CARTESIAN_POINT('',(-56.52777777777,-30.,-20.84731012639));
#225 = VECTOR('',#226,1.);
#226 = DIRECTION('',(0.992729053638,0.,-0.12037037037));
#227 = PCURVE('',#101,#228);
#228 = DEFINITIONAL_REPRESENTATION('',(#229),#233);
#229 = LINE('',#230,#231);
#230 = CARTESIAN_POINT('',(0.,-30.));
#231 = VECTOR('',#232,1.);
#232 = DIRECTION('',(1.,0.));
#233 = ( GEOMETRIC_REPRESENTATION_CONTEXT(2) 
PARAMETRIC_REPRESENTATION_CONTEXT() REPRESENTATION_CONTEXT('2D SPACE',''
  ) );
#234 = PCURVE('',#73,#235);
#235 = DEFINITIONAL_REPRESENTATION('',(#236),#240);
#236 = LINE('',#237,#238);
#237 = CARTESIAN_POINT('',(-2.527777777778,-20.84731012639));
#238 = VECTOR('',#239,1.);
#239 = DIRECTION('',(0.992729053638,-0.12037037037));
#240 = ( GEOMETRIC_REPRESENTATION_CONTEXT(2) 
PARAMETRIC_REPRESENTATION_CONTEXT() REPRESENTATION_CONTEXT('2D SPACE',''
  ) );
#241 = ORIENTED_EDGE('',*,*,#242,.F.);
#242 = EDGE_CURVE('',#243,#220,#245,.T.);
#243 = VERTEX_POINT('',#244);
#244 = CARTESIAN_POINT('',(-3.310185185185,-0.,-27.30004897504));
#245 = SURFACE_CURVE('',#246,(#250,#257),.PCURVE_S1.);
#246 = LINE('',#247,#248);
#247 = CARTESIAN_POINT('',(-3.310185185185,-0.,-27.30004897504));
#248 = VECTOR('',#249,1.);
#249 = DIRECTION('',(0.,-1.,0.));
#250 = PCURVE('',#101,#251);
#251 = DEFINITIONAL_REPRESENTATION('',(#252),#256);
#252 = LINE('',#253,#254);
#253 = CARTESIAN_POINT('',(53.607368896449,0.));
#254 = VECTOR('',#255,1.);
#255 = DIRECTION('',(0.,-1.));
#256 = ( GEOMETRIC_REPRESENTATION_CONTEXT(2) 
PARAMETRIC_REPRESENTATION_CONTEXT() REPRESENTATION_CONTEXT('2D SPACE',''
  ) );
#257 = PCURVE('',#258,#263);
#258 = CYLINDRICAL_SURFACE('',#259,27.5);
#259 = AXIS2_PLACEMENT_3D('',#260,#261,#262);
#260 = CARTESIAN_POINT('',(0.,0.,0.));
#261 = DIRECTION('',(-0.,1.,-0.));
#262 = DIRECTION('',(1.,0.,0.));
#263 = DEFINITIONAL_REPRESENTATION('',(#264),#267);
#264 = B_SPLINE_CURVE_WITH_KNOTS('',1,(#265,#266),.UNSPECIFIED.,.F.,.F.,
  (2,2),(0.,30.),.PIECEWISE_BEZIER_KNOTS.);
#265 = CARTESIAN_POINT('',(-4.591726023382,0.));
#266 = CARTESIAN_POINT('',(-4.591726023382,-30.));
#267 = ( GEOMETRIC_REPRESENTATION_CONTEXT(2) 
PARAMETRIC_REPRESENTATION_CONTEXT() REPRESENTATION_CONTEXT('2D SPACE',''
  ) );
#268 = ORIENTED_EDGE('',*,*,#269,.F.);
#269 = EDGE_CURVE('',#86,#243,#270,.T.);
#270 = SURFACE_CURVE('',#271,(#275,#282),.PCURVE_S1.);
#271 = LINE('',#272,#273);
#272 = CARTESIAN_POINT('',(-56.52777777777,-0.,-20.84731012639));
#273 = VECTOR('',#274,1.);
#274 = DIRECTION('',(0.992729053638,0.,-0.12037037037));
#275 = PCURVE('',#101,#276);
#276 = DEFINITIONAL_REPRESENTATION('',(#277),#281);
#277 = LINE('',#278,#279);
#278 = CARTESIAN_POINT('',(0.,0.));
#279 = VECTOR('',#280,1.);
#280 = DIRECTION('',(1.,0.));
#281 = ( GEOMETRIC_REPRESENTATION_CONTEXT(2) 
PARAMETRIC_REPRESENTATION_CONTEXT() REPRESENTATION_CONTEXT('2D SPACE',''
  ) );
#282 = PCURVE('',#128,#283);
#283 = DEFINITIONAL_REPRESENTATION('',(#284),#288);
#284 = LINE('',#285,#286);
#285 = CARTESIAN_POINT('',(-2.527777777778,-20.84731012639));
#286 = VECTOR('',#287,1.);
#287 = DIRECTION('',(0.992729053638,-0.12037037037));
#288 = ( GEOMETRIC_REPRESENTATION_CONTEXT(2) 
PARAMETRIC_REPRESENTATION_CONTEXT() REPRESENTATION_CONTEXT('2D SPACE',''
  ) );
#289 = ADVANCED_FACE('',(#290,#438,#469,#500),#128,.F.);
#290 = FACE_BOUND('',#291,.F.);
#291 = EDGE_LOOP('',(#292,#293,#294,#295,#323,#351,#384,#412));
#292 = ORIENTED_EDGE('',*,*,#194,.T.);
#293 = ORIENTED_EDGE('',*,*,#113,.T.);
#294 = ORIENTED_EDGE('',*,*,#269,.T.);
#295 = ORIENTED_EDGE('',*,*,#296,.F.);
#296 = EDGE_CURVE('',#297,#243,#299,.T.);
#297 = VERTEX_POINT('',#298);
#298 = CARTESIAN_POINT('',(3.310185185185,0.,-27.30004897504));
#299 = SURFACE_CURVE('',#300,(#305,#316),.PCURVE_S1.);
#300 = CIRCLE('',#301,27.5);
#301 = AXIS2_PLACEMENT_3D('',#302,#303,#304);
#302 = CARTESIAN_POINT('',(0.,0.,0.));
#303 = DIRECTION('',(0.,1.,-0.));
#304 = DIRECTION('',(-0.12037037037,0.,0.992729053638));
#305 = PCURVE('',#128,#306);
#306 = DEFINITIONAL_REPRESENTATION('',(#307),#315);
#307 = ( BOUNDED_CURVE() B_SPLINE_CURVE(2,(#308,#309,#310,#311,#312,#313
,#314),.UNSPECIFIED.,.T.,.F.) B_SPLINE_CURVE_WITH_KNOTS((1,2,2,2,2,1),(
    -2.094395102393,0.,2.094395102393,4.188790204786,6.28318530718,
8.377580409573),.UNSPECIFIED.) CURVE() GEOMETRIC_REPRESENTATION_ITEM() 
RATIONAL_B_SPLINE_CURVE((1.,0.5,1.,0.5,1.,0.5,1.)) REPRESENTATION_ITEM(
  '') );
#308 = CARTESIAN_POINT('',(50.689814814815,27.300048975044));
#309 = CARTESIAN_POINT('',(97.974886688709,33.033457898246));
#310 = CARTESIAN_POINT('',(79.29762852954,-10.78332002592));
#311 = CARTESIAN_POINT('',(60.62037037037,-54.60009795008));
#312 = CARTESIAN_POINT('',(32.012556655645,-16.51672894912));
#313 = CARTESIAN_POINT('',(3.404742940921,21.566640051841));
#314 = CARTESIAN_POINT('',(50.689814814815,27.300048975044));
#315 = ( GEOMETRIC_REPRESENTATION_CONTEXT(2) 
PARAMETRIC_REPRESENTATION_CONTEXT() REPRESENTATION_CONTEXT('2D SPACE',''
  ) );
#316 = PCURVE('',#258,#317);
#317 = DEFINITIONAL_REPRESENTATION('',(#318),#322);
#318 = LINE('',#319,#320);
#319 = CARTESIAN_POINT('',(-7.974644590977,0.));
#320 = VECTOR('',#321,1.);
#321 = DIRECTION('',(1.,-0.));
#322 = ( GEOMETRIC_REPRESENTATION_CONTEXT(2) 
PARAMETRIC_REPRESENTATION_CONTEXT() REPRESENTATION_CONTEXT('2D SPACE',''
  ) );
#323 = ORIENTED_EDGE('',*,*,#324,.F.);
#324 = EDGE_CURVE('',#325,#297,#327,.T.);
#325 = VERTEX_POINT('',#326);
#326 = CARTESIAN_POINT('',(56.527777777778,0.,-20.84731012639));
#327 = SURFACE_CURVE('',#328,(#332,#339),.PCURVE_S1.);
#328 = LINE('',#329,#330);
#329 = CARTESIAN_POINT('',(56.527777777778,0.,-20.84731012639));
#330 = VECTOR('',#331,1.);
#331 = DIRECTION('',(-0.992729053638,-0.,-0.12037037037));
#332 = PCURVE('',#128,#333);
#333 = DEFINITIONAL_REPRESENTATION('',(#334),#338);
#334 = LINE('',#335,#336);
#335 = CARTESIAN_POINT('',(110.52777777777,-20.84731012639));
#336 = VECTOR('',#337,1.);
#337 = DIRECTION('',(-0.992729053638,-0.12037037037));
#338 = ( GEOMETRIC_REPRESENTATION_CONTEXT(2) 
PARAMETRIC_REPRESENTATION_CONTEXT() REPRESENTATION_CONTEXT('2D SPACE',''
  ) );
#339 = PCURVE('',#340,#345);
#340 = PLANE('',#341);
#341 = AXIS2_PLACEMENT_3D('',#342,#343,#344);
#342 = CARTESIAN_POINT('',(56.527777777778,0.,-20.84731012639));
#343 = DIRECTION('',(-0.12037037037,-0.,0.992729053638));
#344 = DIRECTION('',(0.992729053638,0.,0.12037037037));
#345 = DEFINITIONAL_REPRESENTATION('',(#346),#350);
#346 = LINE('',#347,#348);
#347 = CARTESIAN_POINT('',(0.,-0.));
#348 = VECTOR('',#349,1.);
#349 = DIRECTION('',(-1.,0.));
#350 = ( GEOMETRIC_REPRESENTATION_CONTEXT(2) 
PARAMETRIC_REPRESENTATION_CONTEXT() REPRESENTATION_CONTEXT('2D SPACE',''
  ) );
#351 = ORIENTED_EDGE('',*,*,#352,.F.);
#352 = EDGE_CURVE('',#353,#325,#355,.T.);
#353 = VERTEX_POINT('',#354);
#354 = CARTESIAN_POINT('',(56.527777777778,0.,20.847310126397));
#355 = SURFACE_CURVE('',#356,(#361,#372),.PCURVE_S1.);
#356 = CIRCLE('',#357,21.);
#357 = AXIS2_PLACEMENT_3D('',#358,#359,#360);
#358 = CARTESIAN_POINT('',(54.,0.,0.));
#359 = DIRECTION('',(-0.,1.,0.));
#360 = DIRECTION('',(-1.,-0.,-0.));
#361 = PCURVE('',#128,#362);
#362 = DEFINITIONAL_REPRESENTATION('',(#363),#371);
#363 = ( BOUNDED_CURVE() B_SPLINE_CURVE(2,(#364,#365,#366,#367,#368,#369
,#370),.UNSPECIFIED.,.T.,.F.) B_SPLINE_CURVE_WITH_KNOTS((1,2,2,2,2,1),(
    -2.094395102393,0.,2.094395102393,4.188790204786,6.28318530718,
8.377580409573),.UNSPECIFIED.) CURVE() GEOMETRIC_REPRESENTATION_ITEM() 
RATIONAL_B_SPLINE_CURVE((1.,0.5,1.,0.5,1.,0.5,1.)) REPRESENTATION_ITEM(
  '') );
#364 = CARTESIAN_POINT('',(87.,-1.846063891983E-16));
#365 = CARTESIAN_POINT('',(87.,36.373066958946));
#366 = CARTESIAN_POINT('',(118.5,18.186533479473));
#367 = CARTESIAN_POINT('',(150.,4.958910167221E-15));
#368 = CARTESIAN_POINT('',(118.5,-18.18653347947));
#369 = CARTESIAN_POINT('',(87.,-36.37306695894));
#370 = CARTESIAN_POINT('',(87.,-1.846063891983E-16));
#371 = ( GEOMETRIC_REPRESENTATION_CONTEXT(2) 
PARAMETRIC_REPRESENTATION_CONTEXT() REPRESENTATION_CONTEXT('2D SPACE',''
  ) );
#372 = PCURVE('',#373,#378);
#373 = CYLINDRICAL_SURFACE('',#374,21.);
#374 = AXIS2_PLACEMENT_3D('',#375,#376,#377);
#375 = CARTESIAN_POINT('',(54.,0.,0.));
#376 = DIRECTION('',(-0.,1.,-0.));
#377 = DIRECTION('',(-1.,-0.,-0.));
#378 = DEFINITIONAL_REPRESENTATION('',(#379),#383);
#379 = LINE('',#380,#381);
#380 = CARTESIAN_POINT('',(0.,0.));
#381 = VECTOR('',#382,1.);
#382 = DIRECTION('',(1.,0.));
#383 = ( GEOMETRIC_REPRESENTATION_CONTEXT(2) 
PARAMETRIC_REPRESENTATION_CONTEXT() REPRESENTATION_CONTEXT('2D SPACE',''
  ) );
#384 = ORIENTED_EDGE('',*,*,#385,.F.);
#385 = EDGE_CURVE('',#386,#353,#388,.T.);
#386 = VERTEX_POINT('',#387);
#387 = CARTESIAN_POINT('',(3.310185185185,0.,27.300048975044));
#388 = SURFACE_CURVE('',#389,(#393,#400),.PCURVE_S1.);
#389 = LINE('',#390,#391);
#390 = CARTESIAN_POINT('',(3.310185185185,0.,27.300048975044));
#391 = VECTOR('',#392,1.);
#392 = DIRECTION('',(0.992729053638,-0.,-0.12037037037));
#393 = PCURVE('',#128,#394);
#394 = DEFINITIONAL_REPRESENTATION('',(#395),#399);
#395 = LINE('',#396,#397);
#396 = CARTESIAN_POINT('',(57.310185185185,27.300048975044));
#397 = VECTOR('',#398,1.);
#398 = DIRECTION('',(0.992729053638,-0.12037037037));
#399 = ( GEOMETRIC_REPRESENTATION_CONTEXT(2) 
PARAMETRIC_REPRESENTATION_CONTEXT() REPRESENTATION_CONTEXT('2D SPACE',''
  ) );
#400 = PCURVE('',#401,#406);
#401 = PLANE('',#402);
#402 = AXIS2_PLACEMENT_3D('',#403,#404,#405);
#403 = CARTESIAN_POINT('',(3.310185185185,0.,27.300048975044));
#404 = DIRECTION('',(-0.12037037037,-0.,-0.992729053638));
#405 = DIRECTION('',(-0.992729053638,0.,0.12037037037));
#406 = DEFINITIONAL_REPRESENTATION('',(#407),#411);
#407 = LINE('',#408,#409);
#408 = CARTESIAN_POINT('',(-0.,0.));
#409 = VECTOR('',#410,1.);
#410 = DIRECTION('',(-1.,0.));
#411 = ( GEOMETRIC_REPRESENTATION_CONTEXT(2) 
PARAMETRIC_REPRESENTATION_CONTEXT() REPRESENTATION_CONTEXT('2D SPACE',''
  ) );
#412 = ORIENTED_EDGE('',*,*,#413,.F.);
#413 = EDGE_CURVE('',#144,#386,#414,.T.);
#414 = SURFACE_CURVE('',#415,(#420,#431),.PCURVE_S1.);
#415 = CIRCLE('',#416,27.5);
#416 = AXIS2_PLACEMENT_3D('',#417,#418,#419);
#417 = CARTESIAN_POINT('',(0.,0.,0.));
#418 = DIRECTION('',(0.,1.,-0.));
#419 = DIRECTION('',(-0.12037037037,0.,0.992729053638));
#420 = PCURVE('',#128,#421);
#421 = DEFINITIONAL_REPRESENTATION('',(#422),#430);
#422 = ( BOUNDED_CURVE() B_SPLINE_CURVE(2,(#423,#424,#425,#426,#427,#428
,#429),.UNSPECIFIED.,.T.,.F.) B_SPLINE_CURVE_WITH_KNOTS((1,2,2,2,2,1),(
    -2.094395102393,0.,2.094395102393,4.188790204786,6.28318530718,
8.377580409573),.UNSPECIFIED.) CURVE() GEOMETRIC_REPRESENTATION_ITEM() 
RATIONAL_B_SPLINE_CURVE((1.,0.5,1.,0.5,1.,0.5,1.)) REPRESENTATION_ITEM(
  '') );
#423 = CARTESIAN_POINT('',(50.689814814815,27.300048975044));
#424 = CARTESIAN_POINT('',(97.974886688709,33.033457898246));
#425 = CARTESIAN_POINT('',(79.29762852954,-10.78332002592));
#426 = CARTESIAN_POINT('',(60.62037037037,-54.60009795008));
#427 = CARTESIAN_POINT('',(32.012556655645,-16.51672894912));
#428 = CARTESIAN_POINT('',(3.404742940921,21.566640051841));
#429 = CARTESIAN_POINT('',(50.689814814815,27.300048975044));
#430 = ( GEOMETRIC_REPRESENTATION_CONTEXT(2) 
PARAMETRIC_REPRESENTATION_CONTEXT() REPRESENTATION_CONTEXT('2D SPACE',''
  ) );
#431 = PCURVE('',#161,#432);
#432 = DEFINITIONAL_REPRESENTATION('',(#433),#437);
#433 = LINE('',#434,#435);
#434 = CARTESIAN_POINT('',(-7.974644590977,0.));
#435 = VECTOR('',#436,1.);
#436 = DIRECTION('',(1.,-0.));
#437 = ( GEOMETRIC_REPRESENTATION_CONTEXT(2) 
PARAMETRIC_REPRESENTATION_CONTEXT() REPRESENTATION_CONTEXT('2D SPACE',''
  ) );
#438 = FACE_BOUND('',#439,.F.);
#439 = EDGE_LOOP('',(#440));
#440 = ORIENTED_EDGE('',*,*,#441,.F.);
#441 = EDGE_CURVE('',#442,#442,#444,.T.);
#442 = VERTEX_POINT('',#443);
#443 = CARTESIAN_POINT('',(-54.,0.,-15.));
#444 = SURFACE_CURVE('',#445,(#450,#457),.PCURVE_S1.);
#445 = CIRCLE('',#446,15.);
#446 = AXIS2_PLACEMENT_3D('',#447,#448,#449);
#447 = CARTESIAN_POINT('',(-54.,0.,0.));
#448 = DIRECTION('',(0.,-1.,0.));
#449 = DIRECTION('',(0.,-0.,-1.));
#450 = PCURVE('',#128,#451);
#451 = DEFINITIONAL_REPRESENTATION('',(#452),#456);
#452 = CIRCLE('',#453,15.);
#453 = AXIS2_PLACEMENT_2D('',#454,#455);
#454 = CARTESIAN_POINT('',(0.,-1.846063891983E-16));
#455 = DIRECTION('',(0.,-1.));
#456 = ( GEOMETRIC_REPRESENTATION_CONTEXT(2) 
PARAMETRIC_REPRESENTATION_CONTEXT() REPRESENTATION_CONTEXT('2D SPACE',''
  ) );
#457 = PCURVE('',#458,#463);
#458 = CYLINDRICAL_SURFACE('',#459,15.);
#459 = AXIS2_PLACEMENT_3D('',#460,#461,#462);
#460 = CARTESIAN_POINT('',(-54.,0.,0.));
#461 = DIRECTION('',(0.,-1.,0.));
#462 = DIRECTION('',(0.,-0.,-1.));
#463 = DEFINITIONAL_REPRESENTATION('',(#464),#468);
#464 = LINE('',#465,#466);
#465 = CARTESIAN_POINT('',(0.,0.));
#466 = VECTOR('',#467,1.);
#467 = DIRECTION('',(1.,0.));
#468 = ( GEOMETRIC_REPRESENTATION_CONTEXT(2) 
PARAMETRIC_REPRESENTATION_CONTEXT() REPRESENTATION_CONTEXT('2D SPACE',''
  ) );
#469 = FACE_BOUND('',#470,.F.);
#470 = EDGE_LOOP('',(#471));
#471 = ORIENTED_EDGE('',*,*,#472,.F.);
#472 = EDGE_CURVE('',#473,#473,#475,.T.);
#473 = VERTEX_POINT('',#474);
#474 = CARTESIAN_POINT('',(25.,-4.440892098501E-16,5.438524293788E-32));
#475 = SURFACE_CURVE('',#476,(#481,#488),.PCURVE_S1.);
#476 = CIRCLE('',#477,25.);
#477 = AXIS2_PLACEMENT_3D('',#478,#479,#480);
#478 = CARTESIAN_POINT('',(0.,-4.440892098501E-16,5.438524293788E-32));
#479 = DIRECTION('',(0.,-1.,1.224646799147E-16));
#480 = DIRECTION('',(1.,0.,0.));
#481 = PCURVE('',#128,#482);
#482 = DEFINITIONAL_REPRESENTATION('',(#483),#487);
#483 = CIRCLE('',#484,25.);
#484 = AXIS2_PLACEMENT_2D('',#485,#486);
#485 = CARTESIAN_POINT('',(54.,-1.846063891983E-16));
#486 = DIRECTION('',(1.,0.));
#487 = ( GEOMETRIC_REPRESENTATION_CONTEXT(2) 
PARAMETRIC_REPRESENTATION_CONTEXT() REPRESENTATION_CONTEXT('2D SPACE',''
  ) );
#488 = PCURVE('',#489,#494);
#489 = TOROIDAL_SURFACE('',#490,25.,5.);
#490 = AXIS2_PLACEMENT_3D('',#491,#492,#493);
#491 = CARTESIAN_POINT('',(0.,5.,-6.123233995737E-16));
#492 = DIRECTION('',(0.,-1.,1.224646799147E-16));
#493 = DIRECTION('',(1.,0.,0.));
#494 = DEFINITIONAL_REPRESENTATION('',(#495),#499);
#495 = LINE('',#496,#497);
#496 = CARTESIAN_POINT('',(0.,1.570796326795));
#497 = VECTOR('',#498,1.);
#498 = DIRECTION('',(1.,0.));
#499 = ( GEOMETRIC_REPRESENTATION_CONTEXT(2) 
PARAMETRIC_REPRESENTATION_CONTEXT() REPRESENTATION_CONTEXT('2D SPACE',''
  ) );
#500 = FACE_BOUND('',#501,.F.);
#501 = EDGE_LOOP('',(#502));
#502 = ORIENTED_EDGE('',*,*,#503,.F.);
#503 = EDGE_CURVE('',#504,#504,#506,.T.);
#504 = VERTEX_POINT('',#505);
#505 = CARTESIAN_POINT('',(54.,0.,-15.));
#506 = SURFACE_CURVE('',#507,(#512,#519),.PCURVE_S1.);
#507 = CIRCLE('',#508,15.);
#508 = AXIS2_PLACEMENT_3D('',#509,#510,#511);
#509 = CARTESIAN_POINT('',(54.,0.,0.));
#510 = DIRECTION('',(0.,-1.,0.));
#511 = DIRECTION('',(0.,-0.,-1.));
#512 = PCURVE('',#128,#513);
#513 = DEFINITIONAL_REPRESENTATION('',(#514),#518);
#514 = CIRCLE('',#515,15.);
#515 = AXIS2_PLACEMENT_2D('',#516,#517);
#516 = CARTESIAN_POINT('',(108.,-1.846063891983E-16));
#517 = DIRECTION('',(0.,-1.));
#518 = ( GEOMETRIC_REPRESENTATION_CONTEXT(2) 
PARAMETRIC_REPRESENTATION_CONTEXT() REPRESENTATION_CONTEXT('2D SPACE',''
  ) );
#519 = PCURVE('',#520,#525);
#520 = CYLINDRICAL_SURFACE('',#521,15.);
#521 = AXIS2_PLACEMENT_3D('',#522,#523,#524);
#522 = CARTESIAN_POINT('',(54.,0.,0.));
#523 = DIRECTION('',(0.,-1.,0.));
#524 = DIRECTION('',(0.,-0.,-1.));
#525 = DEFINITIONAL_REPRESENTATION('',(#526),#530);
#526 = LINE('',#527,#528);
#527 = CARTESIAN_POINT('',(0.,0.));
#528 = VECTOR('',#529,1.);
#529 = DIRECTION('',(1.,0.));
#530 = ( GEOMETRIC_REPRESENTATION_CONTEXT(2) 
PARAMETRIC_REPRESENTATION_CONTEXT() REPRESENTATION_CONTEXT('2D SPACE',''
  ) );
#531 = ADVANCED_FACE('',(#532,#657,#683,#718),#73,.T.);
#532 = FACE_BOUND('',#533,.T.);
#533 = EDGE_LOOP('',(#534,#535,#536,#537,#561,#584,#612,#635));
#534 = ORIENTED_EDGE('',*,*,#172,.T.);
#535 = ORIENTED_EDGE('',*,*,#56,.T.);
#536 = ORIENTED_EDGE('',*,*,#219,.T.);
#537 = ORIENTED_EDGE('',*,*,#538,.T.);
#538 = EDGE_CURVE('',#220,#539,#541,.T.);
#539 = VERTEX_POINT('',#540);
#540 = CARTESIAN_POINT('',(3.310185185185,-30.,-27.30004897504));
#541 = SURFACE_CURVE('',#542,(#547,#554),.PCURVE_S1.);
#542 = CIRCLE('',#543,27.5);
#543 = AXIS2_PLACEMENT_3D('',#544,#545,#546);
#544 = CARTESIAN_POINT('',(0.,-30.,0.));
#545 = DIRECTION('',(0.,-1.,-0.));
#546 = DIRECTION('',(-0.12037037037,0.,-0.992729053638));
#547 = PCURVE('',#73,#548);
#548 = DEFINITIONAL_REPRESENTATION('',(#549),#553);
#549 = CIRCLE('',#550,27.5);
#550 = AXIS2_PLACEMENT_2D('',#551,#552);
#551 = CARTESIAN_POINT('',(54.,-1.846063891983E-16));
#552 = DIRECTION('',(-0.12037037037,-0.992729053638));
#553 = ( GEOMETRIC_REPRESENTATION_CONTEXT(2) 
PARAMETRIC_REPRESENTATION_CONTEXT() REPRESENTATION_CONTEXT('2D SPACE',''
  ) );
#554 = PCURVE('',#258,#555);
#555 = DEFINITIONAL_REPRESENTATION('',(#556),#560);
#556 = LINE('',#557,#558);
#557 = CARTESIAN_POINT('',(-4.591726023382,-30.));
#558 = VECTOR('',#559,1.);
#559 = DIRECTION('',(-1.,0.));
#560 = ( GEOMETRIC_REPRESENTATION_CONTEXT(2) 
PARAMETRIC_REPRESENTATION_CONTEXT() REPRESENTATION_CONTEXT('2D SPACE',''
  ) );
#561 = ORIENTED_EDGE('',*,*,#562,.F.);
#562 = EDGE_CURVE('',#563,#539,#565,.T.);
#563 = VERTEX_POINT('',#564);
#564 = CARTESIAN_POINT('',(56.527777777778,-30.,-20.84731012639));
#565 = SURFACE_CURVE('',#566,(#570,#577),.PCURVE_S1.);
#566 = LINE('',#567,#568);
#567 = CARTESIAN_POINT('',(56.527777777778,-30.,-20.84731012639));
#568 = VECTOR('',#569,1.);
#569 = DIRECTION('',(-0.992729053638,-0.,-0.12037037037));
#570 = PCURVE('',#73,#571);
#571 = DEFINITIONAL_REPRESENTATION('',(#572),#576);
#572 = LINE('',#573,#574);
#573 = CARTESIAN_POINT('',(110.52777777777,-20.84731012639));
#574 = VECTOR('',#575,1.);
#575 = DIRECTION('',(-0.992729053638,-0.12037037037));
#576 = ( GEOMETRIC_REPRESENTATION_CONTEXT(2) 
PARAMETRIC_REPRESENTATION_CONTEXT() REPRESENTATION_CONTEXT('2D SPACE',''
  ) );
#577 = PCURVE('',#340,#578);
#578 = DEFINITIONAL_REPRESENTATION('',(#579),#583);
#579 = LINE('',#580,#581);
#580 = CARTESIAN_POINT('',(-0.,-30.));
#581 = VECTOR('',#582,1.);
#582 = DIRECTION('',(-1.,0.));
#583 = ( GEOMETRIC_REPRESENTATION_CONTEXT(2) 
PARAMETRIC_REPRESENTATION_CONTEXT() REPRESENTATION_CONTEXT('2D SPACE',''
  ) );
#584 = ORIENTED_EDGE('',*,*,#585,.F.);
#585 = EDGE_CURVE('',#586,#563,#588,.T.);
#586 = VERTEX_POINT('',#587);
#587 = CARTESIAN_POINT('',(56.527777777778,-30.,20.847310126397));
#588 = SURFACE_CURVE('',#589,(#594,#605),.PCURVE_S1.);
#589 = CIRCLE('',#590,21.);
#590 = AXIS2_PLACEMENT_3D('',#591,#592,#593);
#591 = CARTESIAN_POINT('',(54.,-30.,0.));
#592 = DIRECTION('',(-0.,1.,0.));
#593 = DIRECTION('',(-1.,-0.,-0.));
#594 = PCURVE('',#73,#595);
#595 = DEFINITIONAL_REPRESENTATION('',(#596),#604);
#596 = ( BOUNDED_CURVE() B_SPLINE_CURVE(2,(#597,#598,#599,#600,#601,#602
,#603),.UNSPECIFIED.,.T.,.F.) B_SPLINE_CURVE_WITH_KNOTS((1,2,2,2,2,1),(
    -2.094395102393,0.,2.094395102393,4.188790204786,6.28318530718,
8.377580409573),.UNSPECIFIED.) CURVE() GEOMETRIC_REPRESENTATION_ITEM() 
RATIONAL_B_SPLINE_CURVE((1.,0.5,1.,0.5,1.,0.5,1.)) REPRESENTATION_ITEM(
  '') );
#597 = CARTESIAN_POINT('',(87.,-1.846063891983E-16));
#598 = CARTESIAN_POINT('',(87.,36.373066958946));
#599 = CARTESIAN_POINT('',(118.5,18.186533479473));
#600 = CARTESIAN_POINT('',(150.,4.958910167221E-15));
#601 = CARTESIAN_POINT('',(118.5,-18.18653347947));
#602 = CARTESIAN_POINT('',(87.,-36.37306695894));
#603 = CARTESIAN_POINT('',(87.,-1.846063891983E-16));
#604 = ( GEOMETRIC_REPRESENTATION_CONTEXT(2) 
PARAMETRIC_REPRESENTATION_CONTEXT() REPRESENTATION_CONTEXT('2D SPACE',''
  ) );
#605 = PCURVE('',#373,#606);
#606 = DEFINITIONAL_REPRESENTATION('',(#607),#611);
#607 = LINE('',#608,#609);
#608 = CARTESIAN_POINT('',(0.,-30.));
#609 = VECTOR('',#610,1.);
#610 = DIRECTION('',(1.,0.));
#611 = ( GEOMETRIC_REPRESENTATION_CONTEXT(2) 
PARAMETRIC_REPRESENTATION_CONTEXT() REPRESENTATION_CONTEXT('2D SPACE',''
  ) );
#612 = ORIENTED_EDGE('',*,*,#613,.F.);
#613 = EDGE_CURVE('',#614,#586,#616,.T.);
#614 = VERTEX_POINT('',#615);
#615 = CARTESIAN_POINT('',(3.310185185185,-30.,27.300048975044));
#616 = SURFACE_CURVE('',#617,(#621,#628),.PCURVE_S1.);
#617 = LINE('',#618,#619);
#618 = CARTESIAN_POINT('',(3.310185185185,-30.,27.300048975044));
#619 = VECTOR('',#620,1.);
#620 = DIRECTION('',(0.992729053638,-0.,-0.12037037037));
#621 = PCURVE('',#73,#622);
#622 = DEFINITIONAL_REPRESENTATION('',(#623),#627);
#623 = LINE('',#624,#625);
#624 = CARTESIAN_POINT('',(57.310185185185,27.300048975044));
#625 = VECTOR('',#626,1.);
#626 = DIRECTION('',(0.992729053638,-0.12037037037));
#627 = ( GEOMETRIC_REPRESENTATION_CONTEXT(2) 
PARAMETRIC_REPRESENTATION_CONTEXT() REPRESENTATION_CONTEXT('2D SPACE',''
  ) );
#628 = PCURVE('',#401,#629);
#629 = DEFINITIONAL_REPRESENTATION('',(#630),#634);
#630 = LINE('',#631,#632);
#631 = CARTESIAN_POINT('',(-0.,-30.));
#632 = VECTOR('',#633,1.);
#633 = DIRECTION('',(-1.,0.));
#634 = ( GEOMETRIC_REPRESENTATION_CONTEXT(2) 
PARAMETRIC_REPRESENTATION_CONTEXT() REPRESENTATION_CONTEXT('2D SPACE',''
  ) );
#635 = ORIENTED_EDGE('',*,*,#636,.T.);
#636 = EDGE_CURVE('',#614,#146,#637,.T.);
#637 = SURFACE_CURVE('',#638,(#643,#650),.PCURVE_S1.);
#638 = CIRCLE('',#639,27.5);
#639 = AXIS2_PLACEMENT_3D('',#640,#641,#642);
#640 = CARTESIAN_POINT('',(0.,-30.,0.));
#641 = DIRECTION('',(0.,-1.,-0.));
#642 = DIRECTION('',(-0.12037037037,0.,-0.992729053638));
#643 = PCURVE('',#73,#644);
#644 = DEFINITIONAL_REPRESENTATION('',(#645),#649);
#645 = CIRCLE('',#646,27.5);
#646 = AXIS2_PLACEMENT_2D('',#647,#648);
#647 = CARTESIAN_POINT('',(54.,-1.846063891983E-16));
#648 = DIRECTION('',(-0.12037037037,-0.992729053638));
#649 = ( GEOMETRIC_REPRESENTATION_CONTEXT(2) 
PARAMETRIC_REPRESENTATION_CONTEXT() REPRESENTATION_CONTEXT('2D SPACE',''
  ) );
#650 = PCURVE('',#161,#651);
#651 = DEFINITIONAL_REPRESENTATION('',(#652),#656);
#652 = LINE('',#653,#654);
#653 = CARTESIAN_POINT('',(-4.591726023382,-30.));
#654 = VECTOR('',#655,1.);
#655 = DIRECTION('',(-1.,0.));
#656 = ( GEOMETRIC_REPRESENTATION_CONTEXT(2) 
PARAMETRIC_REPRESENTATION_CONTEXT() REPRESENTATION_CONTEXT('2D SPACE',''
  ) );
#657 = FACE_BOUND('',#658,.T.);
#658 = EDGE_LOOP('',(#659));
#659 = ORIENTED_EDGE('',*,*,#660,.F.);
#660 = EDGE_CURVE('',#661,#661,#663,.T.);
#661 = VERTEX_POINT('',#662);
#662 = CARTESIAN_POINT('',(-54.,-30.,-15.));
#663 = SURFACE_CURVE('',#664,(#669,#676),.PCURVE_S1.);
#664 = CIRCLE('',#665,15.);
#665 = AXIS2_PLACEMENT_3D('',#666,#667,#668);
#666 = CARTESIAN_POINT('',(-54.,-30.,0.));
#667 = DIRECTION('',(0.,-1.,0.));
#668 = DIRECTION('',(0.,-0.,-1.));
#669 = PCURVE('',#73,#670);
#670 = DEFINITIONAL_REPRESENTATION('',(#671),#675);
#671 = CIRCLE('',#672,15.);
#672 = AXIS2_PLACEMENT_2D('',#673,#674);
#673 = CARTESIAN_POINT('',(0.,-1.846063891983E-16));
#674 = DIRECTION('',(0.,-1.));
#675 = ( GEOMETRIC_REPRESENTATION_CONTEXT(2) 
PARAMETRIC_REPRESENTATION_CONTEXT() REPRESENTATION_CONTEXT('2D SPACE',''
  ) );
#676 = PCURVE('',#458,#677);
#677 = DEFINITIONAL_REPRESENTATION('',(#678),#682);
#678 = LINE('',#679,#680);
#679 = CARTESIAN_POINT('',(0.,30.));
#680 = VECTOR('',#681,1.);
#681 = DIRECTION('',(1.,0.));
#682 = ( GEOMETRIC_REPRESENTATION_CONTEXT(2) 
PARAMETRIC_REPRESENTATION_CONTEXT() REPRESENTATION_CONTEXT('2D SPACE',''
  ) );
#683 = FACE_BOUND('',#684,.T.);
#684 = EDGE_LOOP('',(#685));
#685 = ORIENTED_EDGE('',*,*,#686,.T.);
#686 = EDGE_CURVE('',#687,#687,#689,.T.);
#687 = VERTEX_POINT('',#688);
#688 = CARTESIAN_POINT('',(-3.266133013326E-15,-30.,13.335));
#689 = SURFACE_CURVE('',#690,(#695,#706),.PCURVE_S1.);
#690 = CIRCLE('',#691,13.335);
#691 = AXIS2_PLACEMENT_3D('',#692,#693,#694);
#692 = CARTESIAN_POINT('',(0.,-30.,0.));
#693 = DIRECTION('',(0.,1.,0.));
#694 = DIRECTION('',(0.,-0.,1.));
#695 = PCURVE('',#73,#696);
#696 = DEFINITIONAL_REPRESENTATION('',(#697),#705);
#697 = ( BOUNDED_CURVE() B_SPLINE_CURVE(2,(#698,#699,#700,#701,#702,#703
,#704),.UNSPECIFIED.,.T.,.F.) B_SPLINE_CURVE_WITH_KNOTS((1,2,2,2,2,1),(
    -2.094395102393,0.,2.094395102393,4.188790204786,6.28318530718,
8.377580409573),.UNSPECIFIED.) CURVE() GEOMETRIC_REPRESENTATION_ITEM() 
RATIONAL_B_SPLINE_CURVE((1.,0.5,1.,0.5,1.,0.5,1.)) REPRESENTATION_ITEM(
  '') );
#698 = CARTESIAN_POINT('',(54.,13.335));
#699 = CARTESIAN_POINT('',(77.096897518931,13.335));
#700 = CARTESIAN_POINT('',(65.548448759465,-6.6675));
#701 = CARTESIAN_POINT('',(54.,-26.67));
#702 = CARTESIAN_POINT('',(42.451551240535,-6.6675));
#703 = CARTESIAN_POINT('',(30.903102481069,13.335));
#704 = CARTESIAN_POINT('',(54.,13.335));
#705 = ( GEOMETRIC_REPRESENTATION_CONTEXT(2) 
PARAMETRIC_REPRESENTATION_CONTEXT() REPRESENTATION_CONTEXT('2D SPACE',''
  ) );
#706 = PCURVE('',#707,#712);
#707 = CYLINDRICAL_SURFACE('',#708,13.335);
#708 = AXIS2_PLACEMENT_3D('',#709,#710,#711);
#709 = CARTESIAN_POINT('',(0.,-30.,0.));
#710 = DIRECTION('',(0.,1.,0.));
#711 = DIRECTION('',(0.,-0.,1.));
#712 = DEFINITIONAL_REPRESENTATION('',(#713),#717);
#713 = LINE('',#714,#715);
#714 = CARTESIAN_POINT('',(0.,0.));
#715 = VECTOR('',#716,1.);
#716 = DIRECTION('',(1.,0.));
#717 = ( GEOMETRIC_REPRESENTATION_CONTEXT(2) 
PARAMETRIC_REPRESENTATION_CONTEXT() REPRESENTATION_CONTEXT('2D SPACE',''
  ) );
#718 = FACE_BOUND('',#719,.T.);
#719 = EDGE_LOOP('',(#720));
#720 = ORIENTED_EDGE('',*,*,#721,.F.);
#721 = EDGE_CURVE('',#722,#722,#724,.T.);
#722 = VERTEX_POINT('',#723);
#723 = CARTESIAN_POINT('',(54.,-30.,-15.));
#724 = SURFACE_CURVE('',#725,(#730,#737),.PCURVE_S1.);
#725 = CIRCLE('',#726,15.);
#726 = AXIS2_PLACEMENT_3D('',#727,#728,#729);
#727 = CARTESIAN_POINT('',(54.,-30.,0.));
#728 = DIRECTION('',(0.,-1.,0.));
#729 = DIRECTION('',(0.,-0.,-1.));
#730 = PCURVE('',#73,#731);
#731 = DEFINITIONAL_REPRESENTATION('',(#732),#736);
#732 = CIRCLE('',#733,15.);
#733 = AXIS2_PLACEMENT_2D('',#734,#735);
#734 = CARTESIAN_POINT('',(108.,-1.846063891983E-16));
#735 = DIRECTION('',(0.,-1.));
#736 = ( GEOMETRIC_REPRESENTATION_CONTEXT(2) 
PARAMETRIC_REPRESENTATION_CONTEXT() REPRESENTATION_CONTEXT('2D SPACE',''
  ) );
#737 = PCURVE('',#520,#738);
#738 = DEFINITIONAL_REPRESENTATION('',(#739),#743);
#739 = LINE('',#740,#741);
#740 = CARTESIAN_POINT('',(0.,30.));
#741 = VECTOR('',#742,1.);
#742 = DIRECTION('',(1.,0.));
#743 = ( GEOMETRIC_REPRESENTATION_CONTEXT(2) 
PARAMETRIC_REPRESENTATION_CONTEXT() REPRESENTATION_CONTEXT('2D SPACE',''
  ) );
#744 = ADVANCED_FACE('',(#745),#161,.T.);
#745 = FACE_BOUND('',#746,.F.);
#746 = EDGE_LOOP('',(#747,#748,#749,#770));
#747 = ORIENTED_EDGE('',*,*,#143,.F.);
#748 = ORIENTED_EDGE('',*,*,#413,.T.);
#749 = ORIENTED_EDGE('',*,*,#750,.T.);
#750 = EDGE_CURVE('',#386,#614,#751,.T.);
#751 = SURFACE_CURVE('',#752,(#756,#763),.PCURVE_S1.);
#752 = LINE('',#753,#754);
#753 = CARTESIAN_POINT('',(3.310185185185,0.,27.300048975044));
#754 = VECTOR('',#755,1.);
#755 = DIRECTION('',(-0.,-1.,-0.));
#756 = PCURVE('',#161,#757);
#757 = DEFINITIONAL_REPRESENTATION('',(#758),#762);
#758 = LINE('',#759,#760);
#759 = CARTESIAN_POINT('',(-7.733318676972,0.));
#760 = VECTOR('',#761,1.);
#761 = DIRECTION('',(-0.,-1.));
#762 = ( GEOMETRIC_REPRESENTATION_CONTEXT(2) 
PARAMETRIC_REPRESENTATION_CONTEXT() REPRESENTATION_CONTEXT('2D SPACE',''
  ) );
#763 = PCURVE('',#401,#764);
#764 = DEFINITIONAL_REPRESENTATION('',(#765),#769);
#765 = LINE('',#766,#767);
#766 = CARTESIAN_POINT('',(5.290323132303E-15,-0.));
#767 = VECTOR('',#768,1.);
#768 = DIRECTION('',(-0.,-1.));
#769 = ( GEOMETRIC_REPRESENTATION_CONTEXT(2) 
PARAMETRIC_REPRESENTATION_CONTEXT() REPRESENTATION_CONTEXT('2D SPACE',''
  ) );
#770 = ORIENTED_EDGE('',*,*,#636,.T.);
#771 = ADVANCED_FACE('',(#772),#258,.T.);
#772 = FACE_BOUND('',#773,.F.);
#773 = EDGE_LOOP('',(#774,#795,#796,#797));
#774 = ORIENTED_EDGE('',*,*,#775,.F.);
#775 = EDGE_CURVE('',#297,#539,#776,.T.);
#776 = SURFACE_CURVE('',#777,(#781,#788),.PCURVE_S1.);
#777 = LINE('',#778,#779);
#778 = CARTESIAN_POINT('',(3.310185185185,0.,-27.30004897504));
#779 = VECTOR('',#780,1.);
#780 = DIRECTION('',(-0.,-1.,-0.));
#781 = PCURVE('',#258,#782);
#782 = DEFINITIONAL_REPRESENTATION('',(#783),#787);
#783 = LINE('',#784,#785);
#784 = CARTESIAN_POINT('',(-4.833051937387,0.));
#785 = VECTOR('',#786,1.);
#786 = DIRECTION('',(-0.,-1.));
#787 = ( GEOMETRIC_REPRESENTATION_CONTEXT(2) 
PARAMETRIC_REPRESENTATION_CONTEXT() REPRESENTATION_CONTEXT('2D SPACE',''
  ) );
#788 = PCURVE('',#340,#789);
#789 = DEFINITIONAL_REPRESENTATION('',(#790),#794);
#790 = LINE('',#791,#792);
#791 = CARTESIAN_POINT('',(-53.60736889644,0.));
#792 = VECTOR('',#793,1.);
#793 = DIRECTION('',(-0.,-1.));
#794 = ( GEOMETRIC_REPRESENTATION_CONTEXT(2) 
PARAMETRIC_REPRESENTATION_CONTEXT() REPRESENTATION_CONTEXT('2D SPACE',''
  ) );
#795 = ORIENTED_EDGE('',*,*,#296,.T.);
#796 = ORIENTED_EDGE('',*,*,#242,.T.);
#797 = ORIENTED_EDGE('',*,*,#538,.T.);
#798 = ADVANCED_FACE('',(#799),#401,.F.);
#799 = FACE_BOUND('',#800,.T.);
#800 = EDGE_LOOP('',(#801,#802,#803,#824));
#801 = ORIENTED_EDGE('',*,*,#750,.T.);
#802 = ORIENTED_EDGE('',*,*,#613,.T.);
#803 = ORIENTED_EDGE('',*,*,#804,.F.);
#804 = EDGE_CURVE('',#353,#586,#805,.T.);
#805 = SURFACE_CURVE('',#806,(#810,#817),.PCURVE_S1.);
#806 = LINE('',#807,#808);
#807 = CARTESIAN_POINT('',(56.527777777778,0.,20.847310126397));
#808 = VECTOR('',#809,1.);
#809 = DIRECTION('',(-0.,-1.,-0.));
#810 = PCURVE('',#401,#811);
#811 = DEFINITIONAL_REPRESENTATION('',(#812),#816);
#812 = LINE('',#813,#814);
#813 = CARTESIAN_POINT('',(-53.60736889644,0.));
#814 = VECTOR('',#815,1.);
#815 = DIRECTION('',(-0.,-1.));
#816 = ( GEOMETRIC_REPRESENTATION_CONTEXT(2) 
PARAMETRIC_REPRESENTATION_CONTEXT() REPRESENTATION_CONTEXT('2D SPACE',''
  ) );
#817 = PCURVE('',#373,#818);
#818 = DEFINITIONAL_REPRESENTATION('',(#819),#823);
#819 = LINE('',#820,#821);
#820 = CARTESIAN_POINT('',(1.691459283797,0.));
#821 = VECTOR('',#822,1.);
#822 = DIRECTION('',(0.,-1.));
#823 = ( GEOMETRIC_REPRESENTATION_CONTEXT(2) 
PARAMETRIC_REPRESENTATION_CONTEXT() REPRESENTATION_CONTEXT('2D SPACE',''
  ) );
#824 = ORIENTED_EDGE('',*,*,#385,.F.);
#825 = ADVANCED_FACE('',(#826),#373,.T.);
#826 = FACE_BOUND('',#827,.T.);
#827 = EDGE_LOOP('',(#828,#829,#830,#851));
#828 = ORIENTED_EDGE('',*,*,#804,.T.);
#829 = ORIENTED_EDGE('',*,*,#585,.T.);
#830 = ORIENTED_EDGE('',*,*,#831,.F.);
#831 = EDGE_CURVE('',#325,#563,#832,.T.);
#832 = SURFACE_CURVE('',#833,(#837,#844),.PCURVE_S1.);
#833 = LINE('',#834,#835);
#834 = CARTESIAN_POINT('',(56.527777777778,0.,-20.84731012639));
#835 = VECTOR('',#836,1.);
#836 = DIRECTION('',(-0.,-1.,-0.));
#837 = PCURVE('',#373,#838);
#838 = DEFINITIONAL_REPRESENTATION('',(#839),#843);
#839 = LINE('',#840,#841);
#840 = CARTESIAN_POINT('',(4.591726023382,0.));
#841 = VECTOR('',#842,1.);
#842 = DIRECTION('',(0.,-1.));
#843 = ( GEOMETRIC_REPRESENTATION_CONTEXT(2) 
PARAMETRIC_REPRESENTATION_CONTEXT() REPRESENTATION_CONTEXT('2D SPACE',''
  ) );
#844 = PCURVE('',#340,#845);
#845 = DEFINITIONAL_REPRESENTATION('',(#846),#850);
#846 = LINE('',#847,#848);
#847 = CARTESIAN_POINT('',(0.,-0.));
#848 = VECTOR('',#849,1.);
#849 = DIRECTION('',(-0.,-1.));
#850 = ( GEOMETRIC_REPRESENTATION_CONTEXT(2) 
PARAMETRIC_REPRESENTATION_CONTEXT() REPRESENTATION_CONTEXT('2D SPACE',''
  ) );
#851 = ORIENTED_EDGE('',*,*,#352,.F.);
#852 = ADVANCED_FACE('',(#853),#340,.F.);
#853 = FACE_BOUND('',#854,.T.);
#854 = EDGE_LOOP('',(#855,#856,#857,#858));
#855 = ORIENTED_EDGE('',*,*,#831,.T.);
#856 = ORIENTED_EDGE('',*,*,#562,.T.);
#857 = ORIENTED_EDGE('',*,*,#775,.F.);
#858 = ORIENTED_EDGE('',*,*,#324,.F.);
#859 = ADVANCED_FACE('',(#860),#458,.F.);
#860 = FACE_BOUND('',#861,.F.);
#861 = EDGE_LOOP('',(#862,#863,#884,#885));
#862 = ORIENTED_EDGE('',*,*,#660,.F.);
#863 = ORIENTED_EDGE('',*,*,#864,.F.);
#864 = EDGE_CURVE('',#442,#661,#865,.T.);
#865 = SEAM_CURVE('',#866,(#870,#877),.PCURVE_S1.);
#866 = LINE('',#867,#868);
#867 = CARTESIAN_POINT('',(-54.,0.,-15.));
#868 = VECTOR('',#869,1.);
#869 = DIRECTION('',(0.,-1.,0.));
#870 = PCURVE('',#458,#871);
#871 = DEFINITIONAL_REPRESENTATION('',(#872),#876);
#872 = LINE('',#873,#874);
#873 = CARTESIAN_POINT('',(6.28318530718,-0.));
#874 = VECTOR('',#875,1.);
#875 = DIRECTION('',(0.,1.));
#876 = ( GEOMETRIC_REPRESENTATION_CONTEXT(2) 
PARAMETRIC_REPRESENTATION_CONTEXT() REPRESENTATION_CONTEXT('2D SPACE',''
  ) );
#877 = PCURVE('',#458,#878);
#878 = DEFINITIONAL_REPRESENTATION('',(#879),#883);
#879 = LINE('',#880,#881);
#880 = CARTESIAN_POINT('',(0.,-0.));
#881 = VECTOR('',#882,1.);
#882 = DIRECTION('',(0.,1.));
#883 = ( GEOMETRIC_REPRESENTATION_CONTEXT(2) 
PARAMETRIC_REPRESENTATION_CONTEXT() REPRESENTATION_CONTEXT('2D SPACE',''
  ) );
#884 = ORIENTED_EDGE('',*,*,#441,.T.);
#885 = ORIENTED_EDGE('',*,*,#864,.T.);
#886 = ADVANCED_FACE('',(#887),#489,.F.);
#887 = FACE_BOUND('',#888,.F.);
#888 = EDGE_LOOP('',(#889,#913,#914,#915,#944));
#889 = ORIENTED_EDGE('',*,*,#890,.F.);
#890 = EDGE_CURVE('',#473,#891,#893,.T.);
#891 = VERTEX_POINT('',#892);
#892 = CARTESIAN_POINT('',(20.,5.,-6.123233995737E-16));
#893 = SEAM_CURVE('',#894,(#899,#906),.PCURVE_S1.);
#894 = CIRCLE('',#895,5.);
#895 = AXIS2_PLACEMENT_3D('',#896,#897,#898);
#896 = CARTESIAN_POINT('',(25.,5.,-6.123233995737E-16));
#897 = DIRECTION('',(0.,-1.224646799147E-16,-1.));
#898 = DIRECTION('',(0.,-1.,1.224646799147E-16));
#899 = PCURVE('',#489,#900);
#900 = DEFINITIONAL_REPRESENTATION('',(#901),#905);
#901 = LINE('',#902,#903);
#902 = CARTESIAN_POINT('',(0.,1.570796326795));
#903 = VECTOR('',#904,1.);
#904 = DIRECTION('',(0.,1.));
#905 = ( GEOMETRIC_REPRESENTATION_CONTEXT(2) 
PARAMETRIC_REPRESENTATION_CONTEXT() REPRESENTATION_CONTEXT('2D SPACE',''
  ) );
#906 = PCURVE('',#489,#907);
#907 = DEFINITIONAL_REPRESENTATION('',(#908),#912);
#908 = LINE('',#909,#910);
#909 = CARTESIAN_POINT('',(6.28318530718,1.570796326795));
#910 = VECTOR('',#911,1.);
#911 = DIRECTION('',(0.,1.));
#912 = ( GEOMETRIC_REPRESENTATION_CONTEXT(2) 
PARAMETRIC_REPRESENTATION_CONTEXT() REPRESENTATION_CONTEXT('2D SPACE',''
  ) );
#913 = ORIENTED_EDGE('',*,*,#472,.T.);
#914 = ORIENTED_EDGE('',*,*,#890,.T.);
#915 = ORIENTED_EDGE('',*,*,#916,.F.);
#916 = EDGE_CURVE('',#917,#891,#919,.T.);
#917 = VERTEX_POINT('',#918);
#918 = CARTESIAN_POINT('',(-3.104789710445E-13,5.,20.));
#919 = SURFACE_CURVE('',#920,(#925,#932),.PCURVE_S1.);
#920 = CIRCLE('',#921,20.);
#921 = AXIS2_PLACEMENT_3D('',#922,#923,#924);
#922 = CARTESIAN_POINT('',(0.,5.,-6.123233995737E-16));
#923 = DIRECTION('',(0.,-1.,1.224646799147E-16));
#924 = DIRECTION('',(1.,0.,0.));
#925 = PCURVE('',#489,#926);
#926 = DEFINITIONAL_REPRESENTATION('',(#927),#931);
#927 = LINE('',#928,#929);
#928 = CARTESIAN_POINT('',(0.,3.14159265359));
#929 = VECTOR('',#930,1.);
#930 = DIRECTION('',(1.,0.));
#931 = ( GEOMETRIC_REPRESENTATION_CONTEXT(2) 
PARAMETRIC_REPRESENTATION_CONTEXT() REPRESENTATION_CONTEXT('2D SPACE',''
  ) );
#932 = PCURVE('',#933,#938);
#933 = CYLINDRICAL_SURFACE('',#934,20.);
#934 = AXIS2_PLACEMENT_3D('',#935,#936,#937);
#935 = CARTESIAN_POINT('',(0.,0.,0.));
#936 = DIRECTION('',(0.,1.,0.));
#937 = DIRECTION('',(0.,-0.,1.));
#938 = DEFINITIONAL_REPRESENTATION('',(#939),#943);
#939 = LINE('',#940,#941);
#940 = CARTESIAN_POINT('',(7.853981633974,5.));
#941 = VECTOR('',#942,1.);
#942 = DIRECTION('',(-1.,0.));
#943 = ( GEOMETRIC_REPRESENTATION_CONTEXT(2) 
PARAMETRIC_REPRESENTATION_CONTEXT() REPRESENTATION_CONTEXT('2D SPACE',''
  ) );
#944 = ORIENTED_EDGE('',*,*,#945,.F.);
#945 = EDGE_CURVE('',#891,#917,#946,.T.);
#946 = SURFACE_CURVE('',#947,(#952,#959),.PCURVE_S1.);
#947 = CIRCLE('',#948,20.);
#948 = AXIS2_PLACEMENT_3D('',#949,#950,#951);
#949 = CARTESIAN_POINT('',(0.,5.,-6.123233995737E-16));
#950 = DIRECTION('',(0.,-1.,1.224646799147E-16));
#951 = DIRECTION('',(1.,0.,0.));
#952 = PCURVE('',#489,#953);
#953 = DEFINITIONAL_REPRESENTATION('',(#954),#958);
#954 = LINE('',#955,#956);
#955 = CARTESIAN_POINT('',(0.,3.14159265359));
#956 = VECTOR('',#957,1.);
#957 = DIRECTION('',(1.,0.));
#958 = ( GEOMETRIC_REPRESENTATION_CONTEXT(2) 
PARAMETRIC_REPRESENTATION_CONTEXT() REPRESENTATION_CONTEXT('2D SPACE',''
  ) );
#959 = PCURVE('',#933,#960);
#960 = DEFINITIONAL_REPRESENTATION('',(#961),#965);
#961 = LINE('',#962,#963);
#962 = CARTESIAN_POINT('',(1.570796326795,5.));
#963 = VECTOR('',#964,1.);
#964 = DIRECTION('',(-1.,0.));
#965 = ( GEOMETRIC_REPRESENTATION_CONTEXT(2) 
PARAMETRIC_REPRESENTATION_CONTEXT() REPRESENTATION_CONTEXT('2D SPACE',''
  ) );
#966 = ADVANCED_FACE('',(#967),#520,.F.);
#967 = FACE_BOUND('',#968,.F.);
#968 = EDGE_LOOP('',(#969,#970,#991,#992));
#969 = ORIENTED_EDGE('',*,*,#721,.F.);
#970 = ORIENTED_EDGE('',*,*,#971,.F.);
#971 = EDGE_CURVE('',#504,#722,#972,.T.);
#972 = SEAM_CURVE('',#973,(#977,#984),.PCURVE_S1.);
#973 = LINE('',#974,#975);
#974 = CARTESIAN_POINT('',(54.,0.,-15.));
#975 = VECTOR('',#976,1.);
#976 = DIRECTION('',(0.,-1.,0.));
#977 = PCURVE('',#520,#978);
#978 = DEFINITIONAL_REPRESENTATION('',(#979),#983);
#979 = LINE('',#980,#981);
#980 = CARTESIAN_POINT('',(6.28318530718,-0.));
#981 = VECTOR('',#982,1.);
#982 = DIRECTION('',(0.,1.));
#983 = ( GEOMETRIC_REPRESENTATION_CONTEXT(2) 
PARAMETRIC_REPRESENTATION_CONTEXT() REPRESENTATION_CONTEXT('2D SPACE',''
  ) );
#984 = PCURVE('',#520,#985);
#985 = DEFINITIONAL_REPRESENTATION('',(#986),#990);
#986 = LINE('',#987,#988);
#987 = CARTESIAN_POINT('',(0.,-0.));
#988 = VECTOR('',#989,1.);
#989 = DIRECTION('',(0.,1.));
#990 = ( GEOMETRIC_REPRESENTATION_CONTEXT(2) 
PARAMETRIC_REPRESENTATION_CONTEXT() REPRESENTATION_CONTEXT('2D SPACE',''
  ) );
#991 = ORIENTED_EDGE('',*,*,#503,.T.);
#992 = ORIENTED_EDGE('',*,*,#971,.T.);
#993 = ADVANCED_FACE('',(#994),#707,.F.);
#994 = FACE_BOUND('',#995,.F.);
#995 = EDGE_LOOP('',(#996,#1388,#1409,#1410,#1411,#1599,#2011,#2079,
    #2524,#2872));
#996 = ORIENTED_EDGE('',*,*,#997,.T.);
#997 = EDGE_CURVE('',#998,#1000,#1002,.T.);
#998 = VERTEX_POINT('',#999);
#999 = CARTESIAN_POINT('',(-3.266133013326E-15,-20.16818572137,13.335));
#1000 = VERTEX_POINT('',#1001);
#1001 = CARTESIAN_POINT('',(-3.266133013326E-15,-25.24818587936,13.335)
  );
#1002 = SURFACE_CURVE('',#1003,(#1069,#1138),.PCURVE_S1.);
#1003 = B_SPLINE_CURVE_WITH_KNOTS('',8,(#1004,#1005,#1006,#1007,#1008,
    #1009,#1010,#1011,#1012,#1013,#1014,#1015,#1016,#1017,#1018,#1019,
    #1020,#1021,#1022,#1023,#1024,#1025,#1026,#1027,#1028,#1029,#1030,
    #1031,#1032,#1033,#1034,#1035,#1036,#1037,#1038,#1039,#1040,#1041,
    #1042,#1043,#1044,#1045,#1046,#1047,#1048,#1049,#1050,#1051,#1052,
    #1053,#1054,#1055,#1056,#1057,#1058,#1059,#1060,#1061,#1062,#1063,
    #1064,#1065,#1066,#1067,#1068),.UNSPECIFIED.,.F.,.F.,(9,7,7,7,7,7,7,
    7,7,9),(0.,0.138614058315,0.222444387681,0.310408821057,
    0.46818023565,0.622428670592,0.704622620498,0.799800198688,
    0.900719217793,1.),.UNSPECIFIED.);
#1004 = CARTESIAN_POINT('',(-5.329070518201E-15,-20.16818572137,13.335)
  );
#1005 = CARTESIAN_POINT('',(-1.4512270931,-20.25617429711,
    13.334999999869));
#1006 = CARTESIAN_POINT('',(-2.90385398159,-20.34424776071,
    13.154502653857));
#1007 = CARTESIAN_POINT('',(-4.32948425538,-20.4322732905,
    12.792903386128));
#1008 = CARTESIAN_POINT('',(-5.702090647076,-20.52026827235,
    12.255663313951));
#1009 = CARTESIAN_POINT('',(-6.997181343869,-20.60826630596,
    11.551739193418));
#1010 = CARTESIAN_POINT('',(-8.192093425296,-20.69629578064,
    10.694080187586));
#1011 = CARTESIAN_POINT('',(-9.265840318453,-20.78437372057,
    9.699097091153));
#1012 = CARTESIAN_POINT('',(-10.7658637982,-20.92557542062,
    7.917619456232));
#1013 = CARTESIAN_POINT('',(-11.28076011871,-20.97879772343,
    7.203614888974));
#1014 = CARTESIAN_POINT('',(-11.74137081018,-21.03201806269,
    6.451525713846));
#1015 = CARTESIAN_POINT('',(-12.14444703825,-21.08523497557,
    5.666213107824));
#1016 = CARTESIAN_POINT('',(-12.48728631455,-21.13845183209,
    4.852797296725));
#1017 = CARTESIAN_POINT('',(-12.76770375274,-21.19167214606,
    4.016636603939));
#1018 = CARTESIAN_POINT('',(-12.98406292295,-21.24489493497,
    3.163334876994));
#1019 = CARTESIAN_POINT('',(-13.29413123339,-21.35394963663,
    1.391583932937));
#1020 = CARTESIAN_POINT('',(-13.38131868325,-21.40979916392,
    0.471693791926));
#1021 = CARTESIAN_POINT('',(-13.39569156819,-21.46564544815,
    -0.454079388039));
#1022 = CARTESIAN_POINT('',(-13.33687081439,-21.52148706434,
    -1.37899305525));
#1023 = CARTESIAN_POINT('',(-13.20520338981,-21.57732856437,
    -2.296372571341));
#1024 = CARTESIAN_POINT('',(-13.00171669098,-21.63317462752,
    -3.199616187866));
#1025 = CARTESIAN_POINT('',(-12.72815928697,-21.68902422191,
    -4.082208277412));
#1026 = CARTESIAN_POINT('',(-11.77546051793,-21.84501938497,
    -6.472208491931));
#1027 = CARTESIAN_POINT('',(-10.94554444397,-21.94533865661,
    -7.922610730315));
#1028 = CARTESIAN_POINT('',(-9.912066054255,-22.04556066971,
    -9.248501158555));
#1029 = CARTESIAN_POINT('',(-8.698164334963,-22.14573014732,
    -10.41800998246));
#1030 = CARTESIAN_POINT('',(-7.33076727855,-22.24589957034,
    -11.40365699531));
#1031 = CARTESIAN_POINT('',(-5.841732837254,-22.34611999611,
    -12.18388541539));
#1032 = CARTESIAN_POINT('',(-4.266454698172,-22.44644143293,
    -12.74159980026));
#1033 = CARTESIAN_POINT('',(-1.064569997019,-22.64451599742,
    -13.39018996435));
#1034 = CARTESIAN_POINT('',(0.56500753775,-22.74257887926,
    -13.49220606373));
#1035 = CARTESIAN_POINT('',(2.202393382526,-22.84055670865,
    -13.36656115663));
#1036 = CARTESIAN_POINT('',(3.810845912584,-22.93848706494,
    -13.01472955198));
#1037 = CARTESIAN_POINT('',(5.35503806572,-23.03641804043,
    -12.44343147843));
#1038 = CARTESIAN_POINT('',(6.801610335051,-23.13439608613,
    -11.66607716754));
#1039 = CARTESIAN_POINT('',(8.118837652642,-23.23246289906,
    -10.70116689743));
#1040 = CARTESIAN_POINT('',(9.896854901617,-23.38255985349,
    -8.978591248219));
#1041 = CARTESIAN_POINT('',(10.470885279002,-23.43474676333,
    -8.334083627872));
#1042 = CARTESIAN_POINT('',(10.996778290288,-23.48693212139,
    -7.64778366765));
#1043 = CARTESIAN_POINT('',(11.471010159529,-23.53911427534,
    -6.923935620173));
#1044 = CARTESIAN_POINT('',(11.890538165041,-23.59129618916,
    -6.1670733398));
#1045 = CARTESIAN_POINT('',(12.252775359523,-23.64348119238,
    -5.381997235292));
#1046 = CARTESIAN_POINT('',(12.555614670092,-23.69566879501,
    -4.573782756781));
#1047 = CARTESIAN_POINT('',(13.077599469161,-23.80827514694,
    -2.791386333205));
#1048 = CARTESIAN_POINT('',(13.276064517681,-23.8687124508,
    -1.810822952002));
#1049 = CARTESIAN_POINT('',(13.390367416954,-23.92914450455,
    -0.814557735206));
#1050 = CARTESIAN_POINT('',(13.419170199688,-23.98957015006,
    0.188963495201));
#1051 = CARTESIAN_POINT('',(13.36212502684,-24.04999644861,
    1.191286902108));
#1052 = CARTESIAN_POINT('',(13.219809655515,-24.11043009159,
    2.183964619492));
#1053 = CARTESIAN_POINT('',(12.993800386104,-24.17086881952,
    3.158572379789));
#1054 = CARTESIAN_POINT('',(12.361450241401,-24.29536186592,
    5.112085381384));
#1055 = CARTESIAN_POINT('',(11.944869686131,-24.35945019227,
    6.088270872068));
#1056 = CARTESIAN_POINT('',(11.440307856556,-24.42352965882,
    7.025194292262));
#1057 = CARTESIAN_POINT('',(10.852217039587,-24.48760047447,
    7.913649949419));
#1058 = CARTESIAN_POINT('',(10.186065274174,-24.55167077633,
    8.745167382883));
#1059 = CARTESIAN_POINT('',(9.448249887226,-24.6157486791,9.511959724381
    ));
#1060 = CARTESIAN_POINT('',(8.646168262285,-24.67983489724,
    10.206990109703));
#1061 = CARTESIAN_POINT('',(6.944595794865,-24.80693308295,
    11.431338623568));
#1062 = CARTESIAN_POINT('',(6.046472293949,-24.86997737718,
    11.96346975776));
#1063 = CARTESIAN_POINT('',(5.102133030629,-24.93301362107,
    12.414660361435));
#1064 = CARTESIAN_POINT('',(4.120151288386,-24.99604309826,
    12.780343855804));
#1065 = CARTESIAN_POINT('',(3.109475282066,-25.05907327725,
    13.057060998272));
#1066 = CARTESIAN_POINT('',(2.079392680433,-25.1221113495,
    13.242382436217));
#1067 = CARTESIAN_POINT('',(1.039549704563,-25.1851575185,13.335));
#1068 = CARTESIAN_POINT('',(-3.552713678801E-15,-25.24818587936,13.335)
  );
#1069 = PCURVE('',#707,#1070);
#1070 = DEFINITIONAL_REPRESENTATION('',(#1071),#1137);
#1071 = B_SPLINE_CURVE_WITH_KNOTS('',8,(#1072,#1073,#1074,#1075,#1076,
    #1077,#1078,#1079,#1080,#1081,#1082,#1083,#1084,#1085,#1086,#1087,
    #1088,#1089,#1090,#1091,#1092,#1093,#1094,#1095,#1096,#1097,#1098,
    #1099,#1100,#1101,#1102,#1103,#1104,#1105,#1106,#1107,#1108,#1109,
    #1110,#1111,#1112,#1113,#1114,#1115,#1116,#1117,#1118,#1119,#1120,
    #1121,#1122,#1123,#1124,#1125,#1126,#1127,#1128,#1129,#1130,#1131,
    #1132,#1133,#1134,#1135,#1136),.UNSPECIFIED.,.F.,.F.,(9,7,7,7,7,7,7,
    7,7,9),(0.,0.138614058315,0.222444387681,0.310408821057,
    0.46818023565,0.622428670592,0.704622620498,0.799800198688,
    0.900719217793,1.),.UNSPECIFIED.);
#1072 = CARTESIAN_POINT('',(6.28318530718,9.83181427863));
#1073 = CARTESIAN_POINT('',(6.174356878751,9.743825702884));
#1074 = CARTESIAN_POINT('',(6.065423658923,9.655752239283));
#1075 = CARTESIAN_POINT('',(5.956549585986,9.567726709495));
#1076 = CARTESIAN_POINT('',(5.847712329364,9.479731727648));
#1077 = CARTESIAN_POINT('',(5.738873088889,9.39173369403));
#1078 = CARTESIAN_POINT('',(5.629993797986,9.30370421936));
#1079 = CARTESIAN_POINT('',(5.521054929596,9.215626279422));
#1080 = CARTESIAN_POINT('',(5.346409939831,9.074424579372));
#1081 = CARTESIAN_POINT('',(5.280582041972,9.021202276561));
#1082 = CARTESIAN_POINT('',(5.214756557802,8.96798193731));
#1083 = CARTESIAN_POINT('',(5.148935308576,8.914765024426));
#1084 = CARTESIAN_POINT('',(5.083114138001,8.861548167908));
#1085 = CARTESIAN_POINT('',(5.017288706751,8.808327853934));
#1086 = CARTESIAN_POINT('',(4.951460230453,8.75510506503));
#1087 = CARTESIAN_POINT('',(4.816576215578,8.64605036337));
#1088 = CARTESIAN_POINT('',(4.747498891761,8.590200836079));
#1089 = CARTESIAN_POINT('',(4.678425589864,8.534354551847));
#1090 = CARTESIAN_POINT('',(4.609358063609,8.47851293566));
#1091 = CARTESIAN_POINT('',(4.54029067438,8.422671435627));
#1092 = CARTESIAN_POINT('',(4.471217629458,8.366825372473));
#1093 = CARTESIAN_POINT('',(4.402140204379,8.310975778084));
#1094 = CARTESIAN_POINT('',(4.209197965426,8.15498061503));
#1095 = CARTESIAN_POINT('',(4.085118284704,8.054661343385));
#1096 = CARTESIAN_POINT('',(3.961158876529,7.954439330287));
#1097 = CARTESIAN_POINT('',(3.837264469,7.854269852678));
#1098 = CARTESIAN_POINT('',(3.713370186587,7.754100429659));
#1099 = CARTESIAN_POINT('',(3.589412829043,7.653880003884));
#1100 = CARTESIAN_POINT('',(3.465330528803,7.553558567067));
#1101 = CARTESIAN_POINT('',(3.220342513264,7.355484002578));
#1102 = CARTESIAN_POINT('',(3.099053679804,7.257421120731));
#1103 = CARTESIAN_POINT('',(2.977870031841,7.15944329135));
#1104 = CARTESIAN_POINT('',(2.856745099116,7.061512935052));
#1105 = CARTESIAN_POINT('',(2.735619441972,6.963581959566));
#1106 = CARTESIAN_POINT('',(2.61443558189,6.865603913862));
#1107 = CARTESIAN_POINT('',(2.493141911285,6.767537100932));
#1108 = CARTESIAN_POINT('',(2.307494862003,6.617440146504));
#1109 = CARTESIAN_POINT('',(2.2429476034,6.565253236667));
#1110 = CARTESIAN_POINT('',(2.178402255456,6.513067878603));
#1111 = CARTESIAN_POINT('',(2.113860862638,6.460885724653));
#1112 = CARTESIAN_POINT('',(2.049319762918,6.408703810836));
#1113 = CARTESIAN_POINT('',(1.984774844713,6.35651880762));
#1114 = CARTESIAN_POINT('',(1.920226720828,6.304331204985));
#1115 = CARTESIAN_POINT('',(1.780949823595,6.191724853058));
#1116 = CARTESIAN_POINT('',(1.706198105255,6.131287549199));
#1117 = CARTESIAN_POINT('',(1.631452902003,6.070855495443));
#1118 = CARTESIAN_POINT('',(1.556715645577,6.010429849931));
#1119 = CARTESIAN_POINT('',(1.481977588767,5.950003551381));
#1120 = CARTESIAN_POINT('',(1.407230431995,5.889569908402));
#1121 = CARTESIAN_POINT('',(1.332476949533,5.829131180471));
#1122 = CARTESIAN_POINT('',(1.17849798714,5.704638134071));
#1123 = CARTESIAN_POINT('',(1.09923041377,5.640549807728));
#1124 = CARTESIAN_POINT('',(1.019973888516,5.57647034118));
#1125 = CARTESIAN_POINT('',(0.940727855158,5.512399525525));
#1126 = CARTESIAN_POINT('',(0.861482626659,5.448329223665));
#1127 = CARTESIAN_POINT('',(0.782228338224,5.384251320898));
#1128 = CARTESIAN_POINT('',(0.702963432251,5.320165102757));
#1129 = CARTESIAN_POINT('',(0.54576229157,5.193066917046));
#1130 = CARTESIAN_POINT('',(0.467786056786,5.130022622817));
#1131 = CARTESIAN_POINT('',(0.389819837557,5.066986378927));
#1132 = CARTESIAN_POINT('',(0.311862051539,5.003956901739));
#1133 = CARTESIAN_POINT('',(0.233903407974,4.94092672275));
#1134 = CARTESIAN_POINT('',(0.155934967076,4.877888650497));
#1135 = CARTESIAN_POINT('',(7.795648328183E-02,4.814842481492));
#1136 = CARTESIAN_POINT('',(0.,4.751814120638));
#1137 = ( GEOMETRIC_REPRESENTATION_CONTEXT(2) 
PARAMETRIC_REPRESENTATION_CONTEXT() REPRESENTATION_CONTEXT('2D SPACE',''
  ) );
#1138 = PCURVE('',#1139,#1320);
#1139 = B_SPLINE_SURFACE_WITH_KNOTS('',12,1,(
    (#1140,#1141)
    ,(#1142,#1143)
    ,(#1144,#1145)
    ,(#1146,#1147)
    ,(#1148,#1149)
    ,(#1150,#1151)
    ,(#1152,#1153)
    ,(#1154,#1155)
    ,(#1156,#1157)
    ,(#1158,#1159)
    ,(#1160,#1161)
    ,(#1162,#1163)
    ,(#1164,#1165)
    ,(#1166,#1167)
    ,(#1168,#1169)
    ,(#1170,#1171)
    ,(#1172,#1173)
    ,(#1174,#1175)
    ,(#1176,#1177)
    ,(#1178,#1179)
    ,(#1180,#1181)
    ,(#1182,#1183)
    ,(#1184,#1185)
    ,(#1186,#1187)
    ,(#1188,#1189)
    ,(#1190,#1191)
    ,(#1192,#1193)
    ,(#1194,#1195)
    ,(#1196,#1197)
    ,(#1198,#1199)
    ,(#1200,#1201)
    ,(#1202,#1203)
    ,(#1204,#1205)
    ,(#1206,#1207)
    ,(#1208,#1209)
    ,(#1210,#1211)
    ,(#1212,#1213)
    ,(#1214,#1215)
    ,(#1216,#1217)
    ,(#1218,#1219)
    ,(#1220,#1221)
    ,(#1222,#1223)
    ,(#1224,#1225)
    ,(#1226,#1227)
    ,(#1228,#1229)
    ,(#1230,#1231)
    ,(#1232,#1233)
    ,(#1234,#1235)
    ,(#1236,#1237)
    ,(#1238,#1239)
    ,(#1240,#1241)
    ,(#1242,#1243)
    ,(#1244,#1245)
    ,(#1246,#1247)
    ,(#1248,#1249)
    ,(#1250,#1251)
    ,(#1252,#1253)
    ,(#1254,#1255)
    ,(#1256,#1257)
    ,(#1258,#1259)
    ,(#1260,#1261)
    ,(#1262,#1263)
    ,(#1264,#1265)
    ,(#1266,#1267)
    ,(#1268,#1269)
    ,(#1270,#1271)
    ,(#1272,#1273)
    ,(#1274,#1275)
    ,(#1276,#1277)
    ,(#1278,#1279)
    ,(#1280,#1281)
    ,(#1282,#1283)
    ,(#1284,#1285)
    ,(#1286,#1287)
    ,(#1288,#1289)
    ,(#1290,#1291)
    ,(#1292,#1293)
    ,(#1294,#1295)
    ,(#1296,#1297)
    ,(#1298,#1299)
    ,(#1300,#1301)
    ,(#1302,#1303)
    ,(#1304,#1305)
    ,(#1306,#1307)
    ,(#1308,#1309)
    ,(#1310,#1311)
    ,(#1312,#1313)
    ,(#1314,#1315)
    ,(#1316,#1317)
    ,(#1318,#1319
    )),.UNSPECIFIED.,.F.,.F.,.F.,(13,11,11,11,11,11,11,11,13),(2,2),(0.,
    6.9426717666,13.885343533201,20.828015299801,27.770687066401,
    34.713358833002,41.656030599602,48.598702366202,55.541374132803),(0.
    ,1.),.UNSPECIFIED.);
#1140 = CARTESIAN_POINT('',(13.334,-29.05844433213,-7.889072099158E-15)
  );
#1141 = CARTESIAN_POINT('',(15.875,-28.40155566786,-3.375250708689E-15)
  );
#1142 = CARTESIAN_POINT('',(13.334,-28.69469433213,-5.999010317375));
#1143 = CARTESIAN_POINT('',(15.875,-28.03780566786,-7.142214548397));
#1144 = CARTESIAN_POINT('',(10.389652752787,-28.33094433213,
    -11.99800271398));
#1145 = CARTESIAN_POINT('',(12.369561830694,-27.67405566786,
    -14.28440776095));
#1146 = CARTESIAN_POINT('',(4.501080788997,-27.96719433213,
    -16.40755964161));
#1147 = CARTESIAN_POINT('',(5.358831372835,-27.31030566786,
    -19.53427398459));
#1148 = CARTESIAN_POINT('',(-3.378818049948,-27.60344433213,
    -17.63716641012));
#1149 = CARTESIAN_POINT('',(-4.02270410552,-26.94655566787,
    -20.99820134698));
#1150 = CARTESIAN_POINT('',(-11.34055785121,-27.23969433212,
    -14.74375426179));
#1151 = CARTESIAN_POINT('',(-13.50167660776,-26.58280566786,
    -17.55340474772));
#1152 = CARTESIAN_POINT('',(-17.0263962581,-26.87594433213,
    -8.06094024935));
#1153 = CARTESIAN_POINT('',(-20.27103949283,-26.21905566787,
    -9.597077130517));
#1154 = CARTESIAN_POINT('',(-18.59189809511,-26.51219433212,0.5725970044
    ));
#1155 = CARTESIAN_POINT('',(-22.13487192589,-25.85530566786,
    0.681714222646));
#1156 = CARTESIAN_POINT('',(-15.78383907254,-26.14844433213,
    8.564839433734));
#1157 = CARTESIAN_POINT('',(-18.79169381106,-25.49155566787,
    10.197002100689));
#1158 = CARTESIAN_POINT('',(-9.838492768309,-25.78469433213,
    13.880626848588));
#1159 = CARTESIAN_POINT('',(-11.71336978377,-25.12780566786,
    16.525795051845));
#1160 = CARTESIAN_POINT('',(-2.695547103087,-25.42094433213,
    15.640683465356));
#1161 = CARTESIAN_POINT('',(-3.209225308349,-24.76405566786,
    18.621257688056));
#1162 = CARTESIAN_POINT('',(3.810791415938,-25.05719433213,
    14.116003314401));
#1163 = CARTESIAN_POINT('',(4.536996679767,-24.40030566786,
    16.806026144901));
#1164 = CARTESIAN_POINT('',(13.091267901962,-24.32969433213,
    6.511711411525));
#1165 = CARTESIAN_POINT('',(15.586011545197,-23.67280566786,
    7.752618768408));
#1166 = CARTESIAN_POINT('',(15.865378145538,-23.96594433213,
    0.432122375796));
#1167 = CARTESIAN_POINT('',(18.88877141596,-23.30905566786,
    0.514469980184));
#1168 = CARTESIAN_POINT('',(15.54402257858,-23.60219433213,
    -6.91744922194));
#1169 = CARTESIAN_POINT('',(18.506176573795,-22.94530566786,
    -8.235676196065));
#1170 = CARTESIAN_POINT('',(11.500879487702,-23.23844433213,
    -13.79187519531));
#1171 = CARTESIAN_POINT('',(13.692550012543,-22.58155566787,
    -16.4201303979));
#1172 = CARTESIAN_POINT('',(4.21670824213,-22.87469433212,
    -18.11645422564));
#1173 = CARTESIAN_POINT('',(5.020267237424,-22.21780566786,
    -21.56882487116));
#1174 = CARTESIAN_POINT('',(-4.556111580812,-22.51094433214,
    -18.27891611949));
#1175 = CARTESIAN_POINT('',(-5.424349133446,-21.85405566787,
    -21.76224639245));
#1176 = CARTESIAN_POINT('',(-12.22636613531,-22.14719433212,
    -14.01793541271));
#1177 = CARTESIAN_POINT('',(-14.55628936539,-21.49030566786,
    -16.68926988727));
#1178 = CARTESIAN_POINT('',(-16.62863539748,-21.78344433213,
    -6.780452434036));
#1179 = CARTESIAN_POINT('',(-19.79747914617,-21.12655566787,
    -8.072572550641));
#1180 = CARTESIAN_POINT('',(-16.97226635738,-21.41969433213,
    1.187398987796));
#1181 = CARTESIAN_POINT('',(-20.20659430204,-20.76280566786,
    1.41367623603));
#1182 = CARTESIAN_POINT('',(-13.8065041875,-21.05594433213,
    7.827987964273));
#1183 = CARTESIAN_POINT('',(-16.43754717088,-20.39905566786,
    9.319732183354));
#1184 = CARTESIAN_POINT('',(-8.503474834236,-20.69219433213,
    11.894309418016));
#1185 = CARTESIAN_POINT('',(-10.12394352733,-20.03530566786,
    14.16095410312));
#1186 = CARTESIAN_POINT('',(3.260374278202,-19.96469433213,
    14.253197548409));
#1187 = CARTESIAN_POINT('',(3.881689040532,-19.30780566786,
    16.969364862832));
#1188 = CARTESIAN_POINT('',(9.721158895372,-19.60094433214,
    12.545757178396));
#1189 = CARTESIAN_POINT('',(11.573676125994,-18.94405566788,
    14.936545313261));
#1190 = CARTESIAN_POINT('',(15.202383412489,-19.23719433209,
    7.639062785598));
#1191 = CARTESIAN_POINT('',(18.09943277886,-18.58030566783,
    9.094804388884));
#1192 = CARTESIAN_POINT('',(17.957230177438,-18.87344433219,
    0.154708583828));
#1193 = CARTESIAN_POINT('',(21.379258217093,-18.21655566793,
    0.184190698084));
#1194 = CARTESIAN_POINT('',(16.685619560859,-18.50969433204,
    -8.22050132185));
#1195 = CARTESIAN_POINT('',(19.865322523533,-17.85280566778,
    -9.787045034076));
#1196 = CARTESIAN_POINT('',(11.251109907448,-18.14594433222,
    -15.10925057997));
#1197 = CARTESIAN_POINT('',(13.395182974393,-17.48905566796,
    -17.98855204418));
#1198 = CARTESIAN_POINT('',(3.093865572242,-17.78219433205,
    -18.34160674345));
#1199 = CARTESIAN_POINT('',(3.683449524487,-17.12530566778,
    -21.83688368474));
#1200 = CARTESIAN_POINT('',(-5.294470651847,-17.41844433218,
    -17.15968038484));
#1201 = CARTESIAN_POINT('',(-6.303413949167,-16.76155566792,
    -20.42972297205));
#1202 = CARTESIAN_POINT('',(-11.67540049186,-17.0546943321,
    -12.37549049598));
#1203 = CARTESIAN_POINT('',(-13.90032869419,-16.39780566784,
    -14.73383168019));
#1204 = CARTESIAN_POINT('',(-14.8054543031,-16.69094433214,
    -5.717995831337));
#1205 = CARTESIAN_POINT('',(-17.6268626865,-16.03405566787,
    -6.807648404266));
#1206 = CARTESIAN_POINT('',(-14.58972017373,-16.32719433213,
    0.961117079236));
#1207 = CARTESIAN_POINT('',(-17.370017081,-15.67030566786,1.144272808825
    ));
#1208 = CARTESIAN_POINT('',(-8.958446584379,-15.59969433213,
    11.555514509653));
#1209 = CARTESIAN_POINT('',(-10.66561718366,-14.94280566787,
    13.757596583227));
#1210 = CARTESIAN_POINT('',(-3.5429239466,-15.23594433212,15.470767381)
  );
#1211 = CARTESIAN_POINT('',(-4.218082919774,-14.57905566786,
    18.41896146493));
#1212 = CARTESIAN_POINT('',(3.726382866939,-14.87219433214,
    16.600656986724));
#1213 = CARTESIAN_POINT('',(4.436502775807,-14.21530566788,
    19.764169016366));
#1214 = CARTESIAN_POINT('',(11.261545114493,-14.5084443321,
    13.987982414483));
#1215 = CARTESIAN_POINT('',(13.407606771612,-13.85155566784,
    16.653608881802));
#1216 = CARTESIAN_POINT('',(16.933834098629,-14.14469433216,
    7.696220165035));
#1217 = CARTESIAN_POINT('',(20.16083818176,-13.48780566789,
    9.162853991292));
#1218 = CARTESIAN_POINT('',(18.817918019231,-13.78094433209,
    -0.873434979379));
#1219 = CARTESIAN_POINT('',(22.403963443486,-13.12405566783,
    -1.039881528244));
#1220 = CARTESIAN_POINT('',(16.148122504145,-13.41719433216,
    -9.231721491662));
#1221 = CARTESIAN_POINT('',(19.225397086633,-12.76030566789,
    -10.99096885257));
#1222 = CARTESIAN_POINT('',(9.917411682677,-13.05344433211,
    -14.97100517366));
#1223 = CARTESIAN_POINT('',(11.807327918299,-12.39655566785,
    -17.8239618368));
#1224 = CARTESIAN_POINT('',(2.172632963478,-12.68969433214,
    -16.87446021856));
#1225 = CARTESIAN_POINT('',(2.586661789047,-12.03280566787,
    -20.09014969024));
#1226 = CARTESIAN_POINT('',(-4.96075746387,-12.32594433213,
    -15.07606841431));
#1227 = CARTESIAN_POINT('',(-5.90610655009,-11.66905566786,
    -17.94904650346));
#1228 = CARTESIAN_POINT('',(-9.990324161421,-11.96219433213,
    -10.67600599183));
#1229 = CARTESIAN_POINT('',(-11.89413499794,-11.30530566786,
    -12.71048410982));
#1230 = CARTESIAN_POINT('',(-14.61602116326,-11.23469433213,
    0.394469445064));
#1231 = CARTESIAN_POINT('',(-17.401330131,-10.57780566787,0.469641700945
    ));
#1232 = CARTESIAN_POINT('',(-14.21213764926,-10.87094433211,
    7.064849388828));
#1233 = CARTESIAN_POINT('',(-16.92048036463,-10.21405566785,
    8.411165745282));
#1234 = CARTESIAN_POINT('',(-10.47885376958,-10.50719433216,
    13.403781755048));
#1235 = CARTESIAN_POINT('',(-12.47576148132,-9.850305667905,
    15.958079748128));
#1236 = CARTESIAN_POINT('',(-3.68219616395,-10.14344433206,
    17.576333002254));
#1237 = CARTESIAN_POINT('',(-4.383895612933,-9.486555667798,
    20.925775192027));
#1238 = CARTESIAN_POINT('',(4.779557311432,-9.779694332228,
    17.97616127017));
#1239 = CARTESIAN_POINT('',(5.690375905142,-9.122805667965,
    21.401796922483));
#1240 = CARTESIAN_POINT('',(12.602314916301,-9.41594433203,
    14.002092200688));
#1241 = CARTESIAN_POINT('',(15.003881003156,-8.759055667766,
    16.67040750603));
#1242 = CARTESIAN_POINT('',(17.375350299832,-9.052194332216,
    6.639559026312));
#1243 = CARTESIAN_POINT('',(20.686492126142,-8.395305667952,
    7.904829724252));
#1244 = CARTESIAN_POINT('',(17.865693131249,-8.688444332079,
    -1.817432071486));
#1245 = CARTESIAN_POINT('',(21.270277370518,-8.031555667815,
    -2.163771871545));
#1246 = CARTESIAN_POINT('',(14.429410633226,-8.324694332157,
    -9.014424576188));
#1247 = CARTESIAN_POINT('',(17.179158077284,-7.667805667893,
    -10.73226264787));
#1248 = CARTESIAN_POINT('',(8.517242444994,-7.960944332123,
    -13.39229385062));
#1249 = CARTESIAN_POINT('',(10.140334769331,-7.304055667859,
    -15.94440264577));
#1250 = CARTESIAN_POINT('',(1.926074487416,-7.597194332134,
    -14.49392693016));
#1251 = CARTESIAN_POINT('',(2.29311778069,-6.94030566787,-17.25596895277
    ));
#1252 = CARTESIAN_POINT('',(-9.568691310711,-6.869694332131,
    -11.05548856397));
#1253 = CARTESIAN_POINT('',(-11.39215348414,-6.212805667867,
    -13.16228295734));
#1254 = CARTESIAN_POINT('',(-14.47225481311,-6.505944332136,
    -6.515427389865));
#1255 = CARTESIAN_POINT('',(-17.23016687852,-5.849055667872,
    -7.757042883912));
#1256 = CARTESIAN_POINT('',(-17.00928432164,-6.142194332124,
    0.389857060717));
#1257 = CARTESIAN_POINT('',(-20.25066661211,-5.48530566786,
    0.464150355397));
#1258 = CARTESIAN_POINT('',(-15.92906408729,-5.778444332142,
    8.291620329943));
#1259 = CARTESIAN_POINT('',(-18.96459369927,-5.121555667878,
    9.871716869496));
#1260 = CARTESIAN_POINT('',(-10.87530993548,-5.414694332122,
    15.090201321251));
#1261 = CARTESIAN_POINT('',(-12.94776850348,-4.757805667858,
    17.965872654482));
#1262 = CARTESIAN_POINT('',(-2.843336178987,-5.05094433214,
    18.622362004205));
#1263 = CARTESIAN_POINT('',(-3.385177879242,-4.394055667876,
    22.171141204192));
#1264 = CARTESIAN_POINT('',(5.876716361716,-4.687194332126,
    17.647967217539));
#1265 = CARTESIAN_POINT('',(6.996615587413,-4.030305667862,
    21.011060415367));
#1266 = CARTESIAN_POINT('',(12.728981377138,-4.323444332136,
    12.667244510748));
#1267 = CARTESIAN_POINT('',(15.154685717853,-3.666555667872,
    15.081183936406));
#1268 = CARTESIAN_POINT('',(16.117959090311,-3.95969433213,
    5.447856131038));
#1269 = CARTESIAN_POINT('',(19.189485567632,-3.302805667866,
    6.486029404551));
#1270 = CARTESIAN_POINT('',(15.757137922112,-3.595944332133,
    -1.89988366804));
#1271 = CARTESIAN_POINT('',(18.759904343294,-2.939055667869,
    -2.261935895467));
#1272 = CARTESIAN_POINT('',(12.431798980455,-3.232194332131,
    -7.696366343769));
#1273 = CARTESIAN_POINT('',(14.800870617574,-2.575305667867,
    -9.163028026648));
#1274 = CARTESIAN_POINT('',(2.486833513021,-2.504694332134,
    -14.40830801539));
#1275 = CARTESIAN_POINT('',(2.960738114534,-1.84780566787,
    -17.15403402912));
#1276 = CARTESIAN_POINT('',(-4.132763304323,-2.140944332123,
    -15.3237469608));
#1277 = CARTESIAN_POINT('',(-4.920325292944,-1.484055667859,
    -18.243924029));
#1278 = CARTESIAN_POINT('',(-11.08196313151,-1.777194332158,
    -12.90960242661));
#1279 = CARTESIAN_POINT('',(-13.19380266332,-1.120305667894,
    -15.36972690285));
#1280 = CARTESIAN_POINT('',(-16.50934321528,-1.413444332082,
    -7.065949122024));
#1281 = CARTESIAN_POINT('',(-19.65545399299,-0.756555667818,
    -8.41247504964));
#1282 = CARTESIAN_POINT('',(-18.56500306134,-1.049694332201,
    1.152043158342));
#1283 = CARTESIAN_POINT('',(-22.10285162733,-0.392805667937,
    1.371582806236));
#1284 = CARTESIAN_POINT('',(-16.20650246382,-0.68594433206,
    9.603447564994));
#1285 = CARTESIAN_POINT('',(-19.29490225087,-2.905566779582E-02,
    11.433533080445));
#1286 = CARTESIAN_POINT('',(-9.926077122937,-0.322194332191,
    15.73084660968));
#1287 = CARTESIAN_POINT('',(-11.81764469226,0.334694332073,
    18.728602814483));
#1288 = CARTESIAN_POINT('',(-1.730550016468,4.155566790545E-02,
    17.874318085851));
#1289 = CARTESIAN_POINT('',(-2.060333096702,0.698444332169,
    21.280545943688));
#1290 = CARTESIAN_POINT('',(6.001570364833,0.40530566785,15.920078354645
    ));
#1291 = CARTESIAN_POINT('',(7.145262452507,1.062194332114,
    18.953895596209));
#1292 = CARTESIAN_POINT('',(11.456364862626,0.769055667873,
    10.984018280334));
#1293 = CARTESIAN_POINT('',(13.639552436942,1.425944332137,
    13.077192905381));
#1294 = CARTESIAN_POINT('',(13.832362875407,1.132805667868,
    4.738081686824));
#1295 = CARTESIAN_POINT('',(16.46833363185,1.789694332132,5.640996458551
    ));
#1296 = CARTESIAN_POINT('',(12.720979262623,1.860305667866,-7.2083539999
    ));
#1297 = CARTESIAN_POINT('',(15.145158676627,2.51719433213,
    -8.582017380261));
#1298 = CARTESIAN_POINT('',(9.233600957076,2.224055667883,-12.9088174057
    ));
#1299 = CARTESIAN_POINT('',(10.993206479196,2.880944332147,
    -15.36879228405));
#1300 = CARTESIAN_POINT('',(2.96188682593,2.587805667826,-16.75395380476
    ));
#1301 = CARTESIAN_POINT('',(3.526320186111,3.24469433209,-19.94667891484
    ));
#1302 = CARTESIAN_POINT('',(-4.998031932187,2.951555667947,
    -17.24835433308));
#1303 = CARTESIAN_POINT('',(-5.950484245043,3.608444332211,
    -20.53529511308));
#1304 = CARTESIAN_POINT('',(-12.65752214644,3.31530566776,
    -13.62988170229));
#1305 = CARTESIAN_POINT('',(-15.06960882518,3.972194332024,
    -16.22726653844));
#1306 = CARTESIAN_POINT('',(-17.69988160852,3.679055667982,
    -6.44911763643));
#1307 = CARTESIAN_POINT('',(-21.07286789674,4.335944332246,
    -7.678096781058));
#1308 = CARTESIAN_POINT('',(-18.45892307585,4.042805667774,
    2.292313457238));
#1309 = CARTESIAN_POINT('',(-21.97655645937,4.699694332038,
    2.729149252581));
#1310 = CARTESIAN_POINT('',(-14.92261112295,4.406555667929,9.99008146452
    ));
#1311 = CARTESIAN_POINT('',(-17.76634555098,5.063444332193,
    11.893846051377));
#1312 = CARTESIAN_POINT('',(-8.510422094149,4.770305667837,
    14.732293013685));
#1313 = CARTESIAN_POINT('',(-10.13221469511,5.427194332101,
    17.539759381458));
#1314 = CARTESIAN_POINT('',(-1.235152135726,5.13405566788,
    15.823127145101));
#1315 = CARTESIAN_POINT('',(-1.470529485123,5.790944332144,
    18.838468833691));
#1316 = CARTESIAN_POINT('',(5.101980667577,5.497805667865,
    13.702316375549));
#1317 = CARTESIAN_POINT('',(6.074242020232,6.154694332129,
    16.313504759401));
#1318 = CARTESIAN_POINT('',(9.370073430234,5.861555667868,9.486689618198
    ));
#1319 = CARTESIAN_POINT('',(11.155685893578,6.518444332132,
    11.294525100412));
#1320 = DEFINITIONAL_REPRESENTATION('',(#1321),#1387);
#1321 = B_SPLINE_CURVE_WITH_KNOTS('',8,(#1322,#1323,#1324,#1325,#1326,
    #1327,#1328,#1329,#1330,#1331,#1332,#1333,#1334,#1335,#1336,#1337,
    #1338,#1339,#1340,#1341,#1342,#1343,#1344,#1345,#1346,#1347,#1348,
    #1349,#1350,#1351,#1352,#1353,#1354,#1355,#1356,#1357,#1358,#1359,
    #1360,#1361,#1362,#1363,#1364,#1365,#1366,#1367,#1368,#1369,#1370,
    #1371,#1372,#1373,#1374,#1375,#1376,#1377,#1378,#1379,#1380,#1381,
    #1382,#1383,#1384,#1385,#1386),.UNSPECIFIED.,.F.,.F.,(9,7,7,7,7,7,7,
    7,7,9),(0.,0.138614058315,0.222444387681,0.310408821057,
    0.46818023565,0.622428670592,0.704622620498,0.799800198688,
    0.900719217793,1.),.UNSPECIFIED.);
#1322 = CARTESIAN_POINT('',(14.139828668845,3.936598170464E-04));
#1323 = CARTESIAN_POINT('',(13.999880058087,3.936346768024E-04));
#1324 = CARTESIAN_POINT('',(13.859796617332,3.934404603208E-04));
#1325 = CARTESIAN_POINT('',(13.719789456268,3.931733456448E-04));
#1326 = CARTESIAN_POINT('',(13.579829132364,3.94640798275E-04));
#1327 = CARTESIAN_POINT('',(13.439866995261,3.931370801705E-04));
#1328 = CARTESIAN_POINT('',(13.299852851088,3.935859243239E-04));
#1329 = CARTESIAN_POINT('',(13.159762250161,3.934180907522E-04));
#1330 = CARTESIAN_POINT('',(12.935176409515,3.934483675566E-04));
#1331 = CARTESIAN_POINT('',(12.85052460162,3.934839734358E-04));
#1332 = CARTESIAN_POINT('',(12.76587589799,3.935376112005E-04));
#1333 = CARTESIAN_POINT('',(12.681232642335,3.935929432691E-04));
#1334 = CARTESIAN_POINT('',(12.596589490104,3.936350958531E-04));
#1335 = CARTESIAN_POINT('',(12.511940860035,3.936568067469E-04));
#1336 = CARTESIAN_POINT('',(12.427288313816,3.936590834208E-04));
#1337 = CARTESIAN_POINT('',(12.253833358621,3.936330325134E-04));
#1338 = CARTESIAN_POINT('',(12.16500293467,3.936032646616E-04));
#1339 = CARTESIAN_POINT('',(12.076177680955,3.935619679901E-04));
#1340 = CARTESIAN_POINT('',(11.987359852719,3.935198998482E-04));
#1341 = CARTESIAN_POINT('',(11.898542199856,3.934868037523E-04));
#1342 = CARTESIAN_POINT('',(11.809717274602,3.934676827722E-04));
#1343 = CARTESIAN_POINT('',(11.72088671854,3.934622173533E-04));
#1344 = CARTESIAN_POINT('',(11.472771419715,3.93476493179E-04));
#1345 = CARTESIAN_POINT('',(11.313210372403,3.935196082425E-04));
#1346 = CARTESIAN_POINT('',(11.153803999188,3.935806409012E-04));
#1347 = CARTESIAN_POINT('',(10.994481219364,3.936091208729E-04));
#1348 = CARTESIAN_POINT('',(10.835158584991,3.93581479203E-04));
#1349 = CARTESIAN_POINT('',(10.67575482321,3.935594912377E-04));
#1350 = CARTESIAN_POINT('',(10.516190385225,3.935517796329E-04));
#1351 = CARTESIAN_POINT('',(10.201146463296,3.935589398233E-04));
#1352 = CARTESIAN_POINT('',(10.045174306048,3.93573245818E-04));
#1353 = CARTESIAN_POINT('',(9.889337421633,3.935931271146E-04));
#1354 = CARTESIAN_POINT('',(9.733576057839,3.936004091614E-04));
#1355 = CARTESIAN_POINT('',(9.577813770226,3.935492819791E-04));
#1356 = CARTESIAN_POINT('',(9.421976626461,3.934880815115E-04));
#1357 = CARTESIAN_POINT('',(9.265998262085,3.934589457411E-04));
#1358 = CARTESIAN_POINT('',(9.027264254338,3.934712386649E-04));
#1359 = CARTESIAN_POINT('',(8.944259293726,3.934860514069E-04));
#1360 = CARTESIAN_POINT('',(8.861256789166,3.935124399095E-04));
#1361 = CARTESIAN_POINT('',(8.778259370911,3.935483418972E-04));
#1362 = CARTESIAN_POINT('',(8.695262330768,3.935879077002E-04));
#1363 = CARTESIAN_POINT('',(8.612260381857,3.936226680647E-04));
#1364 = CARTESIAN_POINT('',(8.529254311934,3.936445585102E-04));
#1365 = CARTESIAN_POINT('',(8.350150302383,3.936580279204E-04));
#1366 = CARTESIAN_POINT('',(8.254022856579,3.936443853668E-04));
#1367 = CARTESIAN_POINT('',(8.15790378892,3.936042408572E-04));
#1368 = CARTESIAN_POINT('',(8.061794937788,3.935411170183E-04));
#1369 = CARTESIAN_POINT('',(7.965685053736,3.934724819848E-04));
#1370 = CARTESIAN_POINT('',(7.869563466201,3.934248403659E-04));
#1371 = CARTESIAN_POINT('',(7.773433747084,3.934191240126E-04));
#1372 = CARTESIAN_POINT('',(7.575423526119,3.934752854905E-04));
#1373 = CARTESIAN_POINT('',(7.473488903846,3.935657032249E-04));
#1374 = CARTESIAN_POINT('',(7.371568453498,3.935794175503E-04));
#1375 = CARTESIAN_POINT('',(7.269661580042,3.937679297759E-04));
#1376 = CARTESIAN_POINT('',(7.167755694948,3.937926279502E-04));
#1377 = CARTESIAN_POINT('',(7.065838046679,3.935050077219E-04));
#1378 = CARTESIAN_POINT('',(6.963906861692,3.935149078892E-04));
#1379 = CARTESIAN_POINT('',(6.761753018241,3.936335644497E-04));
#1380 = CARTESIAN_POINT('',(6.661478960249,3.937260138205E-04));
#1381 = CARTESIAN_POINT('',(6.561217827166,3.937029801624E-04));
#1382 = CARTESIAN_POINT('',(6.460967542772,3.935976986425E-04));
#1383 = CARTESIAN_POINT('',(6.36071614203,3.934924975068E-04));
#1384 = CARTESIAN_POINT('',(6.260452135989,3.934358277208E-04));
#1385 = CARTESIAN_POINT('',(6.160175208016,3.934212060584E-04));
#1386 = CARTESIAN_POINT('',(6.059926569793,3.934397237564E-04));
#1387 = ( GEOMETRIC_REPRESENTATION_CONTEXT(2) 
PARAMETRIC_REPRESENTATION_CONTEXT() REPRESENTATION_CONTEXT('2D SPACE',''
  ) );
#1388 = ORIENTED_EDGE('',*,*,#1389,.F.);
#1389 = EDGE_CURVE('',#687,#1000,#1390,.T.);
#1390 = SEAM_CURVE('',#1391,(#1395,#1402),.PCURVE_S1.);
#1391 = LINE('',#1392,#1393);
#1392 = CARTESIAN_POINT('',(-3.266133013326E-15,-30.,13.335));
#1393 = VECTOR('',#1394,1.);
#1394 = DIRECTION('',(0.,1.,0.));
#1395 = PCURVE('',#707,#1396);
#1396 = DEFINITIONAL_REPRESENTATION('',(#1397),#1401);
#1397 = LINE('',#1398,#1399);
#1398 = CARTESIAN_POINT('',(0.,-0.));
#1399 = VECTOR('',#1400,1.);
#1400 = DIRECTION('',(0.,1.));
#1401 = ( GEOMETRIC_REPRESENTATION_CONTEXT(2) 
PARAMETRIC_REPRESENTATION_CONTEXT() REPRESENTATION_CONTEXT('2D SPACE',''
  ) );
#1402 = PCURVE('',#707,#1403);
#1403 = DEFINITIONAL_REPRESENTATION('',(#1404),#1408);
#1404 = LINE('',#1405,#1406);
#1405 = CARTESIAN_POINT('',(6.28318530718,-0.));
#1406 = VECTOR('',#1407,1.);
#1407 = DIRECTION('',(0.,1.));
#1408 = ( GEOMETRIC_REPRESENTATION_CONTEXT(2) 
PARAMETRIC_REPRESENTATION_CONTEXT() REPRESENTATION_CONTEXT('2D SPACE',''
  ) );
#1409 = ORIENTED_EDGE('',*,*,#686,.T.);
#1410 = ORIENTED_EDGE('',*,*,#1389,.T.);
#1411 = ORIENTED_EDGE('',*,*,#1412,.T.);
#1412 = EDGE_CURVE('',#1000,#1413,#1415,.T.);
#1413 = VERTEX_POINT('',#1414);
#1414 = CARTESIAN_POINT('',(13.335,-29.05818581632,-7.887295703491E-15)
  );
#1415 = SURFACE_CURVE('',#1416,(#1475,#1537),.PCURVE_S1.);
#1416 = B_SPLINE_CURVE_WITH_KNOTS('',8,(#1417,#1418,#1419,#1420,#1421,
    #1422,#1423,#1424,#1425,#1426,#1427,#1428,#1429,#1430,#1431,#1432,
    #1433,#1434,#1435,#1436,#1437,#1438,#1439,#1440,#1441,#1442,#1443,
    #1444,#1445,#1446,#1447,#1448,#1449,#1450,#1451,#1452,#1453,#1454,
    #1455,#1456,#1457,#1458,#1459,#1460,#1461,#1462,#1463,#1464,#1465,
    #1466,#1467,#1468,#1469,#1470,#1471,#1472,#1473,#1474),
  .UNSPECIFIED.,.F.,.F.,(9,7,7,7,7,7,7,7,9),(0.,0.114907736387,
    0.228849133586,0.358116894443,0.504752231888,0.670450713786,
    0.769534169774,0.892090599307,1.),.UNSPECIFIED.);
#1417 = CARTESIAN_POINT('',(-3.552713678801E-15,-25.24818587936,13.335)
  );
#1418 = CARTESIAN_POINT('',(-0.902497509148,-25.30290470466,13.335));
#1419 = CARTESIAN_POINT('',(-1.805144936807,-25.35763246594,
    13.265193954964));
#1420 = CARTESIAN_POINT('',(-2.701435447783,-25.41235721476,
    13.12554333519));
#1421 = CARTESIAN_POINT('',(-3.585058729747,-25.467077721,
    12.916774003514));
#1422 = CARTESIAN_POINT('',(-4.449878136174,-25.52179814524,
    12.640261517053));
#1423 = CARTESIAN_POINT('',(-5.289928086733,-25.57652273542,
    12.297990690692));
#1424 = CARTESIAN_POINT('',(-6.09943172512,-25.63125054794,
    11.892589422325));
#1425 = CARTESIAN_POINT('',(-7.639741824482,-25.74022966265,
    10.966195929911));
#1426 = CARTESIAN_POINT('',(-8.371370497283,-25.79449623172,
    10.446073579572));
#1427 = CARTESIAN_POINT('',(-9.06229035503,-25.84875947885,
    9.870303120362));
#1428 = CARTESIAN_POINT('',(-9.707599196867,-25.90301878933,
    9.242650211253));
#1429 = CARTESIAN_POINT('',(-10.30285439423,-25.95727835679,
    8.56733456603));
#1430 = CARTESIAN_POINT('',(-10.84405357697,-26.0115421535,
    7.849001283214));
#1431 = CARTESIAN_POINT('',(-11.32766873013,-26.06580886929,
    7.092741718551));
#1432 = CARTESIAN_POINT('',(-12.23070553674,-26.18162305675,
    5.409513743318));
#1433 = CARTESIAN_POINT('',(-12.63296127538,-26.243195659,4.472857295127
    ));
#1434 = CARTESIAN_POINT('',(-12.95301101828,-26.30476286703,
    3.502396885366));
#1435 = CARTESIAN_POINT('',(-13.1876470036,-26.36632229061,
    2.506610104161));
#1436 = CARTESIAN_POINT('',(-13.33471525076,-26.42788138107,
    1.494185463925));
#1437 = CARTESIAN_POINT('',(-13.39303844302,-26.48944794579,
    0.473989353727));
#1438 = CARTESIAN_POINT('',(-13.36249004889,-26.55102070437,
    -0.544935714026));
#1439 = CARTESIAN_POINT('',(-13.11005927682,-26.68240976057,
    -2.697230274344));
#1440 = CARTESIAN_POINT('',(-12.86293713969,-26.75226642297,
    -3.828315413621));
#1441 = CARTESIAN_POINT('',(-12.50430605001,-26.82210895127,
    -4.932903708112));
#1442 = CARTESIAN_POINT('',(-12.03770403052,-26.89193990718,
    -5.998239570398));
#1443 = CARTESIAN_POINT('',(-11.46817451713,-26.96177085535,
    -7.012287931872));
#1444 = CARTESIAN_POINT('',(-10.80228861931,-27.03161336783,
    -7.963774943985));
#1445 = CARTESIAN_POINT('',(-10.04809922155,-27.10147001656,
    -8.84219471798));
#1446 = CARTESIAN_POINT('',(-8.275008067258,-27.25020789992,
    -10.53756426133));
#1447 = CARTESIAN_POINT('',(-7.233478987188,-27.3291621956,
    -11.33259463107));
#1448 = CARTESIAN_POINT('',(-6.105400589553,-27.40808968138,
    -12.00912542818));
#1449 = CARTESIAN_POINT('',(-4.906726823962,-27.48699842015,
    -12.55660685707));
#1450 = CARTESIAN_POINT('',(-3.654418521679,-27.56590852371,
    -12.9669013511));
#1451 = CARTESIAN_POINT('',(-2.366459861445,-27.6448397402,
    -13.23447042064));
#1452 = CARTESIAN_POINT('',(-1.061767517179,-27.72379847766,
    -13.35621653528));
#1453 = CARTESIAN_POINT('',(1.017503298184,-27.84988590605,
    -13.31887812927));
#1454 = CARTESIAN_POINT('',(1.794697887465,-27.8970716059,
    -13.25301092948));
#1455 = CARTESIAN_POINT('',(2.566892386795,-27.94425566118,
    -13.13531232061));
#1456 = CARTESIAN_POINT('',(3.330061798437,-27.99143815343,
    -12.96624792734));
#1457 = CARTESIAN_POINT('',(4.080261469986,-28.03862122075,
    -12.74664304763));
#1458 = CARTESIAN_POINT('',(4.813626457285,-28.08580651485,
    -12.47767128793));
#1459 = CARTESIAN_POINT('',(5.5263803112,-28.13299259028,-12.1608743157)
  );
#1460 = CARTESIAN_POINT('',(7.066426228001,-28.23852876646,
    -11.34963623671));
#1461 = CARTESIAN_POINT('',(7.881198113915,-28.2968989447,-10.8307072635
    ));
#1462 = CARTESIAN_POINT('',(8.652112231868,-28.35526544441,
    -10.24507220885));
#1463 = CARTESIAN_POINT('',(9.372829136849,-28.41362605226,
    -9.597140720788));
#1464 = CARTESIAN_POINT('',(10.037615315211,-28.47198628085,
    -8.891949708342));
#1465 = CARTESIAN_POINT('',(10.641309380005,-28.53035203408,
    -8.135110238897));
#1466 = CARTESIAN_POINT('',(11.179365799373,-28.58872231522,
    -7.332837320726));
#1467 = CARTESIAN_POINT('',(12.060581707568,-28.69846692878,
    -5.751770937452));
#1468 = CARTESIAN_POINT('',(12.41948757944,-28.74986068219,
    -4.981381247918));
#1469 = CARTESIAN_POINT('',(12.722027748759,-28.80125176345,
    -4.185604435941));
#1470 = CARTESIAN_POINT('',(12.966143787317,-28.8526380547,
    -3.369300727679));
#1471 = CARTESIAN_POINT('',(13.150297606704,-28.90402244152,
    -2.537450474678));
#1472 = CARTESIAN_POINT('',(13.27343500257,-28.95540878665,
    -1.695138796291));
#1473 = CARTESIAN_POINT('',(13.335,-29.00679823017,-0.847554031481));
#1474 = CARTESIAN_POINT('',(13.335,-29.05818581632,-1.24344978758E-14));
#1475 = PCURVE('',#707,#1476);
#1476 = DEFINITIONAL_REPRESENTATION('',(#1477),#1536);
#1477 = B_SPLINE_CURVE_WITH_KNOTS('',8,(#1478,#1479,#1480,#1481,#1482,
    #1483,#1484,#1485,#1486,#1487,#1488,#1489,#1490,#1491,#1492,#1493,
    #1494,#1495,#1496,#1497,#1498,#1499,#1500,#1501,#1502,#1503,#1504,
    #1505,#1506,#1507,#1508,#1509,#1510,#1511,#1512,#1513,#1514,#1515,
    #1516,#1517,#1518,#1519,#1520,#1521,#1522,#1523,#1524,#1525,#1526,
    #1527,#1528,#1529,#1530,#1531,#1532,#1533,#1534,#1535),
  .UNSPECIFIED.,.F.,.F.,(9,7,7,7,7,7,7,7,9),(0.,0.114907736387,
    0.228849133586,0.358116894443,0.504752231888,0.670450713786,
    0.769534169774,0.892090599307,1.),.UNSPECIFIED.);
#1478 = CARTESIAN_POINT('',(6.28318530718,4.751814120638));
#1479 = CARTESIAN_POINT('',(6.21550645385,4.697095295337));
#1480 = CARTESIAN_POINT('',(6.147816529563,4.642367534051));
#1481 = CARTESIAN_POINT('',(6.080130317228,4.587642785235));
#1482 = CARTESIAN_POINT('',(6.012449351837,4.532922278994));
#1483 = CARTESIAN_POINT('',(5.944768499856,4.478201854758));
#1484 = CARTESIAN_POINT('',(5.877082513184,4.423477264577));
#1485 = CARTESIAN_POINT('',(5.809392557679,4.368749452056));
#1486 = CARTESIAN_POINT('',(5.674602041745,4.259770337343));
#1487 = CARTESIAN_POINT('',(5.607482598272,4.205503768275));
#1488 = CARTESIAN_POINT('',(5.540367271544,4.151240521148));
#1489 = CARTESIAN_POINT('',(5.473256813733,4.096981210669));
#1490 = CARTESIAN_POINT('',(5.406146030514,4.042721643204));
#1491 = CARTESIAN_POINT('',(5.339030004751,3.988457846499));
#1492 = CARTESIAN_POINT('',(5.271910356796,3.934191130705));
#1493 = CARTESIAN_POINT('',(5.128665856665,3.818376943247));
#1494 = CARTESIAN_POINT('',(5.052509919144,3.756804340992));
#1495 = CARTESIAN_POINT('',(4.976360644283,3.695237132962));
#1496 = CARTESIAN_POINT('',(4.900220996435,3.633677709385));
#1497 = CARTESIAN_POINT('',(4.824081766834,3.572118618927));
#1498 = CARTESIAN_POINT('',(4.747933302579,3.51055205421));
#1499 = CARTESIAN_POINT('',(4.671777186643,3.448979295622));
#1500 = CARTESIAN_POINT('',(4.509268967057,3.317590239421));
#1501 = CARTESIAN_POINT('',(4.422866940184,3.247733577024));
#1502 = CARTESIAN_POINT('',(4.336482399145,3.177891048729));
#1503 = CARTESIAN_POINT('',(4.250112168313,3.10806009282));
#1504 = CARTESIAN_POINT('',(4.163741937426,3.038229144648));
#1505 = CARTESIAN_POINT('',(4.077357396251,2.968386632166));
#1506 = CARTESIAN_POINT('',(3.990955369246,2.898529983433));
#1507 = CARTESIAN_POINT('',(3.806989283861,2.749792100078));
#1508 = CARTESIAN_POINT('',(3.709334860846,2.670837804391));
#1509 = CARTESIAN_POINT('',(3.611713607138,2.591910318617));
#1510 = CARTESIAN_POINT('',(3.514115554103,2.513001579843));
#1511 = CARTESIAN_POINT('',(3.416515819926,2.434091476286));
#1512 = CARTESIAN_POINT('',(3.318889956394,2.355160259796));
#1513 = CARTESIAN_POINT('',(3.221230031346,2.276201522335));
#1514 = CARTESIAN_POINT('',(3.065279072241,2.15011409395));
#1515 = CARTESIAN_POINT('',(3.006917537203,2.102928394095));
#1516 = CARTESIAN_POINT('',(2.948558031715,2.055744338814));
#1517 = CARTESIAN_POINT('',(2.890200458162,2.008561846564));
#1518 = CARTESIAN_POINT('',(2.831842176673,1.961378779242));
#1519 = CARTESIAN_POINT('',(2.773481149202,1.91419348515));
#1520 = CARTESIAN_POINT('',(2.715119166916,1.867007409713));
#1521 = CARTESIAN_POINT('',(2.584587030216,1.761471233536));
#1522 = CARTESIAN_POINT('',(2.512392048769,1.703101055292));
#1523 = CARTESIAN_POINT('',(2.44020163535,1.644734555587));
#1524 = CARTESIAN_POINT('',(2.368018518812,1.586373947736));
#1525 = CARTESIAN_POINT('',(2.295835863255,1.52801371915));
#1526 = CARTESIAN_POINT('',(2.223646346165,1.469647965912));
#1527 = CARTESIAN_POINT('',(2.151451189475,1.411277684775));
#1528 = CARTESIAN_POINT('',(2.01571375648,1.301533071214));
#1529 = CARTESIAN_POINT('',(1.952147464311,1.250139317802));
#1530 = CARTESIAN_POINT('',(1.888584467691,1.198748236544));
#1531 = CARTESIAN_POINT('',(1.82502740622,1.147361945299));
#1532 = CARTESIAN_POINT('',(1.761472745086,1.095977558474));
#1533 = CARTESIAN_POINT('',(1.69791573341,1.044591213346));
#1534 = CARTESIAN_POINT('',(1.63435493433,0.993201769826));
#1535 = CARTESIAN_POINT('',(1.570796326795,0.941814183675));
#1536 = ( GEOMETRIC_REPRESENTATION_CONTEXT(2) 
PARAMETRIC_REPRESENTATION_CONTEXT() REPRESENTATION_CONTEXT('2D SPACE',''
  ) );
#1537 = PCURVE('',#1139,#1538);
#1538 = DEFINITIONAL_REPRESENTATION('',(#1539),#1598);
#1539 = B_SPLINE_CURVE_WITH_KNOTS('',8,(#1540,#1541,#1542,#1543,#1544,
    #1545,#1546,#1547,#1548,#1549,#1550,#1551,#1552,#1553,#1554,#1555,
    #1556,#1557,#1558,#1559,#1560,#1561,#1562,#1563,#1564,#1565,#1566,
    #1567,#1568,#1569,#1570,#1571,#1572,#1573,#1574,#1575,#1576,#1577,
    #1578,#1579,#1580,#1581,#1582,#1583,#1584,#1585,#1586,#1587,#1588,
    #1589,#1590,#1591,#1592,#1593,#1594,#1595,#1596,#1597),
  .UNSPECIFIED.,.F.,.F.,(9,7,7,7,7,7,7,7,9),(0.,0.114907736387,
    0.228849133586,0.358116894443,0.504752231888,0.670450713786,
    0.769534169774,0.892090599307,1.),.UNSPECIFIED.);
#1540 = CARTESIAN_POINT('',(6.059926569793,3.934397237564E-04));
#1541 = CARTESIAN_POINT('',(5.972894515535,3.934558001173E-04));
#1542 = CARTESIAN_POINT('',(5.885848222748,3.934963079097E-04));
#1543 = CARTESIAN_POINT('',(5.798806704172,3.935533413473E-04));
#1544 = CARTESIAN_POINT('',(5.71177193525,3.93608753552E-04));
#1545 = CARTESIAN_POINT('',(5.624737314442,3.936472122864E-04));
#1546 = CARTESIAN_POINT('',(5.537696091579,3.936626773862E-04));
#1547 = CARTESIAN_POINT('',(5.450649764241,3.936582998947E-04));
#1548 = CARTESIAN_POINT('',(5.277315043895,3.936213419597E-04));
#1549 = CARTESIAN_POINT('',(5.191002368094,3.935890925E-04));
#1550 = CARTESIAN_POINT('',(5.104694984551,3.935486097471E-04));
#1551 = CARTESIAN_POINT('',(5.018393860768,3.935096623224E-04));
#1552 = CARTESIAN_POINT('',(4.93209231803,3.934804872201E-04));
#1553 = CARTESIAN_POINT('',(4.845784034407,3.934648479272E-04));
#1554 = CARTESIAN_POINT('',(4.75947109469,3.934618356835E-04));
#1555 = CARTESIAN_POINT('',(4.575264919781,3.934758769166E-04));
#1556 = CARTESIAN_POINT('',(4.477331710773,3.934956227201E-04));
#1557 = CARTESIAN_POINT('',(4.37940707287,3.935235814529E-04));
#1558 = CARTESIAN_POINT('',(4.281494817179,3.935507822054E-04));
#1559 = CARTESIAN_POINT('',(4.183583099729,3.935699399228E-04));
#1560 = CARTESIAN_POINT('',(4.085659505123,3.9357867272E-04));
#1561 = CARTESIAN_POINT('',(3.987726067385,3.935793495883E-04));
#1562 = CARTESIAN_POINT('',(3.778747589923,3.935712793878E-04));
#1563 = CARTESIAN_POINT('',(3.667638350083,3.93561231038E-04));
#1564 = CARTESIAN_POINT('',(3.556551591566,3.935506227864E-04));
#1565 = CARTESIAN_POINT('',(3.445483232172,3.935468352175E-04));
#1566 = CARTESIAN_POINT('',(3.334414873375,3.935542571914E-04));
#1567 = CARTESIAN_POINT('',(3.223328116305,3.935663366282E-04));
#1568 = CARTESIAN_POINT('',(3.112218878257,3.935753728303E-04));
#1569 = CARTESIAN_POINT('',(2.875646525715,3.935787617176E-04));
#1570 = CARTESIAN_POINT('',(2.750067207427,3.935710456691E-04));
#1571 = CARTESIAN_POINT('',(2.624530547652,3.935475452393E-04));
#1572 = CARTESIAN_POINT('',(2.499023723334,3.935070511511E-04));
#1573 = CARTESIAN_POINT('',(2.373514731102,3.934638600212E-04));
#1574 = CARTESIAN_POINT('',(2.24797213068,3.934468916638E-04));
#1575 = CARTESIAN_POINT('',(2.122385724971,3.934608438911E-04));
#1576 = CARTESIAN_POINT('',(1.921839589794,3.935158530634E-04));
#1577 = CARTESIAN_POINT('',(1.846789199596,3.935437096776E-04));
#1578 = CARTESIAN_POINT('',(1.771741419684,3.935767938684E-04));
#1579 = CARTESIAN_POINT('',(1.696696125219,3.93610456201E-04));
#1580 = CARTESIAN_POINT('',(1.621649921742,3.936387029953E-04));
#1581 = CARTESIAN_POINT('',(1.546600188165,3.936557988721E-04));
#1582 = CARTESIAN_POINT('',(1.471549227178,3.936582108349E-04));
#1583 = CARTESIAN_POINT('',(1.303690598255,3.936328959422E-04));
#1584 = CARTESIAN_POINT('',(1.210851003657,3.935982313811E-04));
#1585 = CARTESIAN_POINT('',(1.118017282068,3.93542343454E-04));
#1586 = CARTESIAN_POINT('',(1.025192940848,3.934776619021E-04));
#1587 = CARTESIAN_POINT('',(0.932369189965,3.934253239487E-04));
#1588 = CARTESIAN_POINT('',(0.839536616648,3.934067719072E-04));
#1589 = CARTESIAN_POINT('',(0.746696796626,3.934312274044E-04));
#1590 = CARTESIAN_POINT('',(0.57214439338,3.93521142566E-04));
#1591 = CARTESIAN_POINT('',(0.490400926361,3.935809479944E-04));
#1592 = CARTESIAN_POINT('',(0.408661698699,3.93651079137E-04));
#1593 = CARTESIAN_POINT('',(0.326930107539,3.937041421682E-04));
#1594 = CARTESIAN_POINT('',(0.245201598315,3.937065789852E-04));
#1595 = CARTESIAN_POINT('',(0.163470044088,3.936422640796E-04));
#1596 = CARTESIAN_POINT('',(8.173359530989E-02,3.935458480982E-04));
#1597 = CARTESIAN_POINT('',(0.,3.935458480958E-04));
#1598 = ( GEOMETRIC_REPRESENTATION_CONTEXT(2) 
PARAMETRIC_REPRESENTATION_CONTEXT() REPRESENTATION_CONTEXT('2D SPACE',''
  ) );
#1599 = ORIENTED_EDGE('',*,*,#1600,.F.);
#1600 = EDGE_CURVE('',#1601,#1413,#1603,.T.);
#1601 = VERTEX_POINT('',#1602);
#1602 = CARTESIAN_POINT('',(0.374077088503,-29.64887222788,
    13.329752110668));
#1603 = SURFACE_CURVE('',#1604,(#1722,#1843),.PCURVE_S1.);
#1604 = B_SPLINE_CURVE_WITH_KNOTS('',6,(#1605,#1606,#1607,#1608,#1609,
    #1610,#1611,#1612,#1613,#1614,#1615,#1616,#1617,#1618,#1619,#1620,
    #1621,#1622,#1623,#1624,#1625,#1626,#1627,#1628,#1629,#1630,#1631,
    #1632,#1633,#1634,#1635,#1636,#1637,#1638,#1639,#1640,#1641,#1642,
    #1643,#1644,#1645,#1646,#1647,#1648,#1649,#1650,#1651,#1652,#1653,
    #1654,#1655,#1656,#1657,#1658,#1659,#1660,#1661,#1662,#1663,#1664,
    #1665,#1666,#1667,#1668,#1669,#1670,#1671,#1672,#1673,#1674,#1675,
    #1676,#1677,#1678,#1679,#1680,#1681,#1682,#1683,#1684,#1685,#1686,
    #1687,#1688,#1689,#1690,#1691,#1692,#1693,#1694,#1695,#1696,#1697,
    #1698,#1699,#1700,#1701,#1702,#1703,#1704,#1705,#1706,#1707,#1708,
    #1709,#1710,#1711,#1712,#1713,#1714,#1715,#1716,#1717,#1718,#1719,
    #1720,#1721),.UNSPECIFIED.,.F.,.F.,(7,5,5,5,5,5,5,5,5,5,5,5,5,5,5,5,
    5,5,5,5,5,5,5,7),(0.,1.894630121573E-02,2.690424500833E-02,
    3.040818066947E-02,3.682132662605E-02,4.540829080919E-02,
    5.124628508126E-02,6.001646303503E-02,6.834451702462E-02,
    7.709480149135E-02,9.410388455752E-02,0.121944940719,0.144761193757,
    0.171538220237,0.186415012642,0.203276519233,0.222123133452,
    0.242955096977,0.267756720701,0.298512684111,0.342169002867,
    0.423533875409,0.662681923757,1.),.UNSPECIFIED.);
#1605 = CARTESIAN_POINT('',(0.374077088503,-29.64887222788,
    13.329752110668));
#1606 = CARTESIAN_POINT('',(0.384997334131,-29.64892963484,
    13.329445652329));
#1607 = CARTESIAN_POINT('',(0.397225860583,-29.64896331965,
    13.329091680776));
#1608 = CARTESIAN_POINT('',(0.411078740394,-29.64896619541,
    13.328676850594));
#1609 = CARTESIAN_POINT('',(0.427001690152,-29.64892706618,
    13.328179675437));
#1610 = CARTESIAN_POINT('',(0.445610030782,-29.64882966464,
    13.327571419422));
#1611 = CARTESIAN_POINT('',(0.477445847796,-29.64856224286,
    13.326453363327));
#1612 = CARTESIAN_POINT('',(0.487531246817,-29.64846712578,
    13.326091174899));
#1613 = CARTESIAN_POINT('',(0.498365255522,-29.6483536339,
    13.325692572765));
#1614 = CARTESIAN_POINT('',(0.510039550127,-29.64821888266,
    13.325251501297));
#1615 = CARTESIAN_POINT('',(0.522650189941,-29.64805960968,
    13.32476071566));
#1616 = CARTESIAN_POINT('',(0.542295953961,-29.64778986044,
    13.323969987436));
#1617 = CARTESIAN_POINT('',(0.548500813377,-29.64770197521,
    13.323716992949));
#1618 = CARTESIAN_POINT('',(0.554912528666,-29.64760837024,
    13.323452013345));
#1619 = CARTESIAN_POINT('',(0.56153784255,-29.64750876221,
    13.323174322595));
#1620 = CARTESIAN_POINT('',(0.568382466913,-29.64740288224,
    13.322883187578));
#1621 = CARTESIAN_POINT('',(0.588388553627,-29.64708474202,
    13.322019051194));
#1622 = CARTESIAN_POINT('',(0.602077837267,-29.64685712649,
    13.321412645941));
#1623 = CARTESIAN_POINT('',(0.616542478672,-29.64660617708,
    13.320754390943));
#1624 = CARTESIAN_POINT('',(0.631790318993,-29.64633076397,
    13.320040054318));
#1625 = CARTESIAN_POINT('',(0.647803664814,-29.6460304434,
    13.319266340923));
#1626 = CARTESIAN_POINT('',(0.686924672253,-29.64527116421,
    13.317314379744));
#1627 = CARTESIAN_POINT('',(0.710605951598,-29.6447927788,
    13.316087522525));
#1628 = CARTESIAN_POINT('',(0.73544452857,-29.64427207088,
    13.314747721286));
#1629 = CARTESIAN_POINT('',(0.761263176538,-29.64371274131,
    13.313295130831));
#1630 = CARTESIAN_POINT('',(0.787868967572,-29.64311971498,
    13.311732833724));
#1631 = CARTESIAN_POINT('',(0.833590016314,-29.64207543358,
    13.308932953705));
#1632 = CARTESIAN_POINT('',(0.852381344724,-29.64163945556,
    13.307751220955));
#1633 = CARTESIAN_POINT('',(0.87141190692,-29.64119155349,
    13.306522028661));
#1634 = CARTESIAN_POINT('',(0.890639557853,-29.64073308321,
    13.305246648786));
#1635 = CARTESIAN_POINT('',(0.910029743992,-29.64026524953,
    13.303926264296));
#1636 = CARTESIAN_POINT('',(0.95889231807,-29.63907359294,
    13.300511842692));
#1637 = CARTESIAN_POINT('',(0.988532603454,-29.63833932461,
    13.298362630281));
#1638 = CARTESIAN_POINT('',(1.018394525975,-29.63758944761,
    13.296116821231));
#1639 = CARTESIAN_POINT('',(1.048415834557,-29.63682659887,
    13.293777099919));
#1640 = CARTESIAN_POINT('',(1.078554945498,-29.63605277833,
    13.291345484061));
#1641 = CARTESIAN_POINT('',(1.13750161885,-29.63452533885,
    13.286427102126));
#1642 = CARTESIAN_POINT('',(1.166296061206,-29.63377276421,
    13.283949599285));
#1643 = CARTESIAN_POINT('',(1.195151508253,-29.63301282936,
    13.28139117603));
#1644 = CARTESIAN_POINT('',(1.224051505793,-29.63224652459,
    13.278752702398));
#1645 = CARTESIAN_POINT('',(1.252984771386,-29.63147461924,
    13.276034824355));
#1646 = CARTESIAN_POINT('',(1.312372688375,-29.62988137766,
    13.270299070922));
#1647 = CARTESIAN_POINT('',(1.342829029018,-29.62905954832,
    13.267273075939));
#1648 = CARTESIAN_POINT('',(1.373304841398,-29.62823290473,
    13.264160336864));
#1649 = CARTESIAN_POINT('',(1.403793537111,-29.62740200876,
    13.260961266046));
#1650 = CARTESIAN_POINT('',(1.434290464382,-29.62656730862,
    13.257676176856));
#1651 = CARTESIAN_POINT('',(1.524083778202,-29.62409994769,
    13.247752715476));
#1652 = CARTESIAN_POINT('',(1.583392529563,-29.62245777789,
    13.240876073304));
#1653 = CARTESIAN_POINT('',(1.642696970764,-29.62080526398,
    13.233676681319));
#1654 = CARTESIAN_POINT('',(1.701982642355,-29.61914422053,
    13.226155760245));
#1655 = CARTESIAN_POINT('',(1.761241082435,-29.6174759075,
    13.218314163956));
#1656 = CARTESIAN_POINT('',(1.917413590336,-29.61306017041,
    13.196792299235));
#1657 = CARTESIAN_POINT('',(2.014270528443,-29.61030225669,
    13.182574655329));
#1658 = CARTESIAN_POINT('',(2.111015822757,-29.60753177244,
    13.167501458849));
#1659 = CARTESIAN_POINT('',(2.20763281085,-29.60475118525,
    13.151574965251));
#1660 = CARTESIAN_POINT('',(2.304108698514,-29.60196230231,
    13.134797201136));
#1661 = CARTESIAN_POINT('',(2.479375418231,-29.59687504023,
    13.10272349094));
#1662 = CARTESIAN_POINT('',(2.558214589144,-29.59457900685,
    13.08770678425));
#1663 = CARTESIAN_POINT('',(2.636946068105,-29.59227897962,
    13.072120527985));
#1664 = CARTESIAN_POINT('',(2.715564130484,-29.58997549584,
    13.055965801068));
#1665 = CARTESIAN_POINT('',(2.79406331154,-29.58766896844,
    13.039243718242));
#1666 = CARTESIAN_POINT('',(2.964418863815,-29.58264964406,
    13.001665965403));
#1667 = CARTESIAN_POINT('',(3.056228318358,-29.57993583002,
    12.980596664984));
#1668 = CARTESIAN_POINT('',(3.147858135093,-29.5772188464,
    12.958749379316));
#1669 = CARTESIAN_POINT('',(3.239299867831,-29.57449910737,
    12.936126081121));
#1670 = CARTESIAN_POINT('',(3.330545188187,-29.5717769343,
    12.912728847723));
#1671 = CARTESIAN_POINT('',(3.47216628834,-29.56753900776,
    12.875132036273));
#1672 = CARTESIAN_POINT('',(3.522683538112,-29.56602475096,
    12.861465999676));
#1673 = CARTESIAN_POINT('',(3.573136201066,-29.56450987137,
    12.847562120522));
#1674 = CARTESIAN_POINT('',(3.623522867386,-29.56299440969,
    12.833420784012));
#1675 = CARTESIAN_POINT('',(3.673842132746,-29.56147840213,
    12.819042385948));
#1676 = CARTESIAN_POINT('',(3.781046982922,-29.55824303937,
    12.787862483976));
#1677 = CARTESIAN_POINT('',(3.837912985603,-29.5565235383,
    12.770993623717));
#1678 = CARTESIAN_POINT('',(3.894688569229,-29.55480342346,
    12.753821343756));
#1679 = CARTESIAN_POINT('',(3.951371703903,-29.55308273641,
    12.736346253564));
#1680 = CARTESIAN_POINT('',(4.007960366955,-29.55136151392,
    12.718568980286));
#1681 = CARTESIAN_POINT('',(4.127595551036,-29.54771536316,
    12.68028293607));
#1682 = CARTESIAN_POINT('',(4.190618015651,-29.54579030986,
    12.65969898542));
#1683 = CARTESIAN_POINT('',(4.253517122058,-29.54386467307,
    12.638739217285));
#1684 = CARTESIAN_POINT('',(4.316290066004,-29.54193849302,
    12.617404559738));
#1685 = CARTESIAN_POINT('',(4.378934053708,-29.54001180527,
    12.595695968423));
#1686 = CARTESIAN_POINT('',(4.510543746017,-29.5359544638,12.54920676004
    ));
#1687 = CARTESIAN_POINT('',(4.579480233245,-29.53382370481,
    12.52434342918));
#1688 = CARTESIAN_POINT('',(4.648252004443,-29.53169240558,
    12.499025761869));
#1689 = CARTESIAN_POINT('',(4.716855316418,-29.52956060361,
    12.473255126882));
#1690 = CARTESIAN_POINT('',(4.785286441894,-29.52742833202,
    12.447032933866));
#1691 = CARTESIAN_POINT('',(4.93480335521,-29.52275650539,12.38860576009
    ));
#1692 = CARTESIAN_POINT('',(5.015815719604,-29.52021676688,
    12.356212893358));
#1693 = CARTESIAN_POINT('',(5.096572499231,-29.51767645256,
    12.323184481108));
#1694 = CARTESIAN_POINT('',(5.177067464711,-29.51513560558,
    12.289523052439));
#1695 = CARTESIAN_POINT('',(5.257294420743,-29.5125942637,
    12.255231217585));
#1696 = CARTESIAN_POINT('',(5.436394946125,-29.50690042182,
    12.177008680821));
#1697 = CARTESIAN_POINT('',(5.535121069783,-29.50374767387,
    12.132740396152));
#1698 = CARTESIAN_POINT('',(5.633413826521,-29.50059427711,
    12.08751194686));
#1699 = CARTESIAN_POINT('',(5.73126155394,-29.49744028572,
    12.041328654296));
#1700 = CARTESIAN_POINT('',(5.8286526778,-29.49428574641,11.994196028207
    ));
#1701 = CARTESIAN_POINT('',(6.063152377064,-29.48665228929,
    11.877878282398));
#1702 = CARTESIAN_POINT('',(6.199785937529,-29.48217285708,
    11.807735540443));
#1703 = CARTESIAN_POINT('',(6.335443535563,-29.47769251333,
    11.735707841728));
#1704 = CARTESIAN_POINT('',(6.47009271453,-29.47321135338,
    11.661812230008));
#1705 = CARTESIAN_POINT('',(6.603701419009,-29.46872945632,
    11.586066491928));
#1706 = CARTESIAN_POINT('',(6.983254277947,-29.45589245082,
    11.363903673289));
#1707 = CARTESIAN_POINT('',(7.226546608221,-29.44753568571,
    11.212955837573));
#1708 = CARTESIAN_POINT('',(7.465909801464,-29.43917698637,
    11.055765774646));
#1709 = CARTESIAN_POINT('',(7.701144375469,-29.43081666909,
    10.892462055057));
#1710 = CARTESIAN_POINT('',(7.932056549966,-29.42245496973,
    10.723181695148));
#1711 = CARTESIAN_POINT('',(8.82389926812,-29.38951168927,
    10.033381431187));
#1712 = CARTESIAN_POINT('',(9.45040926158,-29.36491954428,9.46829080362)
  );
#1713 = CARTESIAN_POINT('',(10.033140727889,-29.34032283787,
    8.856533091169));
#1714 = CARTESIAN_POINT('',(10.567855278637,-29.31572145506,
    8.202389844793));
#1715 = CARTESIAN_POINT('',(11.050830521084,-29.29111518036,
    7.51059809057));
#1716 = CARTESIAN_POINT('',(12.082841364786,-29.23179812871,
    5.764995362186));
#1717 = CARTESIAN_POINT('',(12.577769388543,-29.19707677945,
    4.678876715855));
#1718 = CARTESIAN_POINT('',(12.954797865118,-29.16235950976,
    3.54303867833));
#1719 = CARTESIAN_POINT('',(13.208295324354,-29.12764038703,
    2.373415956561));
#1720 = CARTESIAN_POINT('',(13.335000021563,-29.09291023943,
    1.186591537666));
#1721 = CARTESIAN_POINT('',(13.335,-29.05818585215,-2.423288826452E-07)
  );
#1722 = PCURVE('',#707,#1723);
#1723 = DEFINITIONAL_REPRESENTATION('',(#1724),#1842);
#1724 = B_SPLINE_CURVE_WITH_KNOTS('',6,(#1725,#1726,#1727,#1728,#1729,
    #1730,#1731,#1732,#1733,#1734,#1735,#1736,#1737,#1738,#1739,#1740,
    #1741,#1742,#1743,#1744,#1745,#1746,#1747,#1748,#1749,#1750,#1751,
    #1752,#1753,#1754,#1755,#1756,#1757,#1758,#1759,#1760,#1761,#1762,
    #1763,#1764,#1765,#1766,#1767,#1768,#1769,#1770,#1771,#1772,#1773,
    #1774,#1775,#1776,#1777,#1778,#1779,#1780,#1781,#1782,#1783,#1784,
    #1785,#1786,#1787,#1788,#1789,#1790,#1791,#1792,#1793,#1794,#1795,
    #1796,#1797,#1798,#1799,#1800,#1801,#1802,#1803,#1804,#1805,#1806,
    #1807,#1808,#1809,#1810,#1811,#1812,#1813,#1814,#1815,#1816,#1817,
    #1818,#1819,#1820,#1821,#1822,#1823,#1824,#1825,#1826,#1827,#1828,
    #1829,#1830,#1831,#1832,#1833,#1834,#1835,#1836,#1837,#1838,#1839,
    #1840,#1841),.UNSPECIFIED.,.F.,.F.,(7,5,5,5,5,5,5,5,5,5,5,5,5,5,5,5,
    5,5,5,5,5,5,5,7),(0.,1.894630121573E-02,2.690424500833E-02,
    3.040818066947E-02,3.682132662605E-02,4.540829080919E-02,
    5.124628508126E-02,6.001646303503E-02,6.834451702462E-02,
    7.709480149135E-02,9.410388455752E-02,0.121944940719,0.144761193757,
    0.171538220237,0.186415012642,0.203276519233,0.222123133452,
    0.242955096977,0.267756720701,0.298512684111,0.342169002867,
    0.423533875409,0.662681923757,1.),.UNSPECIFIED.);
#1725 = CARTESIAN_POINT('',(2.805595560361E-02,0.351127772112));
#1726 = CARTESIAN_POINT('',(2.887519406633E-02,0.351070365158));
#1727 = CARTESIAN_POINT('',(2.979260276107E-02,0.351036680345));
#1728 = CARTESIAN_POINT('',(3.083190331452E-02,0.351033804589));
#1729 = CARTESIAN_POINT('',(3.202655630225E-02,0.351072933815));
#1730 = CARTESIAN_POINT('',(3.342274866665E-02,0.351170335359));
#1731 = CARTESIAN_POINT('',(3.581160833789E-02,0.351437757135));
#1732 = CARTESIAN_POINT('',(3.656840601917E-02,0.351532874211));
#1733 = CARTESIAN_POINT('',(3.738140434395E-02,0.351646366095));
#1734 = CARTESIAN_POINT('',(3.825749084792E-02,0.351781117338));
#1735 = CARTESIAN_POINT('',(3.920388571376E-02,0.351940390313));
#1736 = CARTESIAN_POINT('',(4.067832671177E-02,0.352210139554));
#1737 = CARTESIAN_POINT('',(4.114401956706E-02,0.352298024787));
#1738 = CARTESIAN_POINT('',(4.162524842664E-02,0.352391629757));
#1739 = CARTESIAN_POINT('',(4.212252093908E-02,0.352491237786));
#1740 = CARTESIAN_POINT('',(4.263626760809E-02,0.352597117754));
#1741 = CARTESIAN_POINT('',(4.413793544691E-02,0.352915257976));
#1742 = CARTESIAN_POINT('',(4.516550950628E-02,0.353142873504));
#1743 = CARTESIAN_POINT('',(4.625134337024E-02,0.353393822916));
#1744 = CARTESIAN_POINT('',(4.739604087839E-02,0.353669236023));
#1745 = CARTESIAN_POINT('',(4.859829109247E-02,0.353969556598));
#1746 = CARTESIAN_POINT('',(5.15356494863E-02,0.354728835786));
#1747 = CARTESIAN_POINT('',(5.331390187197E-02,0.355207221193));
#1748 = CARTESIAN_POINT('',(5.517926332718E-02,0.355727929117));
#1749 = CARTESIAN_POINT('',(5.71184735021E-02,0.356287258682));
#1750 = CARTESIAN_POINT('',(5.911708886489E-02,0.356880285016));
#1751 = CARTESIAN_POINT('',(6.255216186728E-02,0.35792456642));
#1752 = CARTESIAN_POINT('',(6.396411718746E-02,0.358360544437));
#1753 = CARTESIAN_POINT('',(6.539420164344E-02,0.358808446504));
#1754 = CARTESIAN_POINT('',(6.683926039703E-02,0.359266916782));
#1755 = CARTESIAN_POINT('',(6.829670769517E-02,0.359734750461));
#1756 = CARTESIAN_POINT('',(7.196987795175E-02,0.360926407052));
#1757 = CARTESIAN_POINT('',(7.419844941856E-02,0.361660675386));
#1758 = CARTESIAN_POINT('',(7.644412552525E-02,0.362410552386));
#1759 = CARTESIAN_POINT('',(7.870225643637E-02,0.363173401122));
#1760 = CARTESIAN_POINT('',(8.096974273832E-02,0.363947221663));
#1761 = CARTESIAN_POINT('',(8.54055512871E-02,0.36547466115));
#1762 = CARTESIAN_POINT('',(8.757283532304E-02,0.366227235788));
#1763 = CARTESIAN_POINT('',(8.974520104754E-02,0.366987170634));
#1764 = CARTESIAN_POINT('',(9.192143205003E-02,0.36775347541));
#1765 = CARTESIAN_POINT('',(9.41007000603E-02,0.368525380756));
#1766 = CARTESIAN_POINT('',(9.857496004545E-02,0.370118622336));
#1767 = CARTESIAN_POINT('',(0.100870136651,0.370940451671));
#1768 = CARTESIAN_POINT('',(0.103167413739,0.371767095263));
#1769 = CARTESIAN_POINT('',(0.10546631847,0.372597991238));
#1770 = CARTESIAN_POINT('',(0.107766523397,0.37343269138));
#1771 = CARTESIAN_POINT('',(0.114541176023,0.375900052302));
#1772 = CARTESIAN_POINT('',(0.11901850805,0.377542222109));
#1773 = CARTESIAN_POINT('',(0.123498338691,0.379194736011));
#1774 = CARTESIAN_POINT('',(0.127979742345,0.380855779465));
#1775 = CARTESIAN_POINT('',(0.132462243872,0.382524092499));
#1776 = CARTESIAN_POINT('',(0.144284402017,0.386939829585));
#1777 = CARTESIAN_POINT('',(0.151625316011,0.389697743307));
#1778 = CARTESIAN_POINT('',(0.158967406378,0.392468227558));
#1779 = CARTESIAN_POINT('',(0.166310125693,0.395248814741));
#1780 = CARTESIAN_POINT('',(0.173653215158,0.39803769769));
#1781 = CARTESIAN_POINT('',(0.187014841548,0.403124959766));
#1782 = CARTESIAN_POINT('',(0.193033174741,0.405420993145));
#1783 = CARTESIAN_POINT('',(0.199051644702,0.407721020378));
#1784 = CARTESIAN_POINT('',(0.205070207029,0.410024504155));
#1785 = CARTESIAN_POINT('',(0.211088835964,0.412331031556));
#1786 = CARTESIAN_POINT('',(0.224171015008,0.417350355934));
#1787 = CARTESIAN_POINT('',(0.231234580265,0.420064169976));
#1788 = CARTESIAN_POINT('',(0.238298192097,0.422781153595));
#1789 = CARTESIAN_POINT('',(0.245361834527,0.425500892622));
#1790 = CARTESIAN_POINT('',(0.252425498342,0.428223065695));
#1791 = CARTESIAN_POINT('',(0.263413622829,0.432460992235));
#1792 = CARTESIAN_POINT('',(0.267338071051,0.433975249035));
#1793 = CARTESIAN_POINT('',(0.271262523291,0.43549012863));
#1794 = CARTESIAN_POINT('',(0.275186978746,0.437005590309));
#1795 = CARTESIAN_POINT('',(0.279111436794,0.438521597866));
#1796 = CARTESIAN_POINT('',(0.287483919795,0.441756960627));
#1797 = CARTESIAN_POINT('',(0.291931945321,0.4434764617));
#1798 = CARTESIAN_POINT('',(0.29637997292,0.445196576532));
#1799 = CARTESIAN_POINT('',(0.30082800206,0.446917263587));
#1800 = CARTESIAN_POINT('',(0.305276032342,0.448638486071));
#1801 = CARTESIAN_POINT('',(0.314695762013,0.452284636838));
#1802 = CARTESIAN_POINT('',(0.319667461595,0.454209690137));
#1803 = CARTESIAN_POINT('',(0.324639161848,0.456135326927));
#1804 = CARTESIAN_POINT('',(0.329610862461,0.458061506976));
#1805 = CARTESIAN_POINT('',(0.334582563209,0.459988194728));
#1806 = CARTESIAN_POINT('',(0.345049696035,0.464045536192));
#1807 = CARTESIAN_POINT('',(0.350545128101,0.466176295187));
#1808 = CARTESIAN_POINT('',(0.35604055994,0.468307594415));
#1809 = CARTESIAN_POINT('',(0.361535991396,0.470439396383));
#1810 = CARTESIAN_POINT('',(0.367031422361,0.47257166798));
#1811 = CARTESIAN_POINT('',(0.379069471636,0.477243494603));
#1812 = CARTESIAN_POINT('',(0.385612089722,0.479783233114));
#1813 = CARTESIAN_POINT('',(0.392154706927,0.482323547435));
#1814 = CARTESIAN_POINT('',(0.398697323176,0.484864394411));
#1815 = CARTESIAN_POINT('',(0.405239938431,0.4874057363));
#1816 = CARTESIAN_POINT('',(0.419895908774,0.493099578179));
#1817 = CARTESIAN_POINT('',(0.428009263368,0.496252326122));
#1818 = CARTESIAN_POINT('',(0.436122616446,0.499405722888));
#1819 = CARTESIAN_POINT('',(0.444235968008,0.502559714273));
#1820 = CARTESIAN_POINT('',(0.452349318072,0.505714253589));
#1821 = CARTESIAN_POINT('',(0.47197909777,0.513347710709));
#1822 = CARTESIAN_POINT('',(0.483495526202,0.517827142911));
#1823 = CARTESIAN_POINT('',(0.495011952029,0.522307486665));
#1824 = CARTESIAN_POINT('',(0.506528375304,0.526788646619));
#1825 = CARTESIAN_POINT('',(0.518044796088,0.531270543671));
#1826 = CARTESIAN_POINT('',(0.551025046906,0.544107549172));
#1827 = CARTESIAN_POINT('',(0.572488876538,0.552464314282));
#1828 = CARTESIAN_POINT('',(0.593952701918,0.560823013622));
#1829 = CARTESIAN_POINT('',(0.615416521485,0.56918333091));
#1830 = CARTESIAN_POINT('',(0.636880333537,0.577545030261));
#1831 = CARTESIAN_POINT('',(0.72143065458,0.610488310726));
#1832 = CARTESIAN_POINT('',(0.784520264612,0.635080455717));
#1833 = CARTESIAN_POINT('',(0.847606197929,0.659677162129));
#1834 = CARTESIAN_POINT('',(0.910692112732,0.684278544934));
#1835 = CARTESIAN_POINT('',(0.973781667222,0.70888481964));
#1836 = CARTESIAN_POINT('',(1.125851401928,0.768201871283));
#1837 = CARTESIAN_POINT('',(1.214851850569,0.802923220545));
#1838 = CARTESIAN_POINT('',(1.303832264722,0.83764049024));
#1839 = CARTESIAN_POINT('',(1.392812671682,0.872359612961));
#1840 = CARTESIAN_POINT('',(1.481813084375,0.907089760568));
#1841 = CARTESIAN_POINT('',(1.570796344967,0.941814147849));
#1842 = ( GEOMETRIC_REPRESENTATION_CONTEXT(2) 
PARAMETRIC_REPRESENTATION_CONTEXT() REPRESENTATION_CONTEXT('2D SPACE',''
  ) );
#1843 = PCURVE('',#1844,#1891);
#1844 = B_SPLINE_SURFACE_WITH_KNOTS('',6,1,(
    (#1845,#1846)
    ,(#1847,#1848)
    ,(#1849,#1850)
    ,(#1851,#1852)
    ,(#1853,#1854)
    ,(#1855,#1856)
    ,(#1857,#1858)
    ,(#1859,#1860)
    ,(#1861,#1862)
    ,(#1863,#1864)
    ,(#1865,#1866)
    ,(#1867,#1868)
    ,(#1869,#1870)
    ,(#1871,#1872)
    ,(#1873,#1874)
    ,(#1875,#1876)
    ,(#1877,#1878)
    ,(#1879,#1880)
    ,(#1881,#1882)
    ,(#1883,#1884)
    ,(#1885,#1886)
    ,(#1887,#1888)
    ,(#1889,#1890
    )),.UNSPECIFIED.,.F.,.F.,.F.,(7,4,4,4,4,7),(2,2),(0.,0.25978587286,
    0.5,0.512773096416,0.757936471741,1.),(0.,1.),.UNSPECIFIED.);
#1845 = CARTESIAN_POINT('',(15.875000000948,-28.40155566802,
    -9.399199907451E-09));
#1846 = CARTESIAN_POINT('',(13.334000138635,-29.05844433213,
    -2.424205741767E-07));
#1847 = CARTESIAN_POINT('',(15.720523971984,-28.45070756176,
    0.965095276477));
#1848 = CARTESIAN_POINT('',(13.333999521892,-29.08499060938,
    0.906870001024));
#1849 = CARTESIAN_POINT('',(15.493887927234,-28.50041765336,
    1.918611557191));
#1850 = CARTESIAN_POINT('',(13.259987069238,-29.11153688663,
    1.813737298504));
#1851 = CARTESIAN_POINT('',(15.196104642789,-28.55071762822,
    2.853792521268));
#1852 = CARTESIAN_POINT('',(13.111960017668,-29.13808316388,
    2.71305681648));
#1853 = CARTESIAN_POINT('',(14.829080330693,-28.60163719437,
    3.763993531418));
#1854 = CARTESIAN_POINT('',(12.890947001273,-29.16462944114,
    3.59727357751));
#1855 = CARTESIAN_POINT('',(13.994812061872,-28.70088196569,
    5.455580383255));
#1856 = CARTESIAN_POINT('',(12.32905110051,-29.21572205245,5.2559006741)
  );
#1857 = CARTESIAN_POINT('',(12.927712154265,-28.80257851187,
    7.009739903099));
#1858 = CARTESIAN_POINT('',(11.515498570483,-29.26681466376,
    6.805726405049));
#1859 = CARTESIAN_POINT('',(12.364139488247,-28.85201541771,
    7.720098123739));
#1860 = CARTESIAN_POINT('',(11.068928587799,-29.29136099782,
    7.519714761644));
#1861 = CARTESIAN_POINT('',(11.753063427948,-28.90203798401,
    8.389945873757));
#1862 = CARTESIAN_POINT('',(10.569700110484,-29.31590733188,
    8.197930360401));
#1863 = CARTESIAN_POINT('',(11.06355935595,-28.95533337583,
    9.048859669841));
#1864 = CARTESIAN_POINT('',(9.992354577219,-29.34175888764,
    8.869527699756));
#1865 = CARTESIAN_POINT('',(10.330360982805,-29.00925400246,
    9.655276943982));
#1866 = CARTESIAN_POINT('',(9.365377277867,-29.3676104434,9.491493273025
    ));
#1867 = CARTESIAN_POINT('',(10.29323171067,-29.01197799726,
    9.685760112783));
#1868 = CARTESIAN_POINT('',(9.333595876009,-29.3689156651,9.522768599703
    ));
#1869 = CARTESIAN_POINT('',(10.255992327471,-29.01470358026,
    9.716108524249));
#1870 = CARTESIAN_POINT('',(9.301689228568,-29.3702208868,9.553916142678
    ));
#1871 = CARTESIAN_POINT('',(9.501779616257,-29.06977528126,
    10.326225612645));
#1872 = CARTESIAN_POINT('',(8.654858784225,-29.39657818259,
    10.180308171087));
#1873 = CARTESIAN_POINT('',(8.703188117075,-29.12549214373,
    10.881016189748));
#1874 = CARTESIAN_POINT('',(7.957480921426,-29.42293547837,
    10.754082849067));
#1875 = CARTESIAN_POINT('',(7.90859412097,-29.17901073844,
    11.355120326946));
#1876 = CARTESIAN_POINT('',(7.253548086754,-29.44798755246,
    11.247512512366));
#1877 = CARTESIAN_POINT('',(7.0833455728,-29.23305219644,11.773397814986
    ));
#1878 = CARTESIAN_POINT('',(6.513668572456,-29.47303962655,
    11.685200852512));
#1879 = CARTESIAN_POINT('',(5.392436214275,-29.34137319928,
    12.48980333765));
#1880 = CARTESIAN_POINT('',(4.982935237273,-29.52282701616,
    12.438081957429));
#1881 = CARTESIAN_POINT('',(3.620752887222,-29.45121853664,
    12.972327602399));
#1882 = CARTESIAN_POINT('',(3.355579758612,-29.57261440577,
    12.949216917216));
#1883 = CARTESIAN_POINT('',(2.725553307614,-29.506093399,13.152958150815
    ));
#1884 = CARTESIAN_POINT('',(2.528901672706,-29.59734972129,
    13.141221455658));
#1885 = CARTESIAN_POINT('',(1.82036621707,-29.56117779076,13.27365194779
    ));
#1886 = CARTESIAN_POINT('',(1.690006039699,-29.62208503682,
    13.269740748052));
#1887 = CARTESIAN_POINT('',(0.910182974898,-29.61636671464,
    13.334000134544));
#1888 = CARTESIAN_POINT('',(0.845004177507,-29.64682035234,
    13.333999563963));
#1889 = CARTESIAN_POINT('',(3.38209238393E-09,-29.67155566834,
    13.333999983866));
#1890 = CARTESIAN_POINT('',(-2.424213674246E-07,-29.67155566786,
    13.334000138637));
#1891 = DEFINITIONAL_REPRESENTATION('',(#1892),#2010);
#1892 = B_SPLINE_CURVE_WITH_KNOTS('',6,(#1893,#1894,#1895,#1896,#1897,
    #1898,#1899,#1900,#1901,#1902,#1903,#1904,#1905,#1906,#1907,#1908,
    #1909,#1910,#1911,#1912,#1913,#1914,#1915,#1916,#1917,#1918,#1919,
    #1920,#1921,#1922,#1923,#1924,#1925,#1926,#1927,#1928,#1929,#1930,
    #1931,#1932,#1933,#1934,#1935,#1936,#1937,#1938,#1939,#1940,#1941,
    #1942,#1943,#1944,#1945,#1946,#1947,#1948,#1949,#1950,#1951,#1952,
    #1953,#1954,#1955,#1956,#1957,#1958,#1959,#1960,#1961,#1962,#1963,
    #1964,#1965,#1966,#1967,#1968,#1969,#1970,#1971,#1972,#1973,#1974,
    #1975,#1976,#1977,#1978,#1979,#1980,#1981,#1982,#1983,#1984,#1985,
    #1986,#1987,#1988,#1989,#1990,#1991,#1992,#1993,#1994,#1995,#1996,
    #1997,#1998,#1999,#2000,#2001,#2002,#2003,#2004,#2005,#2006,#2007,
    #2008,#2009),.UNSPECIFIED.,.F.,.F.,(7,5,5,5,5,5,5,5,5,5,5,5,5,5,5,5,
    5,5,5,5,5,5,5,7),(0.,1.894630121573E-02,2.690424500833E-02,
    3.040818066947E-02,3.682132662605E-02,4.540829080919E-02,
    5.124628508126E-02,6.001646303503E-02,6.834451702462E-02,
    7.709480149135E-02,9.410388455752E-02,0.121944940719,0.144761193757,
    0.171538220237,0.186415012642,0.203276519233,0.222123133452,
    0.242955096977,0.267756720701,0.298512684111,0.342169002867,
    0.423533875409,0.662681923757,1.),.UNSPECIFIED.);
#1893 = CARTESIAN_POINT('',(0.983417585028,0.));
#1894 = CARTESIAN_POINT('',(0.982854913225,6.607655822392E-02));
#1895 = CARTESIAN_POINT('',(0.982228151767,0.131879887901));
#1896 = CARTESIAN_POINT('',(0.981521961855,0.197419163883));
#1897 = CARTESIAN_POINT('',(0.980714838079,0.262542536274));
#1898 = CARTESIAN_POINT('',(0.97977718432,0.326928540954));
#1899 = CARTESIAN_POINT('',(0.978183860835,0.416491581597));
#1900 = CARTESIAN_POINT('',(0.977680224725,0.442740340003));
#1901 = CARTESIAN_POINT('',(0.97714042109,0.468699766551));
#1902 = CARTESIAN_POINT('',(0.976560086471,0.494296731153));
#1903 = CARTESIAN_POINT('',(0.975934672667,0.519435169189));
#1904 = CARTESIAN_POINT('',(0.974962661461,0.554815812935));
#1905 = CARTESIAN_POINT('',(0.974655950748,0.565520066655));
#1906 = CARTESIAN_POINT('',(0.97433931174,0.576102105747));
#1907 = CARTESIAN_POINT('',(0.974012430535,0.586550754507));
#1908 = CARTESIAN_POINT('',(0.973675044054,0.59685414635));
#1909 = CARTESIAN_POINT('',(0.97268981593,0.625568863021));
#1910 = CARTESIAN_POINT('',(0.972016716562,0.64361227853));
#1911 = CARTESIAN_POINT('',(0.9713065917,0.66104860202));
#1912 = CARTESIAN_POINT('',(0.970559154385,0.677799614307));
#1913 = CARTESIAN_POINT('',(0.969775343358,0.693798698869));
#1914 = CARTESIAN_POINT('',(0.967863105879,0.729352329373));
#1915 = CARTESIAN_POINT('',(0.966707494286,0.748281984225));
#1916 = CARTESIAN_POINT('',(0.965497333178,0.765667489624));
#1917 = CARTESIAN_POINT('',(0.964241225335,0.781518121835));
#1918 = CARTESIAN_POINT('',(0.962948443708,0.795922432212));
#1919 = CARTESIAN_POINT('',(0.960729234421,0.817886767381));
#1920 = CARTESIAN_POINT('',(0.959817783004,0.82616385038));
#1921 = CARTESIAN_POINT('',(0.958895318399,0.83386872288));
#1922 = CARTESIAN_POINT('',(0.957963835523,0.841045923246));
#1923 = CARTESIAN_POINT('',(0.957024959241,0.847740563643));
#1924 = CARTESIAN_POINT('',(0.954660103373,0.863389189357));
#1925 = CARTESIAN_POINT('',(0.953226535931,0.871787744262));
#1926 = CARTESIAN_POINT('',(0.951783052774,0.879334864011));
#1927 = CARTESIAN_POINT('',(0.950332524545,0.88615220523));
#1928 = CARTESIAN_POINT('',(0.948876838307,0.892340829189));
#1929 = CARTESIAN_POINT('',(0.94603061427,0.903342267932));
#1930 = CARTESIAN_POINT('',(0.944640667769,0.908208157808));
#1931 = CARTESIAN_POINT('',(0.943248072194,0.912652240416));
#1932 = CARTESIAN_POINT('',(0.941853545763,0.916730510004));
#1933 = CARTESIAN_POINT('',(0.940457567157,0.920487972641));
#1934 = CARTESIAN_POINT('',(0.937592400532,0.927613080708));
#1935 = CARTESIAN_POINT('',(0.936123140866,0.930951163459));
#1936 = CARTESIAN_POINT('',(0.934652979387,0.934020102745));
#1937 = CARTESIAN_POINT('',(0.933182175989,0.936854050145));
#1938 = CARTESIAN_POINT('',(0.931710904213,0.93948041204));
#1939 = CARTESIAN_POINT('',(0.927378635399,0.946669091446));
#1940 = CARTESIAN_POINT('',(0.924516715958,0.95071926377));
#1941 = CARTESIAN_POINT('',(0.921654227126,0.954239256789));
#1942 = CARTESIAN_POINT('',(0.91879159976,0.957336926291));
#1943 = CARTESIAN_POINT('',(0.915929019223,0.960084541024));
#1944 = CARTESIAN_POINT('',(0.908380958089,0.966563719467));
#1945 = CARTESIAN_POINT('',(0.903695767035,0.969806282435));
#1946 = CARTESIAN_POINT('',(0.899011147418,0.972519419076));
#1947 = CARTESIAN_POINT('',(0.894327202046,0.97482574495));
#1948 = CARTESIAN_POINT('',(0.889643909677,0.976816423057));
#1949 = CARTESIAN_POINT('',(0.881123470058,0.979975276781));
#1950 = CARTESIAN_POINT('',(0.877286205449,0.981227230151));
#1951 = CARTESIAN_POINT('',(0.87344928335,0.982342214288));
#1952 = CARTESIAN_POINT('',(0.869612675335,0.983343858813));
#1953 = CARTESIAN_POINT('',(0.86577635387,0.984249192154));
#1954 = CARTESIAN_POINT('',(0.857438304699,0.986038182522));
#1955 = CARTESIAN_POINT('',(0.852936677571,0.986890752416));
#1956 = CARTESIAN_POINT('',(0.848435364286,0.987651928125));
#1957 = CARTESIAN_POINT('',(0.84393433052,0.98833717635));
#1958 = CARTESIAN_POINT('',(0.839433547475,0.988957728265));
#1959 = CARTESIAN_POINT('',(0.832432565817,0.989836816498));
#1960 = CARTESIAN_POINT('',(0.829932212586,0.99013367292));
#1961 = CARTESIAN_POINT('',(0.827431924478,0.990414943091));
#1962 = CARTESIAN_POINT('',(0.824931697599,0.990681971667));
#1963 = CARTESIAN_POINT('',(0.822431528417,0.990935921502));
#1964 = CARTESIAN_POINT('',(0.817097758606,0.991451891319));
#1965 = CARTESIAN_POINT('',(0.814264173474,0.991710489753));
#1966 = CARTESIAN_POINT('',(0.811430653773,0.991955004987));
#1967 = CARTESIAN_POINT('',(0.808597195332,0.992186696855));
#1968 = CARTESIAN_POINT('',(0.805763794407,0.992406648997));
#1969 = CARTESIAN_POINT('',(0.799763530638,0.992849508425));
#1970 = CARTESIAN_POINT('',(0.796596681271,0.993069735613));
#1971 = CARTESIAN_POINT('',(0.793429894953,0.9932777261));
#1972 = CARTESIAN_POINT('',(0.790263167506,0.993474596492));
#1973 = CARTESIAN_POINT('',(0.787096495205,0.993661304313));
#1974 = CARTESIAN_POINT('',(0.780429674667,0.994034673531));
#1975 = CARTESIAN_POINT('',(0.77692953789,0.994219276352));
#1976 = CARTESIAN_POINT('',(0.773429460023,0.994393543074));
#1977 = CARTESIAN_POINT('',(0.769929437084,0.994558423975));
#1978 = CARTESIAN_POINT('',(0.766429465538,0.994714733009));
#1979 = CARTESIAN_POINT('',(0.758762686906,0.995039843961));
#1980 = CARTESIAN_POINT('',(0.754595899918,0.995205370627));
#1981 = CARTESIAN_POINT('',(0.75042917611,0.995360876687));
#1982 = CARTESIAN_POINT('',(0.746262510832,0.995507357609));
#1983 = CARTESIAN_POINT('',(0.742095900003,0.995645655435));
#1984 = CARTESIAN_POINT('',(0.732762478248,0.995938665236));
#1985 = CARTESIAN_POINT('',(0.727595694595,0.996089373873));
#1986 = CARTESIAN_POINT('',(0.722428982452,0.996229903919));
#1987 = CARTESIAN_POINT('',(0.717262335926,0.996361382652));
#1988 = CARTESIAN_POINT('',(0.71209574993,0.996484745407));
#1989 = CARTESIAN_POINT('',(0.699595628755,0.996765376951));
#1990 = CARTESIAN_POINT('',(0.692262150259,0.996915221511));
#1991 = CARTESIAN_POINT('',(0.684928772543,0.997052391912));
#1992 = CARTESIAN_POINT('',(0.677595485206,0.997178644675));
#1993 = CARTESIAN_POINT('',(0.670262279605,0.997295370185));
#1994 = CARTESIAN_POINT('',(0.649261957786,0.997605293423));
#1995 = CARTESIAN_POINT('',(0.635595021689,0.99777777943));
#1996 = CARTESIAN_POINT('',(0.621928298224,0.997927495251));
#1997 = CARTESIAN_POINT('',(0.608261753656,0.998059374589));
#1998 = CARTESIAN_POINT('',(0.594595362843,0.998176840318));
#1999 = CARTESIAN_POINT('',(0.540761186957,0.998590315682));
#2000 = CARTESIAN_POINT('',(0.500592430371,0.998792499748));
#2001 = CARTESIAN_POINT('',(0.46042658802,0.998948150439));
#2002 = CARTESIAN_POINT('',(0.420261338485,0.999067245478));
#2003 = CARTESIAN_POINT('',(0.380094082939,0.999163628898));
#2004 = CARTESIAN_POINT('',(0.283276421985,0.99935379927));
#2005 = CARTESIAN_POINT('',(0.226613375399,0.999430726969));
#2006 = CARTESIAN_POINT('',(0.169963336157,0.999490089071));
#2007 = CARTESIAN_POINT('',(0.113313747764,0.999537522758));
#2008 = CARTESIAN_POINT('',(5.665124933505E-02,0.999574883297));
#2009 = CARTESIAN_POINT('',(0.,0.99960650869));
#2010 = ( GEOMETRIC_REPRESENTATION_CONTEXT(2) 
PARAMETRIC_REPRESENTATION_CONTEXT() REPRESENTATION_CONTEXT('2D SPACE',''
  ) );
#2011 = ORIENTED_EDGE('',*,*,#2012,.F.);
#2012 = EDGE_CURVE('',#2013,#1601,#2015,.T.);
#2013 = VERTEX_POINT('',#2014);
#2014 = CARTESIAN_POINT('',(0.374077088503,-27.76576089215,
    13.329752110668));
#2015 = SURFACE_CURVE('',#2016,(#2022,#2031),.PCURVE_S1.);
#2016 = B_SPLINE_CURVE_WITH_KNOTS('',4,(#2017,#2018,#2019,#2020,#2021),
  .UNSPECIFIED.,.F.,.F.,(5,5),(0.,1.),.PIECEWISE_BEZIER_KNOTS.);
#2017 = CARTESIAN_POINT('',(0.374077088503,-27.76576089215,
    13.329752110668));
#2018 = CARTESIAN_POINT('',(0.374077088503,-28.23653872608,
    13.329752110668));
#2019 = CARTESIAN_POINT('',(0.374077088504,-28.70731656002,
    13.329752110668));
#2020 = CARTESIAN_POINT('',(0.374077088503,-29.17809439395,
    13.329752110668));
#2021 = CARTESIAN_POINT('',(0.374077088503,-29.64887222788,
    13.329752110668));
#2022 = PCURVE('',#707,#2023);
#2023 = DEFINITIONAL_REPRESENTATION('',(#2024),#2030);
#2024 = B_SPLINE_CURVE_WITH_KNOTS('',4,(#2025,#2026,#2027,#2028,#2029),
  .UNSPECIFIED.,.F.,.F.,(5,5),(0.,1.),.PIECEWISE_BEZIER_KNOTS.);
#2025 = CARTESIAN_POINT('',(2.805595560361E-02,2.234239107848));
#2026 = CARTESIAN_POINT('',(2.805595560361E-02,1.763461273914));
#2027 = CARTESIAN_POINT('',(2.805595560366E-02,1.29268343998));
#2028 = CARTESIAN_POINT('',(2.805595560364E-02,0.821905606046));
#2029 = CARTESIAN_POINT('',(2.805595560364E-02,0.351127772112));
#2030 = ( GEOMETRIC_REPRESENTATION_CONTEXT(2) 
PARAMETRIC_REPRESENTATION_CONTEXT() REPRESENTATION_CONTEXT('2D SPACE',''
  ) );
#2031 = PCURVE('',#2032,#2071);
#2032 = B_SPLINE_SURFACE_WITH_KNOTS('',6,1,(
    (#2033,#2034)
    ,(#2035,#2036)
    ,(#2037,#2038)
    ,(#2039,#2040)
    ,(#2041,#2042)
    ,(#2043,#2044)
    ,(#2045,#2046)
    ,(#2047,#2048)
    ,(#2049,#2050)
    ,(#2051,#2052)
    ,(#2053,#2054)
    ,(#2055,#2056)
    ,(#2057,#2058)
    ,(#2059,#2060)
    ,(#2061,#2062)
    ,(#2063,#2064)
    ,(#2065,#2066)
    ,(#2067,#2068)
    ,(#2069,#2070
    )),.UNSPECIFIED.,.F.,.F.,.F.,(7,4,4,4,7),(2,2),(0.,0.25978587286,
    0.512773096416,0.757936471741,1.),(0.,1.),.UNSPECIFIED.);
#2033 = CARTESIAN_POINT('',(15.875000000948,-26.51844433228,
    -9.399199698384E-09));
#2034 = CARTESIAN_POINT('',(15.875000000948,-28.40155566802,
    -9.399199907451E-09));
#2035 = CARTESIAN_POINT('',(15.720523971984,-26.56759622602,
    0.965095276477));
#2036 = CARTESIAN_POINT('',(15.720523971984,-28.45070756176,
    0.965095276477));
#2037 = CARTESIAN_POINT('',(15.493887927234,-26.61730631762,
    1.918611557191));
#2038 = CARTESIAN_POINT('',(15.493887927234,-28.50041765336,
    1.918611557191));
#2039 = CARTESIAN_POINT('',(15.196104642789,-26.66760629248,
    2.853792521268));
#2040 = CARTESIAN_POINT('',(15.196104642789,-28.55071762822,
    2.853792521268));
#2041 = CARTESIAN_POINT('',(14.829080330693,-26.71852585863,
    3.763993531418));
#2042 = CARTESIAN_POINT('',(14.829080330693,-28.60163719437,
    3.763993531418));
#2043 = CARTESIAN_POINT('',(13.973499683802,-26.82030595602,
    5.498793987165));
#2044 = CARTESIAN_POINT('',(13.973499683802,-28.70341729176,
    5.498793987165));
#2045 = CARTESIAN_POINT('',(12.873039526459,-26.92466469534,
    7.089055934502));
#2046 = CARTESIAN_POINT('',(12.873039526459,-28.80777603107,
    7.089055934502));
#2047 = CARTESIAN_POINT('',(12.273806206774,-26.97679523881,
    7.833106815904));
#2048 = CARTESIAN_POINT('',(12.273806206774,-28.85990657455,
    7.833106815904));
#2049 = CARTESIAN_POINT('',(11.622286669118,-27.02957614625,
    8.531729482487));
#2050 = CARTESIAN_POINT('',(11.622286669118,-28.91268748198,
    8.531729482487));
#2051 = CARTESIAN_POINT('',(10.245501349839,-27.13477528706,
    9.809553684382));
#2052 = CARTESIAN_POINT('',(10.245501349839,-29.0178866228,
    9.809553684382));
#2053 = CARTESIAN_POINT('',(8.703188117075,-27.242380808,10.881016189748
    ));
#2054 = CARTESIAN_POINT('',(8.703188117075,-29.12549214373,
    10.881016189748));
#2055 = CARTESIAN_POINT('',(7.90859412097,-27.2958994027,11.355120326946
    ));
#2056 = CARTESIAN_POINT('',(7.90859412097,-29.17901073844,
    11.355120326946));
#2057 = CARTESIAN_POINT('',(7.0833455728,-27.34994086071,11.773397814986
    ));
#2058 = CARTESIAN_POINT('',(7.0833455728,-29.23305219644,11.773397814986
    ));
#2059 = CARTESIAN_POINT('',(5.392436214275,-27.45826186354,
    12.48980333765));
#2060 = CARTESIAN_POINT('',(5.392436214275,-29.34137319928,
    12.48980333765));
#2061 = CARTESIAN_POINT('',(3.620752887222,-27.56810720091,
    12.972327602399));
#2062 = CARTESIAN_POINT('',(3.620752887222,-29.45121853664,
    12.972327602399));
#2063 = CARTESIAN_POINT('',(2.725553307614,-27.62298206326,
    13.152958150815));
#2064 = CARTESIAN_POINT('',(2.725553307614,-29.506093399,13.152958150815
    ));
#2065 = CARTESIAN_POINT('',(1.82036621707,-27.67806645502,13.27365194779
    ));
#2066 = CARTESIAN_POINT('',(1.82036621707,-29.56117779076,13.27365194779
    ));
#2067 = CARTESIAN_POINT('',(0.910182974898,-27.73325537891,
    13.334000134544));
#2068 = CARTESIAN_POINT('',(0.910182974898,-29.61636671464,
    13.334000134544));
#2069 = CARTESIAN_POINT('',(3.38209238393E-09,-27.7884443326,
    13.333999983866));
#2070 = CARTESIAN_POINT('',(3.38209238393E-09,-29.67155566834,
    13.333999983866));
#2071 = DEFINITIONAL_REPRESENTATION('',(#2072),#2078);
#2072 = B_SPLINE_CURVE_WITH_KNOTS('',4,(#2073,#2074,#2075,#2076,#2077),
  .UNSPECIFIED.,.F.,.F.,(5,5),(0.,1.),.PIECEWISE_BEZIER_KNOTS.);
#2073 = CARTESIAN_POINT('',(0.983417585028,0.));
#2074 = CARTESIAN_POINT('',(0.983417585028,0.25));
#2075 = CARTESIAN_POINT('',(0.983417585028,0.5));
#2076 = CARTESIAN_POINT('',(0.983417585028,0.75));
#2077 = CARTESIAN_POINT('',(0.983417585028,1.));
#2078 = ( GEOMETRIC_REPRESENTATION_CONTEXT(2) 
PARAMETRIC_REPRESENTATION_CONTEXT() REPRESENTATION_CONTEXT('2D SPACE',''
  ) );
#2079 = ORIENTED_EDGE('',*,*,#2080,.T.);
#2080 = EDGE_CURVE('',#2013,#2081,#2083,.T.);
#2081 = VERTEX_POINT('',#2082);
#2082 = CARTESIAN_POINT('',(13.335,-25.86181418367,-7.532427165308E-15)
  );
#2083 = SURFACE_CURVE('',#2084,(#2213,#2345),.PCURVE_S1.);
#2084 = B_SPLINE_CURVE_WITH_KNOTS('',7,(#2085,#2086,#2087,#2088,#2089,
    #2090,#2091,#2092,#2093,#2094,#2095,#2096,#2097,#2098,#2099,#2100,
    #2101,#2102,#2103,#2104,#2105,#2106,#2107,#2108,#2109,#2110,#2111,
    #2112,#2113,#2114,#2115,#2116,#2117,#2118,#2119,#2120,#2121,#2122,
    #2123,#2124,#2125,#2126,#2127,#2128,#2129,#2130,#2131,#2132,#2133,
    #2134,#2135,#2136,#2137,#2138,#2139,#2140,#2141,#2142,#2143,#2144,
    #2145,#2146,#2147,#2148,#2149,#2150,#2151,#2152,#2153,#2154,#2155,
    #2156,#2157,#2158,#2159,#2160,#2161,#2162,#2163,#2164,#2165,#2166,
    #2167,#2168,#2169,#2170,#2171,#2172,#2173,#2174,#2175,#2176,#2177,
    #2178,#2179,#2180,#2181,#2182,#2183,#2184,#2185,#2186,#2187,#2188,
    #2189,#2190,#2191,#2192,#2193,#2194,#2195,#2196,#2197,#2198,#2199,
    #2200,#2201,#2202,#2203,#2204,#2205,#2206,#2207,#2208,#2209,#2210,
    #2211,#2212),.UNSPECIFIED.,.F.,.F.,(8,6,6,6,6,6,6,6,6,6,6,6,6,6,6,6,
    6,6,6,6,6,8),(0.,1.887296417171E-02,2.668496649133E-02,
    3.017051108715E-02,3.648274012493E-02,4.50936579384E-02,
    5.088777908205E-02,5.956140545534E-02,6.815247054935E-02,
    7.690816625455E-02,9.392589324204E-02,0.121777576445,0.142616601519,
    0.167416739485,0.196185680777,0.211067310658,0.239840556654,
    0.262662347019,0.280523680161,0.491908146846,0.704303620428,1.),
  .UNSPECIFIED.);
#2085 = CARTESIAN_POINT('',(0.374077088503,-27.76576089215,
    13.329752110668));
#2086 = CARTESIAN_POINT('',(0.38346557278,-27.76457264751,
    13.329488638637));
#2087 = CARTESIAN_POINT('',(0.393793405815,-27.7632874765,
    13.329191045964));
#2088 = CARTESIAN_POINT('',(0.405242646123,-27.76188737012,
    13.328851642119));
#2089 = CARTESIAN_POINT('',(0.418050845411,-27.760349347,13.328459239158
    ));
#2090 = CARTESIAN_POINT('',(0.432523280022,-27.75864427388,
    13.327999368626));
#2091 = CARTESIAN_POINT('',(0.449086773681,-27.75673206939,
    13.327449829416));
#2092 = CARTESIAN_POINT('',(0.476373186917,-27.75365143885,
    13.326490816226));
#2093 = CARTESIAN_POINT('',(0.484827328319,-27.75270420083,
    13.326188091972));
#2094 = CARTESIAN_POINT('',(0.493791165438,-27.75170757253,
    13.325860686785));
#2095 = CARTESIAN_POINT('',(0.503312986528,-27.75065719407,
    13.325505440775));
#2096 = CARTESIAN_POINT('',(0.513443677602,-27.74954855723,
    13.325118729278));
#2097 = CARTESIAN_POINT('',(0.524234661621,-27.7483772127,
    13.324696450968));
#2098 = CARTESIAN_POINT('',(0.540867410916,-27.7465865037,
    13.324027687581));
#2099 = CARTESIAN_POINT('',(0.546140041646,-27.74602074705,
    13.32381337853));
#2100 = CARTESIAN_POINT('',(0.551558076027,-27.74544134619,
    13.323590684562));
#2101 = CARTESIAN_POINT('',(0.557125418519,-27.74484798717,
    13.323359198881));
#2102 = CARTESIAN_POINT('',(0.562845531878,-27.74424040316,
    13.323118512149));
#2103 = CARTESIAN_POINT('',(0.568721437161,-27.7436183745,
    13.322868212483));
#2104 = CARTESIAN_POINT('',(0.585683628902,-27.74182878,13.322136440092)
  );
#2105 = CARTESIAN_POINT('',(0.597131903811,-27.74062778806,
    13.321632061835));
#2106 = CARTESIAN_POINT('',(0.609113096716,-27.73937800564,
    13.321092437237));
#2107 = CARTESIAN_POINT('',(0.621633374269,-27.73807932689,
    13.320515270946));
#2108 = CARTESIAN_POINT('',(0.63468992591,-27.73673250582,13.31989852442
    ));
#2109 = CARTESIAN_POINT('',(0.648268378269,-27.73533937482,
    13.319240654628));
#2110 = CARTESIAN_POINT('',(0.681536500152,-27.73194369799,
    13.317586208014));
#2111 = CARTESIAN_POINT('',(0.701657170477,-27.72990333286,
    13.316553258158));
#2112 = CARTESIAN_POINT('',(0.722628730006,-27.72779006676,
    13.315439947276));
#2113 = CARTESIAN_POINT('',(0.7443565477,-27.72561356561,13.314245798873
    ));
#2114 = CARTESIAN_POINT('',(0.766734307934,-27.72338422556,
    13.312971709045));
#2115 = CARTESIAN_POINT('',(0.789653466421,-27.7211123362,
    13.311619739644));
#2116 = CARTESIAN_POINT('',(0.82873068968,-27.71725619145,
    13.309232826153));
#2117 = CARTESIAN_POINT('',(0.844651356085,-27.71568977034,
    13.30823862626));
#2118 = CARTESIAN_POINT('',(0.860747853213,-27.71411043967,
    13.307210931067));
#2119 = CARTESIAN_POINT('',(0.876995797912,-27.71252038488,
    13.306150423288));
#2120 = CARTESIAN_POINT('',(0.893373728831,-27.71092148731,
    13.305057782839));
#2121 = CARTESIAN_POINT('',(0.909863559245,-27.70931529365,
    13.303933620634));
#2122 = CARTESIAN_POINT('',(0.951281978234,-27.70528940859,
    13.301049100143));
#2123 = CARTESIAN_POINT('',(0.97632864082,-27.70286243051,
    13.299250429007));
#2124 = CARTESIAN_POINT('',(1.001544515311,-27.70042587272,
    13.297383905292));
#2125 = CARTESIAN_POINT('',(1.026891859878,-27.69798274137,
    13.295451018013));
#2126 = CARTESIAN_POINT('',(1.052341559692,-27.69553525388,
    13.293453068629));
#2127 = CARTESIAN_POINT('',(1.077872993433,-27.69308486543,
    13.291391000769));
#2128 = CARTESIAN_POINT('',(1.128831119888,-27.68820307054,
    13.287159693654));
#2129 = CARTESIAN_POINT('',(1.154253720381,-27.68577197018,
    13.284991890746));
#2130 = CARTESIAN_POINT('',(1.179727489511,-27.68333990773,
    13.282762437716));
#2131 = CARTESIAN_POINT('',(1.20524103749,-27.6809075783,13.280471899406
    ));
#2132 = CARTESIAN_POINT('',(1.230785597223,-27.67847547192,
    13.278120751116));
#2133 = CARTESIAN_POINT('',(1.256354825032,-27.67604388675,
    13.275709340692));
#2134 = CARTESIAN_POINT('',(1.308024754692,-27.67113541371,
    13.270718999366));
#2135 = CARTESIAN_POINT('',(1.334125429513,-27.66865862867,
    13.268137823535));
#2136 = CARTESIAN_POINT('',(1.360241623899,-27.66618277499,
    13.265494587984));
#2137 = CARTESIAN_POINT('',(1.386369268286,-27.66370798618,
    13.262789532854));
#2138 = CARTESIAN_POINT('',(1.412505152137,-27.66123434339,
    13.260022862281));
#2139 = CARTESIAN_POINT('',(1.438646850582,-27.65876187741,13.2571947331
    ));
#2140 = CARTESIAN_POINT('',(1.515610097174,-27.65148729451,
    13.248689179928));
#2141 = CARTESIAN_POINT('',(1.566441459982,-27.64668854436,
    13.242841491315));
#2142 = CARTESIAN_POINT('',(1.617274110012,-27.64189421022,
    13.236762946457));
#2143 = CARTESIAN_POINT('',(1.668098627954,-27.63710413476,
    13.230454253993));
#2144 = CARTESIAN_POINT('',(1.718908376118,-27.63231809524,
    13.223915999618));
#2145 = CARTESIAN_POINT('',(1.769699069875,-27.62753578549,
    13.217148583253));
#2146 = CARTESIAN_POINT('',(1.903558757251,-27.61493537432,
    13.198701609955));
#2147 = CARTESIAN_POINT('',(1.986588448255,-27.60712317086,
    13.186638116418));
#2148 = CARTESIAN_POINT('',(2.069543687434,-27.59931876788,
    13.173962944195));
#2149 = CARTESIAN_POINT('',(2.152413717135,-27.59152114933,
    13.160677371845));
#2150 = CARTESIAN_POINT('',(2.235189897083,-27.58372948712,
    13.146782617573));
#2151 = CARTESIAN_POINT('',(2.317865275679,-27.57594301869,
    13.132279755325));
#2152 = CARTESIAN_POINT('',(2.462214128006,-27.56233841382,
    13.105863997308));
#2153 = CARTESIAN_POINT('',(2.523933755038,-27.55651836015,
    13.094218506488));
#2154 = CARTESIAN_POINT('',(2.585590774918,-27.5507005983,
    13.082233593725));
#2155 = CARTESIAN_POINT('',(2.647182597241,-27.5448849117,
    13.069909721854));
#2156 = CARTESIAN_POINT('',(2.708706727237,-27.53907111647,
    13.05724736529));
#2157 = CARTESIAN_POINT('',(2.770160753369,-27.53325905255,
    13.044247007695));
#2158 = CARTESIAN_POINT('',(2.90459141887,-27.52053363236,
    13.015035989769));
#2159 = CARTESIAN_POINT('',(2.977537860907,-27.51362094019,
    12.998684834443));
#2160 = CARTESIAN_POINT('',(3.050377684649,-27.50671025983,
    12.981856509069));
#2161 = CARTESIAN_POINT('',(3.123106972636,-27.49980139286,
    12.964551883345));
#2162 = CARTESIAN_POINT('',(3.19572185993,-27.49289417251,
    12.946771860049));
#2163 = CARTESIAN_POINT('',(3.268218527684,-27.48598845549,
    12.928517373829));
#2164 = CARTESIAN_POINT('',(3.424550092728,-27.47107485988,
    12.888064338784));
#2165 = CARTESIAN_POINT('',(3.508342802421,-27.46306745502,
    12.865702118034));
#2166 = CARTESIAN_POINT('',(3.591965416751,-27.45506171126,
    12.842704239746));
#2167 = CARTESIAN_POINT('',(3.675412064066,-27.4470574635,
    12.819072279477));
#2168 = CARTESIAN_POINT('',(3.758676910107,-27.43905456953,
    12.794807876346));
#2169 = CARTESIAN_POINT('',(3.841754158005,-27.43105290994,
    12.769912733033));
#2170 = CARTESIAN_POINT('',(3.96751231903,-27.41891386941,
    12.731185472078));
#2171 = CARTESIAN_POINT('',(4.010334849813,-27.41477565434,
    12.717814027906));
#2172 = CARTESIAN_POINT('',(4.053104842373,-27.41063772887,
    12.704274527866));
#2173 = CARTESIAN_POINT('',(4.095821500458,-27.40650007982,
    12.690567221156));
#2174 = CARTESIAN_POINT('',(4.138484029816,-27.40236269491,
    12.676692361575));
#2175 = CARTESIAN_POINT('',(4.181091638198,-27.39822556281,
    12.662650207516));
#2176 = CARTESIAN_POINT('',(4.30591652657,-27.38609010389,
    12.620967929683));
#2177 = CARTESIAN_POINT('',(4.387981251248,-27.37809243967,
    12.592870419729));
#2178 = CARTESIAN_POINT('',(4.469831997156,-27.37009560627,
    12.564150393293));
#2179 = CARTESIAN_POINT('',(4.551463078465,-27.36209953728,
    12.534809815453));
#2180 = CARTESIAN_POINT('',(4.632868835748,-27.35410417396,
    12.504850715184));
#2181 = CARTESIAN_POINT('',(4.71404363598,-27.34610946523,
    12.474275185357));
#2182 = CARTESIAN_POINT('',(4.859178851472,-27.33177476867,
    12.418346876103));
#2183 = CARTESIAN_POINT('',(4.923227007692,-27.32543455348,
    12.393221928487));
#2184 = CARTESIAN_POINT('',(4.987123543401,-27.31909469997,
    12.367711616054));
#2185 = CARTESIAN_POINT('',(5.050865671564,-27.31275518769,
    12.341817039942));
#2186 = CARTESIAN_POINT('',(5.114450615899,-27.30641599791,
    12.315539326264));
#2187 = CARTESIAN_POINT('',(5.177875610884,-27.30007711368,
    12.288879626104));
#2188 = CARTESIAN_POINT('',(5.290649742603,-27.2887776584,
    12.240676027074));
#2189 = CARTESIAN_POINT('',(5.340061922229,-27.28381697476,
    12.219279680232));
#2190 = CARTESIAN_POINT('',(5.389373120037,-27.27885646146,
    12.197650638763));
#2191 = CARTESIAN_POINT('',(5.438582019681,-27.27389611153,
    12.17578947569));
#2192 = CARTESIAN_POINT('',(5.487687309059,-27.26893591849,
    12.153696773286));
#2193 = CARTESIAN_POINT('',(5.536687680311,-27.26397587626,
    12.131373123078));
#2194 = CARTESIAN_POINT('',(6.164232014355,-27.20031682244,
    11.841898138506));
#2195 = CARTESIAN_POINT('',(6.728019127579,-27.14163651189,
    11.542707732183));
#2196 = CARTESIAN_POINT('',(7.274755741456,-27.08296831521,
    11.212252548406));
#2197 = CARTESIAN_POINT('',(7.80237320544,-27.02430909362,
    10.851712078872));
#2198 = CARTESIAN_POINT('',(8.308911394746,-26.96565504791,
    10.462425379669));
#2199 = CARTESIAN_POINT('',(8.792519713599,-26.90700453484,
    10.045890623658));
#2200 = CARTESIAN_POINT('',(9.712611148128,-26.78943313934,
    9.159552382944));
#2201 = CARTESIAN_POINT('',(10.148881287037,-26.73050929358,
    8.689481039585));
#2202 = CARTESIAN_POINT('',(10.558518468129,-26.67158931335,
    8.195255344652));
#2203 = CARTESIAN_POINT('',(10.939934552711,-26.61267218087,
    7.678694908366));
#2204 = CARTESIAN_POINT('',(11.291699285953,-26.55375606665,
    7.141736639828));
#2205 = CARTESIAN_POINT('',(11.612540995339,-26.49484028387,
    6.586433778045));
#2206 = CARTESIAN_POINT('',(12.303457354917,-26.35390862297,
    5.219369350706));
#2207 = CARTESIAN_POINT('',(12.643542228041,-26.27188464521,
    4.392336924564));
#2208 = CARTESIAN_POINT('',(12.918592499172,-26.18986817257,
    3.539800628303));
#2209 = CARTESIAN_POINT('',(13.126405371124,-26.10785666789,
    2.667902497575));
#2210 = CARTESIAN_POINT('',(13.265476083568,-26.02584271592,
    1.782955604847));
#2211 = CARTESIAN_POINT('',(13.3350000162,-25.94382420503,0.891435202391
    ));
#2212 = CARTESIAN_POINT('',(13.335,-25.86181414784,-2.423290632627E-07)
  );
#2213 = PCURVE('',#707,#2214);
#2214 = DEFINITIONAL_REPRESENTATION('',(#2215),#2344);
#2215 = B_SPLINE_CURVE_WITH_KNOTS('',7,(#2216,#2217,#2218,#2219,#2220,
    #2221,#2222,#2223,#2224,#2225,#2226,#2227,#2228,#2229,#2230,#2231,
    #2232,#2233,#2234,#2235,#2236,#2237,#2238,#2239,#2240,#2241,#2242,
    #2243,#2244,#2245,#2246,#2247,#2248,#2249,#2250,#2251,#2252,#2253,
    #2254,#2255,#2256,#2257,#2258,#2259,#2260,#2261,#2262,#2263,#2264,
    #2265,#2266,#2267,#2268,#2269,#2270,#2271,#2272,#2273,#2274,#2275,
    #2276,#2277,#2278,#2279,#2280,#2281,#2282,#2283,#2284,#2285,#2286,
    #2287,#2288,#2289,#2290,#2291,#2292,#2293,#2294,#2295,#2296,#2297,
    #2298,#2299,#2300,#2301,#2302,#2303,#2304,#2305,#2306,#2307,#2308,
    #2309,#2310,#2311,#2312,#2313,#2314,#2315,#2316,#2317,#2318,#2319,
    #2320,#2321,#2322,#2323,#2324,#2325,#2326,#2327,#2328,#2329,#2330,
    #2331,#2332,#2333,#2334,#2335,#2336,#2337,#2338,#2339,#2340,#2341,
    #2342,#2343),.UNSPECIFIED.,.F.,.F.,(8,6,6,6,6,6,6,6,6,6,6,6,6,6,6,6,
    6,6,6,6,6,8),(0.,1.887296417171E-02,2.668496649133E-02,
    3.017051108715E-02,3.648274012493E-02,4.50936579384E-02,
    5.088777908205E-02,5.956140545534E-02,6.815247054935E-02,
    7.690816625455E-02,9.392589324204E-02,0.121777576445,0.142616601519,
    0.167416739485,0.196185680777,0.211067310658,0.239840556654,
    0.262662347019,0.280523680161,0.491908146846,0.704303620428,1.),
  .UNSPECIFIED.);
#2216 = CARTESIAN_POINT('',(2.805595560359E-02,2.234239107848));
#2217 = CARTESIAN_POINT('',(2.876028110039E-02,2.235427352488));
#2218 = CARTESIAN_POINT('',(2.953509307118E-02,2.236712523491));
#2219 = CARTESIAN_POINT('',(3.039405523606E-02,2.238112629872));
#2220 = CARTESIAN_POINT('',(3.135500004477E-02,2.239650652999));
#2221 = CARTESIAN_POINT('',(3.244084332406E-02,2.241355726114));
#2222 = CARTESIAN_POINT('',(3.368363118267E-02,2.243267930609));
#2223 = CARTESIAN_POINT('',(3.573111981108E-02,2.246348561147));
#2224 = CARTESIAN_POINT('',(3.636550733696E-02,2.24729579917));
#2225 = CARTESIAN_POINT('',(3.703815906231E-02,2.248292427468));
#2226 = CARTESIAN_POINT('',(3.775270274369E-02,2.24934280593));
#2227 = CARTESIAN_POINT('',(3.851296236565E-02,2.250451442768));
#2228 = CARTESIAN_POINT('',(3.932280392268E-02,2.251622787298));
#2229 = CARTESIAN_POINT('',(4.057111202621E-02,2.253413496293));
#2230 = CARTESIAN_POINT('',(4.096683634726E-02,2.253979252945));
#2231 = CARTESIAN_POINT('',(4.137348112712E-02,2.254558653801));
#2232 = CARTESIAN_POINT('',(4.179134027073E-02,2.255152012829));
#2233 = CARTESIAN_POINT('',(4.222067462528E-02,2.25575959684));
#2234 = CARTESIAN_POINT('',(4.266171198012E-02,2.256381625494));
#2235 = CARTESIAN_POINT('',(4.393490052449E-02,2.258171219991));
#2236 = CARTESIAN_POINT('',(4.479424627286E-02,2.259372211934));
#2237 = CARTESIAN_POINT('',(4.569363354482E-02,2.260621994354));
#2238 = CARTESIAN_POINT('',(4.663353308132E-02,2.261920673107));
#2239 = CARTESIAN_POINT('',(4.761374270981E-02,2.263267494177));
#2240 = CARTESIAN_POINT('',(4.863319292263E-02,2.264660625175));
#2241 = CARTESIAN_POINT('',(5.113107330232E-02,2.268056302001));
#2242 = CARTESIAN_POINT('',(5.264192010803E-02,2.270096667131));
#2243 = CARTESIAN_POINT('',(5.421680096895E-02,2.27220993324));
#2244 = CARTESIAN_POINT('',(5.584863720232E-02,2.274386434389));
#2245 = CARTESIAN_POINT('',(5.752947176975E-02,2.276615774436));
#2246 = CARTESIAN_POINT('',(5.925117770087E-02,2.278887663792));
#2247 = CARTESIAN_POINT('',(6.21870647702E-02,2.282743808545));
#2248 = CARTESIAN_POINT('',(6.338329003326E-02,2.284310229653));
#2249 = CARTESIAN_POINT('',(6.45928322611E-02,2.285889560329));
#2250 = CARTESIAN_POINT('',(6.581386622147E-02,2.287479615112));
#2251 = CARTESIAN_POINT('',(6.704478561933E-02,2.28907851269));
#2252 = CARTESIAN_POINT('',(6.828423722126E-02,2.290684706343));
#2253 = CARTESIAN_POINT('',(7.139775363906E-02,2.294710591403));
#2254 = CARTESIAN_POINT('',(7.32808510965E-02,2.297137569483));
#2255 = CARTESIAN_POINT('',(7.517697138581E-02,2.299574127277));
#2256 = CARTESIAN_POINT('',(7.708329468587E-02,2.302017258629));
#2257 = CARTESIAN_POINT('',(7.899764800046E-02,2.304464746116));
#2258 = CARTESIAN_POINT('',(8.091849583779E-02,2.306915134568));
#2259 = CARTESIAN_POINT('',(8.475302886673E-02,2.31179692946));
#2260 = CARTESIAN_POINT('',(8.666639933363E-02,2.314228029815));
#2261 = CARTESIAN_POINT('',(8.858398774155E-02,2.316660092262));
#2262 = CARTESIAN_POINT('',(9.050495098752E-02,2.319092421694));
#2263 = CARTESIAN_POINT('',(9.242864268678E-02,2.321524528079));
#2264 = CARTESIAN_POINT('',(9.43545984447E-02,2.323956113247));
#2265 = CARTESIAN_POINT('',(9.824738860195E-02,2.328864586282));
#2266 = CARTESIAN_POINT('',(0.100214237172,2.331341371328));
#2267 = CARTESIAN_POINT('',(0.102182703967,2.333817225003));
#2268 = CARTESIAN_POINT('',(0.104152495982,2.336292013813));
#2269 = CARTESIAN_POINT('',(0.106123384659,2.338765656605));
#2270 = CARTESIAN_POINT('',(0.108095200466,2.34123812259));
#2271 = CARTESIAN_POINT('',(0.113901860655,2.348512705489));
#2272 = CARTESIAN_POINT('',(0.117738839108,2.353311455631));
#2273 = CARTESIAN_POINT('',(0.121577907285,2.358105789773));
#2274 = CARTESIAN_POINT('',(0.125418449831,2.362895865239));
#2275 = CARTESIAN_POINT('',(0.129260059998,2.36768190476));
#2276 = CARTESIAN_POINT('',(0.133102508068,2.372464214509));
#2277 = CARTESIAN_POINT('',(0.143235600086,2.385064625673));
#2278 = CARTESIAN_POINT('',(0.149527254908,2.392876829134));
#2279 = CARTESIAN_POINT('',(0.155820047378,2.400681232113));
#2280 = CARTESIAN_POINT('',(0.162113572674,2.408478850665));
#2281 = CARTESIAN_POINT('',(0.168407583934,2.416270512871));
#2282 = CARTESIAN_POINT('',(0.174701961006,2.424056981305));
#2283 = CARTESIAN_POINT('',(0.185706534137,2.437661586177));
#2284 = CARTESIAN_POINT('',(0.190416525002,2.443481639845));
#2285 = CARTESIAN_POINT('',(0.195126650137,2.449299401691));
#2286 = CARTESIAN_POINT('',(0.199836882904,2.455115088299));
#2287 = CARTESIAN_POINT('',(0.204547203577,2.460928883521));
#2288 = CARTESIAN_POINT('',(0.209257598433,2.46674094745));
#2289 = CARTESIAN_POINT('',(0.21957389057,2.479466367632));
#2290 = CARTESIAN_POINT('',(0.225179812139,2.486379059803));
#2291 = CARTESIAN_POINT('',(0.230785806592,2.493289740163));
#2292 = CARTESIAN_POINT('',(0.236391860779,2.500198607133));
#2293 = CARTESIAN_POINT('',(0.241997964863,2.507105827481));
#2294 = CARTESIAN_POINT('',(0.247604111816,2.514011544507));
#2295 = CARTESIAN_POINT('',(0.259713648255,2.528925140114));
#2296 = CARTESIAN_POINT('',(0.266217049669,2.536932544976));
#2297 = CARTESIAN_POINT('',(0.272720493119,2.54493828874));
#2298 = CARTESIAN_POINT('',(0.279223971981,2.552942536491));
#2299 = CARTESIAN_POINT('',(0.285727481048,2.560945430466));
#2300 = CARTESIAN_POINT('',(0.292231016538,2.568947090058));
#2301 = CARTESIAN_POINT('',(0.302098744588,2.581086130582));
#2302 = CARTESIAN_POINT('',(0.30546291941,2.585224345653));
#2303 = CARTESIAN_POINT('',(0.308827100135,2.589362271124));
#2304 = CARTESIAN_POINT('',(0.312191286385,2.593499920179));
#2305 = CARTESIAN_POINT('',(0.31555547782,2.597637305084));
#2306 = CARTESIAN_POINT('',(0.318919674139,2.601774437189));
#2307 = CARTESIAN_POINT('',(0.328788470471,2.613909896101));
#2308 = CARTESIAN_POINT('',(0.335293083094,2.621907560328));
#2309 = CARTESIAN_POINT('',(0.34179771108,2.629904393723));
#2310 = CARTESIAN_POINT('',(0.348302352816,2.637900462713));
#2311 = CARTESIAN_POINT('',(0.35480700694,2.64589582604));
#2312 = CARTESIAN_POINT('',(0.36131167234,2.653890534762));
#2313 = CARTESIAN_POINT('',(0.372975597406,2.668225231324));
#2314 = CARTESIAN_POINT('',(0.378134853189,2.674565446515));
#2315 = CARTESIAN_POINT('',(0.383294115042,2.680905300024));
#2316 = CARTESIAN_POINT('',(0.388453382548,2.687244812307));
#2317 = CARTESIAN_POINT('',(0.393612655335,2.693584002082));
#2318 = CARTESIAN_POINT('',(0.398771933075,2.699922886318));
#2319 = CARTESIAN_POINT('',(0.407969095969,2.711222341595));
#2320 = CARTESIAN_POINT('',(0.412006979314,2.716183025232));
#2321 = CARTESIAN_POINT('',(0.416044865381,2.721143538539));
#2322 = CARTESIAN_POINT('',(0.420082754043,2.726103888461));
#2323 = CARTESIAN_POINT('',(0.42412064518,2.731064081505));
#2324 = CARTESIAN_POINT('',(0.428158538682,2.73602412374));
#2325 = CARTESIAN_POINT('',(0.479983933671,2.799683177552));
#2326 = CARTESIAN_POINT('',(0.52777294701,2.858363488105));
#2327 = CARTESIAN_POINT('',(0.575561209578,2.917031684781));
#2328 = CARTESIAN_POINT('',(0.62334910292,2.975690906375));
#2329 = CARTESIAN_POINT('',(0.671137570118,3.034344952088));
#2330 = CARTESIAN_POINT('',(0.718927014033,3.09299546516));
#2331 = CARTESIAN_POINT('',(0.814732160827,3.210566860654));
#2332 = CARTESIAN_POINT('',(0.862750288786,3.269490706418));
#2333 = CARTESIAN_POINT('',(0.910767558697,3.328410686646));
#2334 = CARTESIAN_POINT('',(0.958784288282,3.387327819126));
#2335 = CARTESIAN_POINT('',(1.006801613163,3.446243933347));
#2336 = CARTESIAN_POINT('',(1.054819855268,3.505159716127));
#2337 = CARTESIAN_POINT('',(1.169686073786,3.646091377029));
#2338 = CARTESIAN_POINT('',(1.236541587495,3.728115354787));
#2339 = CARTESIAN_POINT('',(1.30339250444,3.810131827428));
#2340 = CARTESIAN_POINT('',(1.370240499864,3.892143332101));
#2341 = CARTESIAN_POINT('',(1.437091452695,3.97415728408));
#2342 = CARTESIAN_POINT('',(1.503947042776,4.056175794969));
#2343 = CARTESIAN_POINT('',(1.570796344967,4.138185852151));
#2344 = ( GEOMETRIC_REPRESENTATION_CONTEXT(2) 
PARAMETRIC_REPRESENTATION_CONTEXT() REPRESENTATION_CONTEXT('2D SPACE',''
  ) );
#2345 = PCURVE('',#2346,#2393);
#2346 = B_SPLINE_SURFACE_WITH_KNOTS('',6,1,(
    (#2347,#2348)
    ,(#2349,#2350)
    ,(#2351,#2352)
    ,(#2353,#2354)
    ,(#2355,#2356)
    ,(#2357,#2358)
    ,(#2359,#2360)
    ,(#2361,#2362)
    ,(#2363,#2364)
    ,(#2365,#2366)
    ,(#2367,#2368)
    ,(#2369,#2370)
    ,(#2371,#2372)
    ,(#2373,#2374)
    ,(#2375,#2376)
    ,(#2377,#2378)
    ,(#2379,#2380)
    ,(#2381,#2382)
    ,(#2383,#2384)
    ,(#2385,#2386)
    ,(#2387,#2388)
    ,(#2389,#2390)
    ,(#2391,#2392
    )),.UNSPECIFIED.,.F.,.F.,.F.,(7,4,4,4,4,7),(2,2),(0.,0.25978587286,
    0.5,0.512773096416,0.757936471741,1.),(0.,1.),.UNSPECIFIED.);
#2347 = CARTESIAN_POINT('',(13.334000138635,-25.86155566786,
    -2.424207550102E-07));
#2348 = CARTESIAN_POINT('',(15.875000000948,-26.51844433228,
    -9.399199698384E-09));
#2349 = CARTESIAN_POINT('',(13.333999521893,-25.94498541012,
    0.906870001024));
#2350 = CARTESIAN_POINT('',(15.720523971984,-26.56759622602,
    0.965095276477));
#2351 = CARTESIAN_POINT('',(13.259987069239,-26.02841515238,
    1.813737298504));
#2352 = CARTESIAN_POINT('',(15.493887927234,-26.61730631762,
    1.918611557191));
#2353 = CARTESIAN_POINT('',(13.111960017668,-26.11184489464,
    2.71305681648));
#2354 = CARTESIAN_POINT('',(15.196104642789,-26.66760629248,
    2.853792521268));
#2355 = CARTESIAN_POINT('',(12.890947001273,-26.1952746369,3.59727357751
    ));
#2356 = CARTESIAN_POINT('',(14.829080330693,-26.71852585863,
    3.763993531418));
#2357 = CARTESIAN_POINT('',(12.32905110051,-26.35584869225,5.2559006741)
  );
#2358 = CARTESIAN_POINT('',(13.994812061872,-26.81777062995,
    5.455580383255));
#2359 = CARTESIAN_POINT('',(11.515498570483,-26.51642274761,
    6.805726405049));
#2360 = CARTESIAN_POINT('',(12.927712154265,-26.91946717613,
    7.009739903099));
#2361 = CARTESIAN_POINT('',(11.068928587799,-26.5935670607,
    7.519714761644));
#2362 = CARTESIAN_POINT('',(12.364139488247,-26.96890408197,
    7.720098123739));
#2363 = CARTESIAN_POINT('',(10.569700110485,-26.6707113738,
    8.197930360401));
#2364 = CARTESIAN_POINT('',(11.753063427948,-27.01892664827,
    8.389945873757));
#2365 = CARTESIAN_POINT('',(9.992354577219,-26.75195774268,
    8.869527699756));
#2366 = CARTESIAN_POINT('',(11.06355935595,-27.07222204009,
    9.048859669841));
#2367 = CARTESIAN_POINT('',(9.365377277867,-26.83320411156,
    9.491493273025));
#2368 = CARTESIAN_POINT('',(10.330360982805,-27.12614266672,
    9.655276943982));
#2369 = CARTESIAN_POINT('',(9.333595876009,-26.83730616734,
    9.522768599703));
#2370 = CARTESIAN_POINT('',(10.29323171067,-27.12886666152,
    9.685760112783));
#2371 = CARTESIAN_POINT('',(9.301689228568,-26.84140822312,
    9.553916142678));
#2372 = CARTESIAN_POINT('',(10.255992327471,-27.13159224452,
    9.716108524249));
#2373 = CARTESIAN_POINT('',(8.654858784225,-26.92424403371,
    10.180308171087));
#2374 = CARTESIAN_POINT('',(9.501779616257,-27.18666394552,
    10.326225612645));
#2375 = CARTESIAN_POINT('',(7.957480921427,-27.00707984429,
    10.754082849067));
#2376 = CARTESIAN_POINT('',(8.703188117075,-27.242380808,10.881016189748
    ));
#2377 = CARTESIAN_POINT('',(7.253548086754,-27.08581359909,
    11.247512512366));
#2378 = CARTESIAN_POINT('',(7.90859412097,-27.2958994027,11.355120326946
    ));
#2379 = CARTESIAN_POINT('',(6.513668572456,-27.16454735389,
    11.685200852512));
#2380 = CARTESIAN_POINT('',(7.0833455728,-27.34994086071,11.773397814986
    ));
#2381 = CARTESIAN_POINT('',(4.982935237273,-27.32101935347,
    12.438081957429));
#2382 = CARTESIAN_POINT('',(5.392436214275,-27.45826186354,
    12.48980333765));
#2383 = CARTESIAN_POINT('',(3.355579758613,-27.47749135304,
    12.949216917216));
#2384 = CARTESIAN_POINT('',(3.620752887222,-27.56810720091,
    12.972327602399));
#2385 = CARTESIAN_POINT('',(2.528901672706,-27.55522959781,
    13.141221455658));
#2386 = CARTESIAN_POINT('',(2.725553307614,-27.62298206326,
    13.152958150815));
#2387 = CARTESIAN_POINT('',(1.690006039699,-27.63296784258,
    13.269740748052));
#2388 = CARTESIAN_POINT('',(1.82036621707,-27.67806645502,13.27365194779
    ));
#2389 = CARTESIAN_POINT('',(0.845004177506,-27.71070608736,
    13.333999563964));
#2390 = CARTESIAN_POINT('',(0.910182974898,-27.73325537891,
    13.334000134544));
#2391 = CARTESIAN_POINT('',(-2.424207430352E-07,-27.78844433213,
    13.334000138636));
#2392 = CARTESIAN_POINT('',(3.38209238393E-09,-27.7884443326,
    13.333999983866));
#2393 = DEFINITIONAL_REPRESENTATION('',(#2394),#2523);
#2394 = B_SPLINE_CURVE_WITH_KNOTS('',7,(#2395,#2396,#2397,#2398,#2399,
    #2400,#2401,#2402,#2403,#2404,#2405,#2406,#2407,#2408,#2409,#2410,
    #2411,#2412,#2413,#2414,#2415,#2416,#2417,#2418,#2419,#2420,#2421,
    #2422,#2423,#2424,#2425,#2426,#2427,#2428,#2429,#2430,#2431,#2432,
    #2433,#2434,#2435,#2436,#2437,#2438,#2439,#2440,#2441,#2442,#2443,
    #2444,#2445,#2446,#2447,#2448,#2449,#2450,#2451,#2452,#2453,#2454,
    #2455,#2456,#2457,#2458,#2459,#2460,#2461,#2462,#2463,#2464,#2465,
    #2466,#2467,#2468,#2469,#2470,#2471,#2472,#2473,#2474,#2475,#2476,
    #2477,#2478,#2479,#2480,#2481,#2482,#2483,#2484,#2485,#2486,#2487,
    #2488,#2489,#2490,#2491,#2492,#2493,#2494,#2495,#2496,#2497,#2498,
    #2499,#2500,#2501,#2502,#2503,#2504,#2505,#2506,#2507,#2508,#2509,
    #2510,#2511,#2512,#2513,#2514,#2515,#2516,#2517,#2518,#2519,#2520,
    #2521,#2522),.UNSPECIFIED.,.F.,.F.,(8,6,6,6,6,6,6,6,6,6,6,6,6,6,6,6,
    6,6,6,6,6,8),(0.,1.887296417171E-02,2.668496649133E-02,
    3.017051108715E-02,3.648274012493E-02,4.50936579384E-02,
    5.088777908205E-02,5.956140545534E-02,6.815247054935E-02,
    7.690816625455E-02,9.392589324204E-02,0.121777576445,0.142616601519,
    0.167416739485,0.196185680777,0.211067310658,0.239840556654,
    0.262662347019,0.280523680161,0.491908146846,0.704303620428,1.),
  .UNSPECIFIED.);
#2395 = CARTESIAN_POINT('',(0.983417585028,1.));
#2396 = CARTESIAN_POINT('',(0.982933838091,0.943191870493));
#2397 = CARTESIAN_POINT('',(0.982404076551,0.886584719752));
#2398 = CARTESIAN_POINT('',(0.981819465566,0.830173527791));
#2399 = CARTESIAN_POINT('',(0.981168531742,0.774024058151));
#2400 = CARTESIAN_POINT('',(0.980436574572,0.718275638564));
#2401 = CARTESIAN_POINT('',(0.979603108338,0.663154841045));
#2402 = CARTESIAN_POINT('',(0.978237576038,0.586584013743));
#2403 = CARTESIAN_POINT('',(0.977815274639,0.564341135127));
#2404 = CARTESIAN_POINT('',(0.977368345594,0.542297658272));
#2405 = CARTESIAN_POINT('',(0.976894489182,0.520490668917));
#2406 = CARTESIAN_POINT('',(0.976391290828,0.498967053002));
#2407 = CARTESIAN_POINT('',(0.975856321247,0.47778244385));
#2408 = CARTESIAN_POINT('',(0.975033323473,0.447727572964));
#2409 = CARTESIAN_POINT('',(0.97477263474,0.438535399481));
#2410 = CARTESIAN_POINT('',(0.974504966597,0.429429632607));
#2411 = CARTESIAN_POINT('',(0.974230137012,0.420416540862));
#2412 = CARTESIAN_POINT('',(0.973947985715,0.41150267759));
#2413 = CARTESIAN_POINT('',(0.973658374203,0.402694880959));
#2414 = CARTESIAN_POINT('',(0.97282298529,0.378254570743));
#2415 = CARTESIAN_POINT('',(0.972259887581,0.362878128243));
#2416 = CARTESIAN_POINT('',(0.971671333773,0.347915556572));
#2417 = CARTESIAN_POINT('',(0.971057075585,0.333410083774));
#2418 = CARTESIAN_POINT('',(0.970417296888,0.319401312107));
#2419 = CARTESIAN_POINT('',(0.969752735302,0.30592297433));
#2420 = CARTESIAN_POINT('',(0.968126352152,0.275372570365));
#2421 = CARTESIAN_POINT('',(0.967144105122,0.258773356683));
#2422 = CARTESIAN_POINT('',(0.966121707528,0.243273570764));
#2423 = CARTESIAN_POINT('',(0.965063773028,0.228886969478));
#2424 = CARTESIAN_POINT('',(0.963975436612,0.215585312227));
#2425 = CARTESIAN_POINT('',(0.962861907117,0.203313128425));
#2426 = CARTESIAN_POINT('',(0.960965048703,0.18439177035));
#2427 = CARTESIAN_POINT('',(0.960192694158,0.177214824886));
#2428 = CARTESIAN_POINT('',(0.959412235056,0.170449152528));
#2429 = CARTESIAN_POINT('',(0.958624827567,0.164070343553));
#2430 = CARTESIAN_POINT('',(0.957831484603,0.158053180685));
#2431 = CARTESIAN_POINT('',(0.957033055331,0.152372745204));
#2432 = CARTESIAN_POINT('',(0.955028361265,0.138970951705));
#2433 = CARTESIAN_POINT('',(0.953816759512,0.131639226239));
#2434 = CARTESIAN_POINT('',(0.952597564116,0.124929594743));
#2435 = CARTESIAN_POINT('',(0.951372520906,0.118770812669));
#2436 = CARTESIAN_POINT('',(0.950142964432,0.113100477722));
#2437 = CARTESIAN_POINT('',(0.948909825543,0.107864364766));
#2438 = CARTESIAN_POINT('',(0.94644921921,9.82133088761E-02));
#2439 = CARTESIAN_POINT('',(0.945221943411,9.379144785656E-02));
#2440 = CARTESIAN_POINT('',(0.943992441479,8.970497886576E-02));
#2441 = CARTESIAN_POINT('',(0.942761213196,8.59159990839E-02));
#2442 = CARTESIAN_POINT('',(0.941528637056,8.239262283288E-02));
#2443 = CARTESIAN_POINT('',(0.940294979114,7.910770274225E-02));
#2444 = CARTESIAN_POINT('',(0.937802166341,7.290856575742E-02));
#2445 = CARTESIAN_POINT('',(0.936543015593,7.000277055674E-02));
#2446 = CARTESIAN_POINT('',(0.935283152552,6.729537401836E-02));
#2447 = CARTESIAN_POINT('',(0.934022739129,6.476554879758E-02));
#2448 = CARTESIAN_POINT('',(0.932761899113,6.239571506696E-02));
#2449 = CARTESIAN_POINT('',(0.931500721124,6.017082408367E-02));
#2450 = CARTESIAN_POINT('',(0.927787466107,5.400929509732E-02));
#2451 = CARTESIAN_POINT('',(0.925334682861,5.043831732186E-02));
#2452 = CARTESIAN_POINT('',(0.922881330084,4.72697047414E-02));
#2453 = CARTESIAN_POINT('',(0.920427700096,4.44335073083E-02));
#2454 = CARTESIAN_POINT('',(0.917973973179,4.187828425961E-02));
#2455 = CARTESIAN_POINT('',(0.915520231485,3.956455976038E-02));
#2456 = CARTESIAN_POINT('',(0.909050583803,3.401108039066E-02));
#2457 = CARTESIAN_POINT('',(0.905034812425,3.112045066954E-02));
#2458 = CARTESIAN_POINT('',(0.901019319328,2.864362634915E-02));
#2459 = CARTESIAN_POINT('',(0.89700419734,2.649237812807E-02));
#2460 = CARTESIAN_POINT('',(0.892989480336,2.460564246833E-02));
#2461 = CARTESIAN_POINT('',(0.888975145606,2.293564045263E-02));
#2462 = CARTESIAN_POINT('',(0.881957751303,2.033402326921E-02));
#2463 = CARTESIAN_POINT('',(0.878954585901,1.932227249437E-02));
#2464 = CARTESIAN_POINT('',(0.875951602836,1.839748508669E-02));
#2465 = CARTESIAN_POINT('',(0.87294879189,1.754800057454E-02));
#2466 = CARTESIAN_POINT('',(0.869946142938,1.676455597028E-02));
#2467 = CARTESIAN_POINT('',(0.866943645424,1.603959766906E-02));
#2468 = CARTESIAN_POINT('',(0.860368237669,1.456566336351E-02));
#2469 = CARTESIAN_POINT('',(0.856795387611,1.38383313608E-02));
#2470 = CARTESIAN_POINT('',(0.853222720215,1.317386254032E-02));
#2471 = CARTESIAN_POINT('',(0.849650220457,1.256378078653E-02));
#2472 = CARTESIAN_POINT('',(0.846077875097,1.200136297174E-02));
#2473 = CARTESIAN_POINT('',(0.842505672039,1.148113326034E-02));
#2474 = CARTESIAN_POINT('',(0.834789883241,1.043832222173E-02));
#2475 = CARTESIAN_POINT('',(0.830646343135,9.9285355229E-03));
#2476 = CARTESIAN_POINT('',(0.826502962922,9.46218612399E-03));
#2477 = CARTESIAN_POINT('',(0.822359727926,9.033458423604E-03));
#2478 = CARTESIAN_POINT('',(0.81821662525,8.637532411502E-03));
#2479 = CARTESIAN_POINT('',(0.814073643774,8.2705836686E-03));
#2480 = CARTESIAN_POINT('',(0.807787745958,7.753493808705E-03));
#2481 = CARTESIAN_POINT('',(0.805644747669,7.58415782717E-03));
#2482 = CARTESIAN_POINT('',(0.803501777958,7.421342775236E-03));
#2483 = CARTESIAN_POINT('',(0.801358835577,7.264650533776E-03));
#2484 = CARTESIAN_POINT('',(0.79921591936,7.113717511657E-03));
#2485 = CARTESIAN_POINT('',(0.797073028219,6.968214645743E-03));
#2486 = CARTESIAN_POINT('',(0.790786983165,6.556450967964E-03));
#2487 = CARTESIAN_POINT('',(0.786643895069,6.30420702027E-03));
#2488 = CARTESIAN_POINT('',(0.782500889717,6.069035973601E-03));
#2489 = CARTESIAN_POINT('',(0.778357960675,5.849116396695E-03));
#2490 = CARTESIAN_POINT('',(0.774215102225,5.642885011243E-03));
#2491 = CARTESIAN_POINT('',(0.770072309359,5.449036691893E-03));
#2492 = CARTESIAN_POINT('',(0.76264372844,5.12176305304E-03));
#2493 = CARTESIAN_POINT('',(0.759357917593,4.984108039712E-03));
#2494 = CARTESIAN_POINT('',(0.756072143057,4.853012981147E-03));
#2495 = CARTESIAN_POINT('',(0.752786402813,4.727983276305E-03));
#2496 = CARTESIAN_POINT('',(0.74950069501,4.608576168214E-03));
#2497 = CARTESIAN_POINT('',(0.746215017964,4.494400743969E-03));
#2498 = CARTESIAN_POINT('',(0.740357878218,4.299588419688E-03));
#2499 = CARTESIAN_POINT('',(0.737786404176,4.217052108943E-03));
#2500 = CARTESIAN_POINT('',(0.735214947299,4.137343346456E-03));
#2501 = CARTESIAN_POINT('',(0.732643506896,4.06030845877E-03));
#2502 = CARTESIAN_POINT('',(0.730072082318,3.985805755014E-03));
#2503 = CARTESIAN_POINT('',(0.727500672962,3.913705526906E-03));
#2504 = CARTESIAN_POINT('',(0.694497457039,3.017641106446E-03));
#2505 = CARTESIAN_POINT('',(0.66406692483,2.510746003661E-03));
#2506 = CARTESIAN_POINT('',(0.63363808904,2.129311194231E-03));
#2507 = CARTESIAN_POINT('',(0.60321041828,1.848524598298E-03));
#2508 = CARTESIAN_POINT('',(0.572783021746,1.623110423972E-03));
#2509 = CARTESIAN_POINT('',(0.542355500627,1.443276311012E-03));
#2510 = CARTESIAN_POINT('',(0.481357177229,1.146699985839E-03));
#2511 = CARTESIAN_POINT('',(0.450784832098,1.030471925631E-03));
#2512 = CARTESIAN_POINT('',(0.420213345023,9.356829671145E-04));
#2513 = CARTESIAN_POINT('',(0.389642433371,8.565891282081E-04));
#2514 = CARTESIAN_POINT('',(0.359071317146,7.896523493955E-04));
#2515 = CARTESIAN_POINT('',(0.328499761314,7.321275642159E-04));
#2516 = CARTESIAN_POINT('',(0.255368699988,6.128385978853E-04));
#2517 = CARTESIAN_POINT('',(0.212804512314,5.581820821769E-04));
#2518 = CARTESIAN_POINT('',(0.170243417375,5.134741368177E-04));
#2519 = CARTESIAN_POINT('',(0.127684352323,4.759072813393E-04));
#2520 = CARTESIAN_POINT('',(8.512348722645E-02,4.441254647461E-04));
#2521 = CARTESIAN_POINT('',(4.255965067037E-02,4.172501093699E-04));
#2522 = CARTESIAN_POINT('',(0.,3.934913103273E-04));
#2523 = ( GEOMETRIC_REPRESENTATION_CONTEXT(2) 
PARAMETRIC_REPRESENTATION_CONTEXT() REPRESENTATION_CONTEXT('2D SPACE',''
  ) );
#2524 = ORIENTED_EDGE('',*,*,#2525,.F.);
#2525 = EDGE_CURVE('',#2526,#2081,#2528,.T.);
#2526 = VERTEX_POINT('',#2527);
#2527 = CARTESIAN_POINT('',(-3.266133013326E-15,-22.05181410727,13.335)
  );
#2528 = SURFACE_CURVE('',#2529,(#2581,#2636),.PCURVE_S1.);
#2529 = B_SPLINE_CURVE_WITH_KNOTS('',8,(#2530,#2531,#2532,#2533,#2534,
    #2535,#2536,#2537,#2538,#2539,#2540,#2541,#2542,#2543,#2544,#2545,
    #2546,#2547,#2548,#2549,#2550,#2551,#2552,#2553,#2554,#2555,#2556,
    #2557,#2558,#2559,#2560,#2561,#2562,#2563,#2564,#2565,#2566,#2567,
    #2568,#2569,#2570,#2571,#2572,#2573,#2574,#2575,#2576,#2577,#2578,
    #2579,#2580),.UNSPECIFIED.,.F.,.F.,(9,7,7,7,7,7,7,9),(0.,
    0.108727888311,0.236247359067,0.346253740541,0.461174990094,
    0.670930960436,0.861150753893,1.),.UNSPECIFIED.);
#2530 = CARTESIAN_POINT('',(-3.552713678801E-15,-22.05181410727,13.335)
  );
#2531 = CARTESIAN_POINT('',(-0.85383529569,-22.10358254091,
    13.334999999982));
#2532 = CARTESIAN_POINT('',(-1.707775446872,-22.15535725192,
    13.272518880847));
#2533 = CARTESIAN_POINT('',(-2.556337912064,-22.20712967807,
    13.147531223644));
#2534 = CARTESIAN_POINT('',(-3.394184650865,-22.25889915529,
    12.960613629458));
#2535 = CARTESIAN_POINT('',(-4.216104944625,-22.31066886031,
    12.712864826677));
#2536 = CARTESIAN_POINT('',(-5.017013604028,-22.36244175788,
    12.405879521091));
#2537 = CARTESIAN_POINT('',(-5.791964563585,-22.41421655236,
    12.041775988818));
#2538 = CARTESIAN_POINT('',(-7.409018861309,-22.52669770912,
    11.132449181625));
#2539 = CARTESIAN_POINT('',(-8.239957026389,-22.58742701,10.566586166009
    ));
#2540 = CARTESIAN_POINT('',(-9.021149412277,-22.6481513519,
    9.930016804211));
#2541 = CARTESIAN_POINT('',(-9.74562727272,-22.70886856715,
    9.227938869254));
#2542 = CARTESIAN_POINT('',(-10.40715247812,-22.76958559493,
    8.466257403502));
#2543 = CARTESIAN_POINT('',(-11.00017455116,-22.83030959512,
    7.651521936943));
#2544 = CARTESIAN_POINT('',(-11.51989032113,-22.89103909635,
    6.790962988441));
#2545 = CARTESIAN_POINT('',(-12.3441484514,-23.00413272,5.117666996138)
  );
#2546 = CARTESIAN_POINT('',(-12.66856107553,-23.05651660282,
    4.314347434498));
#2547 = CARTESIAN_POINT('',(-12.93310923639,-23.10889767392,
    3.487755991375));
#2548 = CARTESIAN_POINT('',(-13.13589434733,-23.16127522572,
    2.643120552366));
#2549 = CARTESIAN_POINT('',(-13.27556866884,-23.21365277435,
    1.78578636067));
#2550 = CARTESIAN_POINT('',(-13.35130768311,-23.2660338375,0.92120394012
    ));
#2551 = CARTESIAN_POINT('',(-13.36284024203,-23.31841771133,
    5.492864291772E-02));
#2552 = CARTESIAN_POINT('',(-13.25589590749,-23.42551290653,
    -1.708190719428));
#2553 = CARTESIAN_POINT('',(-13.13157172871,-23.48023903421,
    -2.604928743475));
#2554 = CARTESIAN_POINT('',(-12.93792138822,-23.53496188515,
    -3.491088961802));
#2555 = CARTESIAN_POINT('',(-12.67605189473,-23.58968033775,
    -4.3604193589));
#2556 = CARTESIAN_POINT('',(-12.34770768936,-23.64439861258,
    -5.206879897665));
#2557 = CARTESIAN_POINT('',(-11.95523068048,-23.69912101518,
    -6.024637923789));
#2558 = CARTESIAN_POINT('',(-11.50159245422,-23.75384670243,
    -6.808088268899));
#2559 = CARTESIAN_POINT('',(-10.05764268244,-23.90843615797,
    -8.909510708966));
#2560 = CARTESIAN_POINT('',(-8.931611502891,-24.00846967485,
    -10.13763495338));
#2561 = CARTESIAN_POINT('',(-7.63547876859,-24.10840548599,
    -11.20038637342));
#2562 = CARTESIAN_POINT('',(-6.19856301494,-24.20828952101,
    -12.07202388193));
#2563 = CARTESIAN_POINT('',(-4.652876238138,-24.30817420594,
    -12.7318538931));
#2564 = CARTESIAN_POINT('',(-3.033907629793,-24.40811080844,
    -13.16589086307));
#2565 = CARTESIAN_POINT('',(-1.379688805524,-24.50814398482,
    -13.3653302713));
#2566 = CARTESIAN_POINT('',(1.760723004275,-24.69858688174,
    -13.30238898607));
#2567 = CARTESIAN_POINT('',(3.251935680182,-24.78925020261,
    -13.08121725093));
#2568 = CARTESIAN_POINT('',(4.709824418144,-24.87985908765,
    -12.66874830798));
#2569 = CARTESIAN_POINT('',(6.10613205885,-24.97043344866,
    -12.07170644934));
#2570 = CARTESIAN_POINT('',(7.414423707915,-25.06100677572,
    -11.30069547452));
#2571 = CARTESIAN_POINT('',(8.61050829651,-25.15161319722,
    -10.37073791672));
#2572 = CARTESIAN_POINT('',(9.672259842002,-25.24227387932,
    -9.300600821866));
#2573 = CARTESIAN_POINT('',(11.244951973467,-25.39895855177,
    -7.249985320336));
#2574 = CARTESIAN_POINT('',(11.827885729729,-25.46509118876,
    -6.322458299436));
#2575 = CARTESIAN_POINT('',(12.323010492421,-25.53121379041,
    -5.34179961769));
#2576 = CARTESIAN_POINT('',(12.724843279452,-25.59732820063,
    -4.31779513359));
#2577 = CARTESIAN_POINT('',(13.029175866854,-25.66344328192,
    -3.260693752476));
#2578 = CARTESIAN_POINT('',(13.233099190049,-25.72956771103,
    -2.181190182767));
#2579 = CARTESIAN_POINT('',(13.335,-25.79570220782,-1.090408712607));
#2580 = CARTESIAN_POINT('',(13.335,-25.86181418367,-8.881784197001E-15)
  );
#2581 = PCURVE('',#707,#2582);
#2582 = DEFINITIONAL_REPRESENTATION('',(#2583),#2635);
#2583 = B_SPLINE_CURVE_WITH_KNOTS('',8,(#2584,#2585,#2586,#2587,#2588,
    #2589,#2590,#2591,#2592,#2593,#2594,#2595,#2596,#2597,#2598,#2599,
    #2600,#2601,#2602,#2603,#2604,#2605,#2606,#2607,#2608,#2609,#2610,
    #2611,#2612,#2613,#2614,#2615,#2616,#2617,#2618,#2619,#2620,#2621,
    #2622,#2623,#2624,#2625,#2626,#2627,#2628,#2629,#2630,#2631,#2632,
    #2633,#2634),.UNSPECIFIED.,.F.,.F.,(9,7,7,7,7,7,7,9),(0.,
    0.108727888311,0.236247359067,0.346253740541,0.461174990094,
    0.670930960436,0.861150753893,1.),.UNSPECIFIED.);
#2584 = CARTESIAN_POINT('',(6.28318530718,7.94818589273));
#2585 = CARTESIAN_POINT('',(6.219155663708,7.89641745909));
#2586 = CARTESIAN_POINT('',(6.155118275094,7.844642748077));
#2587 = CARTESIAN_POINT('',(6.091083724365,7.792870321922));
#2588 = CARTESIAN_POINT('',(6.027052819728,7.741100844707));
#2589 = CARTESIAN_POINT('',(5.963021621226,7.689331139683));
#2590 = CARTESIAN_POINT('',(5.898986457558,7.637558242112));
#2591 = CARTESIAN_POINT('',(5.834948933095,7.585783447633));
#2592 = CARTESIAN_POINT('',(5.695826873077,7.473302290877));
#2593 = CARTESIAN_POINT('',(5.620713961923,7.412572989993));
#2594 = CARTESIAN_POINT('',(5.545607175247,7.351848648097));
#2595 = CARTESIAN_POINT('',(5.470509205734,7.291131432843));
#2596 = CARTESIAN_POINT('',(5.395411479612,7.23041440507));
#2597 = CARTESIAN_POINT('',(5.320305143549,7.169690404877));
#2598 = CARTESIAN_POINT('',(5.245192013968,7.108960903649));
#2599 = CARTESIAN_POINT('',(5.105312464256,6.995867279997));
#2600 = CARTESIAN_POINT('',(5.040521601856,6.943483397176));
#2601 = CARTESIAN_POINT('',(4.975734219158,6.891102326076));
#2602 = CARTESIAN_POINT('',(4.910951187684,6.838724774277));
#2603 = CARTESIAN_POINT('',(4.846168155947,6.786347225645));
#2604 = CARTESIAN_POINT('',(4.781380772535,6.733966162496));
#2605 = CARTESIAN_POINT('',(4.716589909203,6.681582288668));
#2606 = CARTESIAN_POINT('',(4.584129481045,6.57448709347));
#2607 = CARTESIAN_POINT('',(4.516441602926,6.519760965787));
#2608 = CARTESIAN_POINT('',(4.448757777435,6.465038114848));
#2609 = CARTESIAN_POINT('',(4.381079394653,6.410319662245));
#2610 = CARTESIAN_POINT('',(4.313401236161,6.355601387419));
#2611 = CARTESIAN_POINT('',(4.245717976384,6.300878984816));
#2612 = CARTESIAN_POINT('',(4.178030656055,6.246153297567));
#2613 = CARTESIAN_POINT('',(3.986827098783,6.091563842024));
#2614 = CARTESIAN_POINT('',(3.863100907555,5.991530325144));
#2615 = CARTESIAN_POINT('',(3.739495546506,5.891594514008));
#2616 = CARTESIAN_POINT('',(3.615954186894,5.791710478989));
#2617 = CARTESIAN_POINT('',(3.49241198583,5.691825794058));
#2618 = CARTESIAN_POINT('',(3.368805613152,5.591889191556));
#2619 = CARTESIAN_POINT('',(3.245079842461,5.491856015178));
#2620 = CARTESIAN_POINT('',(3.009531099107,5.30141311826));
#2621 = CARTESIAN_POINT('',(2.897394456974,5.210749797381));
#2622 = CARTESIAN_POINT('',(2.785325147231,5.120140912343));
#2623 = CARTESIAN_POINT('',(2.673298511607,5.029566551335));
#2624 = CARTESIAN_POINT('',(2.561273055782,4.93899322428));
#2625 = CARTESIAN_POINT('',(2.449206625107,4.848386802774));
#2626 = CARTESIAN_POINT('',(2.337073127801,4.757726120678));
#2627 = CARTESIAN_POINT('',(2.143278073795,4.601041448221));
#2628 = CARTESIAN_POINT('',(2.061482112368,4.534908811236));
#2629 = CARTESIAN_POINT('',(1.979698598309,4.468786209582));
#2630 = CARTESIAN_POINT('',(1.897925230158,4.402671799365));
#2631 = CARTESIAN_POINT('',(1.816151018969,4.336556718072));
#2632 = CARTESIAN_POINT('',(1.734365127383,4.270432288961));
#2633 = CARTESIAN_POINT('',(1.652566758936,4.204297792174));
#2634 = CARTESIAN_POINT('',(1.570796326795,4.138185816325));
#2635 = ( GEOMETRIC_REPRESENTATION_CONTEXT(2) 
PARAMETRIC_REPRESENTATION_CONTEXT() REPRESENTATION_CONTEXT('2D SPACE',''
  ) );
#2636 = PCURVE('',#2637,#2818);
#2637 = B_SPLINE_SURFACE_WITH_KNOTS('',12,1,(
    (#2638,#2639)
    ,(#2640,#2641)
    ,(#2642,#2643)
    ,(#2644,#2645)
    ,(#2646,#2647)
    ,(#2648,#2649)
    ,(#2650,#2651)
    ,(#2652,#2653)
    ,(#2654,#2655)
    ,(#2656,#2657)
    ,(#2658,#2659)
    ,(#2660,#2661)
    ,(#2662,#2663)
    ,(#2664,#2665)
    ,(#2666,#2667)
    ,(#2668,#2669)
    ,(#2670,#2671)
    ,(#2672,#2673)
    ,(#2674,#2675)
    ,(#2676,#2677)
    ,(#2678,#2679)
    ,(#2680,#2681)
    ,(#2682,#2683)
    ,(#2684,#2685)
    ,(#2686,#2687)
    ,(#2688,#2689)
    ,(#2690,#2691)
    ,(#2692,#2693)
    ,(#2694,#2695)
    ,(#2696,#2697)
    ,(#2698,#2699)
    ,(#2700,#2701)
    ,(#2702,#2703)
    ,(#2704,#2705)
    ,(#2706,#2707)
    ,(#2708,#2709)
    ,(#2710,#2711)
    ,(#2712,#2713)
    ,(#2714,#2715)
    ,(#2716,#2717)
    ,(#2718,#2719)
    ,(#2720,#2721)
    ,(#2722,#2723)
    ,(#2724,#2725)
    ,(#2726,#2727)
    ,(#2728,#2729)
    ,(#2730,#2731)
    ,(#2732,#2733)
    ,(#2734,#2735)
    ,(#2736,#2737)
    ,(#2738,#2739)
    ,(#2740,#2741)
    ,(#2742,#2743)
    ,(#2744,#2745)
    ,(#2746,#2747)
    ,(#2748,#2749)
    ,(#2750,#2751)
    ,(#2752,#2753)
    ,(#2754,#2755)
    ,(#2756,#2757)
    ,(#2758,#2759)
    ,(#2760,#2761)
    ,(#2762,#2763)
    ,(#2764,#2765)
    ,(#2766,#2767)
    ,(#2768,#2769)
    ,(#2770,#2771)
    ,(#2772,#2773)
    ,(#2774,#2775)
    ,(#2776,#2777)
    ,(#2778,#2779)
    ,(#2780,#2781)
    ,(#2782,#2783)
    ,(#2784,#2785)
    ,(#2786,#2787)
    ,(#2788,#2789)
    ,(#2790,#2791)
    ,(#2792,#2793)
    ,(#2794,#2795)
    ,(#2796,#2797)
    ,(#2798,#2799)
    ,(#2800,#2801)
    ,(#2802,#2803)
    ,(#2804,#2805)
    ,(#2806,#2807)
    ,(#2808,#2809)
    ,(#2810,#2811)
    ,(#2812,#2813)
    ,(#2814,#2815)
    ,(#2816,#2817
    )),.UNSPECIFIED.,.F.,.F.,.F.,(13,11,11,11,11,11,11,11,13),(2,2),(0.,
    6.9426717666,13.885343533201,20.828015299801,27.770687066401,
    34.713358833002,41.656030599602,48.598702366202,55.541374132803),(0.
    ,1.),.UNSPECIFIED.);
#2638 = CARTESIAN_POINT('',(15.875,-26.51844433213,-3.166183352402E-15)
  );
#2639 = CARTESIAN_POINT('',(13.334,-25.86155566786,-7.534146158935E-15)
  );
#2640 = CARTESIAN_POINT('',(15.875,-26.15469433213,-7.142214548397));
#2641 = CARTESIAN_POINT('',(13.334,-25.49780566786,-5.999010317375));
#2642 = CARTESIAN_POINT('',(12.369561830694,-25.79094433213,
    -14.28440776095));
#2643 = CARTESIAN_POINT('',(10.389652752787,-25.13405566786,
    -11.99800271398));
#2644 = CARTESIAN_POINT('',(5.358831372835,-25.42719433213,
    -19.53427398459));
#2645 = CARTESIAN_POINT('',(4.501080788997,-24.77030566786,
    -16.40755964161));
#2646 = CARTESIAN_POINT('',(-4.02270410552,-25.06344433213,
    -20.99820134698));
#2647 = CARTESIAN_POINT('',(-3.378818049948,-24.40655566787,
    -17.63716641012));
#2648 = CARTESIAN_POINT('',(-13.50167660776,-24.69969433212,
    -17.55340474772));
#2649 = CARTESIAN_POINT('',(-11.34055785121,-24.04280566786,
    -14.74375426179));
#2650 = CARTESIAN_POINT('',(-20.27103949283,-24.33594433213,
    -9.597077130517));
#2651 = CARTESIAN_POINT('',(-17.0263962581,-23.67905566787,
    -8.06094024935));
#2652 = CARTESIAN_POINT('',(-22.13487192589,-23.97219433212,
    0.681714222646));
#2653 = CARTESIAN_POINT('',(-18.59189809511,-23.31530566786,0.5725970044
    ));
#2654 = CARTESIAN_POINT('',(-18.79169381106,-23.60844433213,
    10.197002100689));
#2655 = CARTESIAN_POINT('',(-15.78383907254,-22.95155566787,
    8.564839433734));
#2656 = CARTESIAN_POINT('',(-11.71336978377,-23.24469433213,
    16.525795051845));
#2657 = CARTESIAN_POINT('',(-9.838492768309,-22.58780566786,
    13.880626848588));
#2658 = CARTESIAN_POINT('',(-3.209225308349,-22.88094433213,
    18.621257688056));
#2659 = CARTESIAN_POINT('',(-2.695547103087,-22.22405566786,
    15.640683465356));
#2660 = CARTESIAN_POINT('',(4.536996679767,-22.51719433213,
    16.806026144901));
#2661 = CARTESIAN_POINT('',(3.810791415938,-21.86030566786,
    14.116003314401));
#2662 = CARTESIAN_POINT('',(15.586011545197,-21.78969433213,
    7.752618768408));
#2663 = CARTESIAN_POINT('',(13.091267901962,-21.13280566786,
    6.511711411525));
#2664 = CARTESIAN_POINT('',(18.88877141596,-21.42594433213,
    0.514469980184));
#2665 = CARTESIAN_POINT('',(15.865378145538,-20.76905566786,
    0.432122375796));
#2666 = CARTESIAN_POINT('',(18.506176573795,-21.06219433213,
    -8.235676196065));
#2667 = CARTESIAN_POINT('',(15.54402257858,-20.40530566786,
    -6.91744922194));
#2668 = CARTESIAN_POINT('',(13.692550012543,-20.69844433213,
    -16.4201303979));
#2669 = CARTESIAN_POINT('',(11.500879487702,-20.04155566787,
    -13.79187519531));
#2670 = CARTESIAN_POINT('',(5.020267237424,-20.33469433212,
    -21.56882487116));
#2671 = CARTESIAN_POINT('',(4.21670824213,-19.67780566786,
    -18.11645422564));
#2672 = CARTESIAN_POINT('',(-5.424349133446,-19.97094433214,
    -21.76224639245));
#2673 = CARTESIAN_POINT('',(-4.556111580812,-19.31405566787,
    -18.27891611949));
#2674 = CARTESIAN_POINT('',(-14.55628936539,-19.60719433212,
    -16.68926988727));
#2675 = CARTESIAN_POINT('',(-12.22636613531,-18.95030566786,
    -14.01793541271));
#2676 = CARTESIAN_POINT('',(-19.79747914617,-19.24344433213,
    -8.072572550641));
#2677 = CARTESIAN_POINT('',(-16.62863539748,-18.58655566787,
    -6.780452434036));
#2678 = CARTESIAN_POINT('',(-20.20659430204,-18.87969433213,
    1.41367623603));
#2679 = CARTESIAN_POINT('',(-16.97226635738,-18.22280566786,
    1.187398987796));
#2680 = CARTESIAN_POINT('',(-16.43754717088,-18.51594433213,
    9.319732183354));
#2681 = CARTESIAN_POINT('',(-13.8065041875,-17.85905566786,
    7.827987964273));
#2682 = CARTESIAN_POINT('',(-10.12394352733,-18.15219433213,
    14.16095410312));
#2683 = CARTESIAN_POINT('',(-8.503474834236,-17.49530566786,
    11.894309418016));
#2684 = CARTESIAN_POINT('',(3.881689040532,-17.42469433213,
    16.969364862832));
#2685 = CARTESIAN_POINT('',(3.260374278202,-16.76780566786,
    14.253197548409));
#2686 = CARTESIAN_POINT('',(11.573676125994,-17.06094433214,
    14.936545313261));
#2687 = CARTESIAN_POINT('',(9.721158895372,-16.40405566788,
    12.545757178396));
#2688 = CARTESIAN_POINT('',(18.09943277886,-16.69719433209,
    9.094804388884));
#2689 = CARTESIAN_POINT('',(15.202383412489,-16.04030566783,
    7.639062785598));
#2690 = CARTESIAN_POINT('',(21.379258217093,-16.33344433219,
    0.184190698084));
#2691 = CARTESIAN_POINT('',(17.957230177438,-15.67655566793,
    0.154708583828));
#2692 = CARTESIAN_POINT('',(19.865322523533,-15.96969433204,
    -9.787045034076));
#2693 = CARTESIAN_POINT('',(16.685619560859,-15.31280566778,
    -8.22050132185));
#2694 = CARTESIAN_POINT('',(13.395182974393,-15.60594433222,
    -17.98855204418));
#2695 = CARTESIAN_POINT('',(11.251109907448,-14.94905566796,
    -15.10925057997));
#2696 = CARTESIAN_POINT('',(3.683449524487,-15.24219433205,
    -21.83688368474));
#2697 = CARTESIAN_POINT('',(3.093865572242,-14.58530566778,
    -18.34160674345));
#2698 = CARTESIAN_POINT('',(-6.303413949167,-14.87844433218,
    -20.42972297205));
#2699 = CARTESIAN_POINT('',(-5.294470651847,-14.22155566792,
    -17.15968038484));
#2700 = CARTESIAN_POINT('',(-13.90032869419,-14.5146943321,
    -14.73383168019));
#2701 = CARTESIAN_POINT('',(-11.67540049186,-13.85780566784,
    -12.37549049598));
#2702 = CARTESIAN_POINT('',(-17.6268626865,-14.15094433214,
    -6.807648404266));
#2703 = CARTESIAN_POINT('',(-14.8054543031,-13.49405566787,
    -5.717995831337));
#2704 = CARTESIAN_POINT('',(-17.370017081,-13.78719433213,1.144272808825
    ));
#2705 = CARTESIAN_POINT('',(-14.58972017373,-13.13030566786,
    0.961117079236));
#2706 = CARTESIAN_POINT('',(-10.66561718366,-13.05969433213,
    13.757596583227));
#2707 = CARTESIAN_POINT('',(-8.958446584379,-12.40280566787,
    11.555514509653));
#2708 = CARTESIAN_POINT('',(-4.218082919774,-12.69594433212,
    18.41896146493));
#2709 = CARTESIAN_POINT('',(-3.5429239466,-12.03905566786,15.470767381)
  );
#2710 = CARTESIAN_POINT('',(4.436502775807,-12.33219433214,
    19.764169016366));
#2711 = CARTESIAN_POINT('',(3.726382866939,-11.67530566788,
    16.600656986724));
#2712 = CARTESIAN_POINT('',(13.407606771612,-11.9684443321,
    16.653608881802));
#2713 = CARTESIAN_POINT('',(11.261545114493,-11.31155566784,
    13.987982414483));
#2714 = CARTESIAN_POINT('',(20.16083818176,-11.60469433216,
    9.162853991292));
#2715 = CARTESIAN_POINT('',(16.933834098629,-10.94780566789,
    7.696220165035));
#2716 = CARTESIAN_POINT('',(22.403963443486,-11.24094433209,
    -1.039881528244));
#2717 = CARTESIAN_POINT('',(18.817918019231,-10.58405566783,
    -0.873434979379));
#2718 = CARTESIAN_POINT('',(19.225397086633,-10.87719433216,
    -10.99096885257));
#2719 = CARTESIAN_POINT('',(16.148122504145,-10.22030566789,
    -9.231721491662));
#2720 = CARTESIAN_POINT('',(11.807327918299,-10.51344433211,
    -17.8239618368));
#2721 = CARTESIAN_POINT('',(9.917411682677,-9.85655566785,
    -14.97100517366));
#2722 = CARTESIAN_POINT('',(2.586661789047,-10.14969433214,
    -20.09014969024));
#2723 = CARTESIAN_POINT('',(2.172632963478,-9.492805667876,
    -16.87446021856));
#2724 = CARTESIAN_POINT('',(-5.90610655009,-9.78594433213,
    -17.94904650346));
#2725 = CARTESIAN_POINT('',(-4.96075746387,-9.129055667866,
    -15.07606841431));
#2726 = CARTESIAN_POINT('',(-11.89413499794,-9.422194332131,
    -12.71048410982));
#2727 = CARTESIAN_POINT('',(-9.990324161421,-8.765305667868,
    -10.67600599183));
#2728 = CARTESIAN_POINT('',(-17.401330131,-8.694694332134,0.469641700945
    ));
#2729 = CARTESIAN_POINT('',(-14.61602116326,-8.03780566787,
    0.394469445064));
#2730 = CARTESIAN_POINT('',(-16.92048036463,-8.330944332119,
    8.411165745282));
#2731 = CARTESIAN_POINT('',(-14.21213764926,-7.674055667855,
    7.064849388828));
#2732 = CARTESIAN_POINT('',(-12.47576148132,-7.967194332169,
    15.958079748128));
#2733 = CARTESIAN_POINT('',(-10.47885376958,-7.310305667905,
    13.403781755048));
#2734 = CARTESIAN_POINT('',(-4.383895612933,-7.603444332062,
    20.925775192027));
#2735 = CARTESIAN_POINT('',(-3.68219616395,-6.946555667798,
    17.576333002254));
#2736 = CARTESIAN_POINT('',(5.690375905142,-7.239694332228,
    21.401796922483));
#2737 = CARTESIAN_POINT('',(4.779557311432,-6.582805667965,
    17.97616127017));
#2738 = CARTESIAN_POINT('',(15.003881003156,-6.87594433203,
    16.67040750603));
#2739 = CARTESIAN_POINT('',(12.602314916301,-6.219055667766,
    14.002092200688));
#2740 = CARTESIAN_POINT('',(20.686492126142,-6.512194332216,
    7.904829724252));
#2741 = CARTESIAN_POINT('',(17.375350299832,-5.855305667952,
    6.639559026312));
#2742 = CARTESIAN_POINT('',(21.270277370518,-6.148444332079,
    -2.163771871545));
#2743 = CARTESIAN_POINT('',(17.865693131249,-5.491555667815,
    -1.817432071486));
#2744 = CARTESIAN_POINT('',(17.179158077284,-5.784694332157,
    -10.73226264787));
#2745 = CARTESIAN_POINT('',(14.429410633226,-5.127805667893,
    -9.014424576188));
#2746 = CARTESIAN_POINT('',(10.140334769331,-5.420944332123,
    -15.94440264577));
#2747 = CARTESIAN_POINT('',(8.517242444994,-4.764055667859,
    -13.39229385062));
#2748 = CARTESIAN_POINT('',(2.29311778069,-5.057194332134,
    -17.25596895277));
#2749 = CARTESIAN_POINT('',(1.926074487416,-4.40030566787,
    -14.49392693016));
#2750 = CARTESIAN_POINT('',(-11.39215348414,-4.329694332131,
    -13.16228295734));
#2751 = CARTESIAN_POINT('',(-9.568691310711,-3.672805667867,
    -11.05548856397));
#2752 = CARTESIAN_POINT('',(-17.23016687852,-3.965944332136,
    -7.757042883912));
#2753 = CARTESIAN_POINT('',(-14.47225481311,-3.309055667872,
    -6.515427389865));
#2754 = CARTESIAN_POINT('',(-20.25066661211,-3.602194332124,
    0.464150355397));
#2755 = CARTESIAN_POINT('',(-17.00928432164,-2.94530566786,
    0.389857060717));
#2756 = CARTESIAN_POINT('',(-18.96459369927,-3.238444332142,
    9.871716869496));
#2757 = CARTESIAN_POINT('',(-15.92906408729,-2.581555667878,
    8.291620329943));
#2758 = CARTESIAN_POINT('',(-12.94776850348,-2.874694332122,
    17.965872654482));
#2759 = CARTESIAN_POINT('',(-10.87530993548,-2.217805667858,
    15.090201321251));
#2760 = CARTESIAN_POINT('',(-3.385177879242,-2.51094433214,
    22.171141204192));
#2761 = CARTESIAN_POINT('',(-2.843336178987,-1.854055667876,
    18.622362004205));
#2762 = CARTESIAN_POINT('',(6.996615587413,-2.147194332126,
    21.011060415367));
#2763 = CARTESIAN_POINT('',(5.876716361716,-1.490305667862,
    17.647967217539));
#2764 = CARTESIAN_POINT('',(15.154685717853,-1.783444332136,
    15.081183936406));
#2765 = CARTESIAN_POINT('',(12.728981377138,-1.126555667872,
    12.667244510748));
#2766 = CARTESIAN_POINT('',(19.189485567632,-1.41969433213,
    6.486029404551));
#2767 = CARTESIAN_POINT('',(16.117959090311,-0.762805667866,
    5.447856131038));
#2768 = CARTESIAN_POINT('',(18.759904343294,-1.055944332133,
    -2.261935895467));
#2769 = CARTESIAN_POINT('',(15.757137922112,-0.399055667869,
    -1.89988366804));
#2770 = CARTESIAN_POINT('',(14.800870617574,-0.692194332131,
    -9.163028026648));
#2771 = CARTESIAN_POINT('',(12.431798980455,-3.530566786729E-02,
    -7.696366343769));
#2772 = CARTESIAN_POINT('',(2.960738114534,3.530566786641E-02,
    -17.15403402912));
#2773 = CARTESIAN_POINT('',(2.486833513021,0.69219433213,-14.40830801539
    ));
#2774 = CARTESIAN_POINT('',(-4.920325292944,0.399055667877,-18.243924029
    ));
#2775 = CARTESIAN_POINT('',(-4.132763304323,1.055944332141,
    -15.3237469608));
#2776 = CARTESIAN_POINT('',(-13.19380266332,0.762805667842,
    -15.36972690285));
#2777 = CARTESIAN_POINT('',(-11.08196313151,1.419694332106,
    -12.90960242661));
#2778 = CARTESIAN_POINT('',(-19.65545399299,1.126555667918,
    -8.41247504964));
#2779 = CARTESIAN_POINT('',(-16.50934321528,1.783444332182,
    -7.065949122024));
#2780 = CARTESIAN_POINT('',(-22.10285162733,1.490305667799,
    1.371582806236));
#2781 = CARTESIAN_POINT('',(-18.56500306134,2.147194332063,
    1.152043158342));
#2782 = CARTESIAN_POINT('',(-19.29490225087,1.85405566794,
    11.433533080445));
#2783 = CARTESIAN_POINT('',(-16.20650246382,2.510944332204,
    9.603447564994));
#2784 = CARTESIAN_POINT('',(-11.81764469226,2.217805667809,
    18.728602814483));
#2785 = CARTESIAN_POINT('',(-9.926077122937,2.874694332073,
    15.73084660968));
#2786 = CARTESIAN_POINT('',(-2.060333096702,2.581555667905,
    21.280545943688));
#2787 = CARTESIAN_POINT('',(-1.730550016468,3.238444332169,
    17.874318085851));
#2788 = CARTESIAN_POINT('',(7.145262452507,2.94530566785,18.953895596209
    ));
#2789 = CARTESIAN_POINT('',(6.001570364833,3.602194332114,
    15.920078354645));
#2790 = CARTESIAN_POINT('',(13.639552436942,3.309055667873,
    13.077192905381));
#2791 = CARTESIAN_POINT('',(11.456364862626,3.965944332137,
    10.984018280334));
#2792 = CARTESIAN_POINT('',(16.46833363185,3.672805667868,5.640996458551
    ));
#2793 = CARTESIAN_POINT('',(13.832362875407,4.329694332132,
    4.738081686824));
#2794 = CARTESIAN_POINT('',(15.145158676627,4.400305667866,
    -8.582017380261));
#2795 = CARTESIAN_POINT('',(12.720979262623,5.05719433213,-7.2083539999)
  );
#2796 = CARTESIAN_POINT('',(10.993206479196,4.764055667883,
    -15.36879228405));
#2797 = CARTESIAN_POINT('',(9.233600957076,5.420944332147,-12.9088174057
    ));
#2798 = CARTESIAN_POINT('',(3.526320186111,5.127805667826,
    -19.94667891484));
#2799 = CARTESIAN_POINT('',(2.96188682593,5.78469433209,-16.75395380476)
  );
#2800 = CARTESIAN_POINT('',(-5.950484245043,5.491555667947,
    -20.53529511308));
#2801 = CARTESIAN_POINT('',(-4.998031932187,6.148444332211,
    -17.24835433308));
#2802 = CARTESIAN_POINT('',(-15.06960882518,5.85530566776,
    -16.22726653844));
#2803 = CARTESIAN_POINT('',(-12.65752214644,6.512194332024,
    -13.62988170229));
#2804 = CARTESIAN_POINT('',(-21.07286789674,6.219055667982,
    -7.678096781058));
#2805 = CARTESIAN_POINT('',(-17.69988160852,6.875944332246,
    -6.44911763643));
#2806 = CARTESIAN_POINT('',(-21.97655645937,6.582805667774,
    2.729149252581));
#2807 = CARTESIAN_POINT('',(-18.45892307585,7.239694332038,
    2.292313457238));
#2808 = CARTESIAN_POINT('',(-17.76634555098,6.946555667929,
    11.893846051377));
#2809 = CARTESIAN_POINT('',(-14.92261112295,7.603444332193,9.99008146452
    ));
#2810 = CARTESIAN_POINT('',(-10.13221469511,7.310305667837,
    17.539759381458));
#2811 = CARTESIAN_POINT('',(-8.510422094149,7.967194332101,
    14.732293013685));
#2812 = CARTESIAN_POINT('',(-1.470529485123,7.67405566788,
    18.838468833691));
#2813 = CARTESIAN_POINT('',(-1.235152135726,8.330944332144,
    15.823127145101));
#2814 = CARTESIAN_POINT('',(6.074242020232,8.037805667865,
    16.313504759401));
#2815 = CARTESIAN_POINT('',(5.101980667577,8.694694332129,
    13.702316375549));
#2816 = CARTESIAN_POINT('',(11.155685893578,8.401555667868,
    11.294525100412));
#2817 = CARTESIAN_POINT('',(9.370073430234,9.058444332132,9.486689618198
    ));
#2818 = DEFINITIONAL_REPRESENTATION('',(#2819),#2871);
#2819 = B_SPLINE_CURVE_WITH_KNOTS('',8,(#2820,#2821,#2822,#2823,#2824,
    #2825,#2826,#2827,#2828,#2829,#2830,#2831,#2832,#2833,#2834,#2835,
    #2836,#2837,#2838,#2839,#2840,#2841,#2842,#2843,#2844,#2845,#2846,
    #2847,#2848,#2849,#2850,#2851,#2852,#2853,#2854,#2855,#2856,#2857,
    #2858,#2859,#2860,#2861,#2862,#2863,#2864,#2865,#2866,#2867,#2868,
    #2869,#2870),.UNSPECIFIED.,.F.,.F.,(9,7,7,7,7,7,7,9),(0.,
    0.108727888311,0.236247359067,0.346253740541,0.461174990094,
    0.670930960436,0.861150753893,1.),.UNSPECIFIED.);
#2820 = CARTESIAN_POINT('',(6.059926569739,0.999606559555));
#2821 = CARTESIAN_POINT('',(5.977587240246,0.999606544338));
#2822 = CARTESIAN_POINT('',(5.895237949389,0.999606509201));
#2823 = CARTESIAN_POINT('',(5.812892308306,0.999606456132));
#2824 = CARTESIAN_POINT('',(5.73055135785,0.999606402369));
#2825 = CARTESIAN_POINT('',(5.648210031664,0.999606363198));
#2826 = CARTESIAN_POINT('',(5.56586360756,0.999606343958));
#2827 = CARTESIAN_POINT('',(5.483514147149,0.999606341265));
#2828 = CARTESIAN_POINT('',(5.304609250922,0.99960636774));
#2829 = CARTESIAN_POINT('',(5.208017324999,0.999606401508));
#2830 = CARTESIAN_POINT('',(5.111433272643,0.999606448545));
#2831 = CARTESIAN_POINT('',(5.014860556746,0.999606494328));
#2832 = CARTESIAN_POINT('',(4.918288153185,0.999606526576));
#2833 = CARTESIAN_POINT('',(4.821704678877,0.999606540536));
#2834 = CARTESIAN_POINT('',(4.725112471177,0.999606539009));
#2835 = CARTESIAN_POINT('',(4.54523347763,0.999606516845));
#2836 = CARTESIAN_POINT('',(4.461915259447,0.999606498883));
#2837 = CARTESIAN_POINT('',(4.378601518112,0.999606476407));
#2838 = CARTESIAN_POINT('',(4.295293373761,0.999606454482));
#2839 = CARTESIAN_POINT('',(4.211985229473,0.99960643732));
#2840 = CARTESIAN_POINT('',(4.128671488237,0.999606426852));
#2841 = CARTESIAN_POINT('',(4.045353270033,0.999606422601));
#2842 = CARTESIAN_POINT('',(3.875014944621,0.999606423123));
#2843 = CARTESIAN_POINT('',(3.787971287107,0.999606428274));
#2844 = CARTESIAN_POINT('',(3.700932838041,0.999606436599));
#2845 = CARTESIAN_POINT('',(3.613901385251,0.999606444368));
#2846 = CARTESIAN_POINT('',(3.526870219077,0.999606448446));
#2847 = CARTESIAN_POINT('',(3.439832492563,0.999606447719));
#2848 = CARTESIAN_POINT('',(3.352789545555,0.999606443316));
#2849 = CARTESIAN_POINT('',(3.106910101053,0.999606427273));
#2850 = CARTESIAN_POINT('',(2.94780361625,0.99960641254));
#2851 = CARTESIAN_POINT('',(2.788852525357,0.999606407564));
#2852 = CARTESIAN_POINT('',(2.62998375038,0.999606436708));
#2853 = CARTESIAN_POINT('',(2.471113888168,0.999606517085));
#2854 = CARTESIAN_POINT('',(2.312161488984,0.99960655958));
#2855 = CARTESIAN_POINT('',(2.153055542417,0.999606548047));
#2856 = CARTESIAN_POINT('',(1.8501501265,0.999606464041));
#2857 = CARTESIAN_POINT('',(1.705947292135,0.999606396916));
#2858 = CARTESIAN_POINT('',(1.561831047961,0.999606321897));
#2859 = CARTESIAN_POINT('',(1.417769688877,0.99960627222));
#2860 = CARTESIAN_POINT('',(1.273709852617,0.999606339038));
#2861 = CARTESIAN_POINT('',(1.129597306988,0.999606474375));
#2862 = CARTESIAN_POINT('',(0.985398513647,0.999606556601));
#2863 = CARTESIAN_POINT('',(0.736186527095,0.999606571859));
#2864 = CARTESIAN_POINT('',(0.631000492122,0.999606539188));
#2865 = CARTESIAN_POINT('',(0.525830471471,0.999606455976));
#2866 = CARTESIAN_POINT('',(0.420673509485,0.999606344123));
#2867 = CARTESIAN_POINT('',(0.31551547,0.999606241968));
#2868 = CARTESIAN_POINT('',(0.210342398496,0.999606296796));
#2869 = CARTESIAN_POINT('',(0.105153206909,0.999606454152));
#2870 = CARTESIAN_POINT('',(0.,0.999606454152));
#2871 = ( GEOMETRIC_REPRESENTATION_CONTEXT(2) 
PARAMETRIC_REPRESENTATION_CONTEXT() REPRESENTATION_CONTEXT('2D SPACE',''
  ) );
#2872 = ORIENTED_EDGE('',*,*,#2873,.T.);
#2873 = EDGE_CURVE('',#2526,#998,#2874,.T.);
#2874 = SURFACE_CURVE('',#2875,(#2879,#2886),.PCURVE_S1.);
#2875 = LINE('',#2876,#2877);
#2876 = CARTESIAN_POINT('',(-3.266133013326E-15,-30.,13.335));
#2877 = VECTOR('',#2878,1.);
#2878 = DIRECTION('',(0.,1.,0.));
#2879 = PCURVE('',#707,#2880);
#2880 = DEFINITIONAL_REPRESENTATION('',(#2881),#2885);
#2881 = LINE('',#2882,#2883);
#2882 = CARTESIAN_POINT('',(6.28318530718,-0.));
#2883 = VECTOR('',#2884,1.);
#2884 = DIRECTION('',(0.,1.));
#2885 = ( GEOMETRIC_REPRESENTATION_CONTEXT(2) 
PARAMETRIC_REPRESENTATION_CONTEXT() REPRESENTATION_CONTEXT('2D SPACE',''
  ) );
#2886 = PCURVE('',#2887,#2892);
#2887 = CYLINDRICAL_SURFACE('',#2888,13.335);
#2888 = AXIS2_PLACEMENT_3D('',#2889,#2890,#2891);
#2889 = CARTESIAN_POINT('',(0.,-30.,0.));
#2890 = DIRECTION('',(0.,1.,0.));
#2891 = DIRECTION('',(0.,-0.,1.));
#2892 = DEFINITIONAL_REPRESENTATION('',(#2893),#2897);
#2893 = LINE('',#2894,#2895);
#2894 = CARTESIAN_POINT('',(0.,-0.));
#2895 = VECTOR('',#2896,1.);
#2896 = DIRECTION('',(0.,1.));
#2897 = ( GEOMETRIC_REPRESENTATION_CONTEXT(2) 
PARAMETRIC_REPRESENTATION_CONTEXT() REPRESENTATION_CONTEXT('2D SPACE',''
  ) );
#2898 = ADVANCED_FACE('',(#2899),#933,.T.);
#2899 = FACE_BOUND('',#2900,.T.);
#2900 = EDGE_LOOP('',(#2901,#2924,#2951,#2952,#2953));
#2901 = ORIENTED_EDGE('',*,*,#2902,.T.);
#2902 = EDGE_CURVE('',#917,#2903,#2905,.T.);
#2903 = VERTEX_POINT('',#2904);
#2904 = CARTESIAN_POINT('',(-4.898587196589E-15,10.,20.));
#2905 = SEAM_CURVE('',#2906,(#2910,#2917),.PCURVE_S1.);
#2906 = LINE('',#2907,#2908);
#2907 = CARTESIAN_POINT('',(-4.898587196589E-15,0.,20.));
#2908 = VECTOR('',#2909,1.);
#2909 = DIRECTION('',(0.,1.,0.));
#2910 = PCURVE('',#933,#2911);
#2911 = DEFINITIONAL_REPRESENTATION('',(#2912),#2916);
#2912 = LINE('',#2913,#2914);
#2913 = CARTESIAN_POINT('',(6.28318530718,-0.));
#2914 = VECTOR('',#2915,1.);
#2915 = DIRECTION('',(0.,1.));
#2916 = ( GEOMETRIC_REPRESENTATION_CONTEXT(2) 
PARAMETRIC_REPRESENTATION_CONTEXT() REPRESENTATION_CONTEXT('2D SPACE',''
  ) );
#2917 = PCURVE('',#933,#2918);
#2918 = DEFINITIONAL_REPRESENTATION('',(#2919),#2923);
#2919 = LINE('',#2920,#2921);
#2920 = CARTESIAN_POINT('',(0.,-0.));
#2921 = VECTOR('',#2922,1.);
#2922 = DIRECTION('',(0.,1.));
#2923 = ( GEOMETRIC_REPRESENTATION_CONTEXT(2) 
PARAMETRIC_REPRESENTATION_CONTEXT() REPRESENTATION_CONTEXT('2D SPACE',''
  ) );
#2924 = ORIENTED_EDGE('',*,*,#2925,.F.);
#2925 = EDGE_CURVE('',#2903,#2903,#2926,.T.);
#2926 = SURFACE_CURVE('',#2927,(#2932,#2939),.PCURVE_S1.);
#2927 = CIRCLE('',#2928,20.);
#2928 = AXIS2_PLACEMENT_3D('',#2929,#2930,#2931);
#2929 = CARTESIAN_POINT('',(0.,10.,0.));
#2930 = DIRECTION('',(0.,1.,0.));
#2931 = DIRECTION('',(0.,-0.,1.));
#2932 = PCURVE('',#933,#2933);
#2933 = DEFINITIONAL_REPRESENTATION('',(#2934),#2938);
#2934 = LINE('',#2935,#2936);
#2935 = CARTESIAN_POINT('',(0.,10.));
#2936 = VECTOR('',#2937,1.);
#2937 = DIRECTION('',(1.,0.));
#2938 = ( GEOMETRIC_REPRESENTATION_CONTEXT(2) 
PARAMETRIC_REPRESENTATION_CONTEXT() REPRESENTATION_CONTEXT('2D SPACE',''
  ) );
#2939 = PCURVE('',#2940,#2945);
#2940 = PLANE('',#2941);
#2941 = AXIS2_PLACEMENT_3D('',#2942,#2943,#2944);
#2942 = CARTESIAN_POINT('',(0.,10.,0.));
#2943 = DIRECTION('',(0.,1.,0.));
#2944 = DIRECTION('',(0.,-0.,1.));
#2945 = DEFINITIONAL_REPRESENTATION('',(#2946),#2950);
#2946 = CIRCLE('',#2947,20.);
#2947 = AXIS2_PLACEMENT_2D('',#2948,#2949);
#2948 = CARTESIAN_POINT('',(0.,0.));
#2949 = DIRECTION('',(1.,0.));
#2950 = ( GEOMETRIC_REPRESENTATION_CONTEXT(2) 
PARAMETRIC_REPRESENTATION_CONTEXT() REPRESENTATION_CONTEXT('2D SPACE',''
  ) );
#2951 = ORIENTED_EDGE('',*,*,#2902,.F.);
#2952 = ORIENTED_EDGE('',*,*,#945,.F.);
#2953 = ORIENTED_EDGE('',*,*,#916,.F.);
#2954 = ADVANCED_FACE('',(#2955),#1139,.F.);
#2955 = FACE_BOUND('',#2956,.F.);
#2956 = EDGE_LOOP('',(#2957,#2979,#2980,#2981,#3211,#3446,#3681,#3895,
    #4109,#4155,#4224));
#2957 = ORIENTED_EDGE('',*,*,#2958,.F.);
#2958 = EDGE_CURVE('',#1413,#2959,#2961,.T.);
#2959 = VERTEX_POINT('',#2960);
#2960 = CARTESIAN_POINT('',(15.875000000474,-28.40155566794,
    -4.699599864994E-09));
#2961 = SURFACE_CURVE('',#2962,(#2965,#2972),.PCURVE_S1.);
#2962 = B_SPLINE_CURVE_WITH_KNOTS('',1,(#2963,#2964),.UNSPECIFIED.,.F.,
  .F.,(2,2),(0.,1.),.PIECEWISE_BEZIER_KNOTS.);
#2963 = CARTESIAN_POINT('',(13.334,-29.05844433213,-7.889072099158E-15)
  );
#2964 = CARTESIAN_POINT('',(15.875,-28.40155566786,-3.375250708689E-15)
  );
#2965 = PCURVE('',#1139,#2966);
#2966 = DEFINITIONAL_REPRESENTATION('',(#2967),#2971);
#2967 = LINE('',#2968,#2969);
#2968 = CARTESIAN_POINT('',(0.,0.));
#2969 = VECTOR('',#2970,1.);
#2970 = DIRECTION('',(0.,1.));
#2971 = ( GEOMETRIC_REPRESENTATION_CONTEXT(2) 
PARAMETRIC_REPRESENTATION_CONTEXT() REPRESENTATION_CONTEXT('2D SPACE',''
  ) );
#2972 = PCURVE('',#1844,#2973);
#2973 = DEFINITIONAL_REPRESENTATION('',(#2974),#2978);
#2974 = LINE('',#2975,#2976);
#2975 = CARTESIAN_POINT('',(0.,1.));
#2976 = VECTOR('',#2977,1.);
#2977 = DIRECTION('',(-0.,-1.));
#2978 = ( GEOMETRIC_REPRESENTATION_CONTEXT(2) 
PARAMETRIC_REPRESENTATION_CONTEXT() REPRESENTATION_CONTEXT('2D SPACE',''
  ) );
#2979 = ORIENTED_EDGE('',*,*,#1412,.F.);
#2980 = ORIENTED_EDGE('',*,*,#997,.F.);
#2981 = ORIENTED_EDGE('',*,*,#2982,.F.);
#2982 = EDGE_CURVE('',#2983,#998,#2985,.T.);
#2983 = VERTEX_POINT('',#2984);
#2984 = CARTESIAN_POINT('',(-3.266133013326E-15,-15.08818575106,13.335)
  );
#2985 = SURFACE_CURVE('',#2986,(#3059,#3135),.PCURVE_S1.);
#2986 = B_SPLINE_CURVE_WITH_KNOTS('',8,(#2987,#2988,#2989,#2990,#2991,
    #2992,#2993,#2994,#2995,#2996,#2997,#2998,#2999,#3000,#3001,#3002,
    #3003,#3004,#3005,#3006,#3007,#3008,#3009,#3010,#3011,#3012,#3013,
    #3014,#3015,#3016,#3017,#3018,#3019,#3020,#3021,#3022,#3023,#3024,
    #3025,#3026,#3027,#3028,#3029,#3030,#3031,#3032,#3033,#3034,#3035,
    #3036,#3037,#3038,#3039,#3040,#3041,#3042,#3043,#3044,#3045,#3046,
    #3047,#3048,#3049,#3050,#3051,#3052,#3053,#3054,#3055,#3056,#3057,
    #3058),.UNSPECIFIED.,.F.,.F.,(9,7,7,7,7,7,7,7,7,7,9),(0.,
    8.062998015036E-02,0.171156517458,0.304570364621,0.389036595925,
    0.472687310259,0.568075006408,0.662895716548,0.789782516185,
    0.912790496072,1.),.UNSPECIFIED.);
#2987 = CARTESIAN_POINT('',(-7.105427357601E-15,-15.08818575106,13.335)
  );
#2988 = CARTESIAN_POINT('',(-0.844279958145,-15.13937483671,13.335));
#2989 = CARTESIAN_POINT('',(-1.688680784915,-15.19057117337,
    13.273909535983));
#2990 = CARTESIAN_POINT('',(-2.527892552839,-15.24176590154,
    13.151699305011));
#2991 = CARTESIAN_POINT('',(-3.356745634507,-15.29295793108,
    12.968919545453));
#2992 = CARTESIAN_POINT('',(-4.170194950944,-15.34415002505,
    12.726622361996));
#2993 = CARTESIAN_POINT('',(-4.963317898877,-15.39534491453,
    12.426335081587));
#2994 = CARTESIAN_POINT('',(-5.731325956913,-15.44654144459,
    12.070084640317));
#2995 = CARTESIAN_POINT('',(-7.298468815099,-15.55520305451,
    11.2005854599));
#2996 = CARTESIAN_POINT('',(-8.090167907264,-15.61268772488,
    10.673259143225));
#2997 = CARTESIAN_POINT('',(-8.838032998656,-15.67016868061,
    10.082122056529));
#2998 = CARTESIAN_POINT('',(-9.536095176653,-15.72764391747,
    9.431503933623));
#2999 = CARTESIAN_POINT('',(-10.17896697156,-15.78511865819,
    8.726314043694));
#3000 = CARTESIAN_POINT('',(-10.76181028105,-15.84259855155,
    7.971992609017));
#3001 = CARTESIAN_POINT('',(-11.28037611177,-15.90008292103,7.1745358335
    ));
#3002 = CARTESIAN_POINT('',(-12.39539605918,-16.04226228373,
    5.111570221524));
#3003 = CARTESIAN_POINT('',(-12.91307795144,-16.12703724003,
    3.801979590121));
#3004 = CARTESIAN_POINT('',(-13.27176785988,-16.21177509676,
    2.433728148116));
#3005 = CARTESIAN_POINT('',(-13.4644464222,-16.29648639842,1.02950641287
    ));
#3006 = CARTESIAN_POINT('',(-13.48748117981,-16.38119605756,
    -0.387653175641));
#3007 = CARTESIAN_POINT('',(-13.34099855165,-16.46592979487,
    -1.794462049083));
#3008 = CARTESIAN_POINT('',(-13.02847093145,-16.55070188492,
    -3.167492880362));
#3009 = CARTESIAN_POINT('',(-12.26139399681,-16.68903604305,
    -5.316277478959));
#3010 = CARTESIAN_POINT('',(-11.90082310735,-16.74267285312,
    -6.126892613606));
#3011 = CARTESIAN_POINT('',(-11.47908420601,-16.796306473,
    -6.909311808865));
#3012 = CARTESIAN_POINT('',(-10.99880893042,-16.84993549985,
    -7.658161456017));
#3013 = CARTESIAN_POINT('',(-10.46314009117,-16.90356374319,
    -8.36842504272));
#3014 = CARTESIAN_POINT('',(-9.875695043253,-16.95719540759,
    -9.035426871569));
#3015 = CARTESIAN_POINT('',(-9.240585059524,-17.01083041982,
    -9.654854019043));
#3016 = CARTESIAN_POINT('',(-7.890943317875,-17.11757159168,
    -10.7852954028));
#3017 = CARTESIAN_POINT('',(-7.177068323328,-17.17069100523,
    -11.29744027612));
#3018 = CARTESIAN_POINT('',(-6.425401676899,-17.22380752998,
    -11.75540990473));
#3019 = CARTESIAN_POINT('',(-5.640782659809,-17.27691992446,
    -12.15599106584));
#3020 = CARTESIAN_POINT('',(-4.828305070128,-17.33003172896,
    -12.49651274899));
#3021 = CARTESIAN_POINT('',(-3.993295480482,-17.38314673714,
    -12.77481774543));
#3022 = CARTESIAN_POINT('',(-3.141318563561,-17.43626452737,
    -12.98929164169));
#3023 = CARTESIAN_POINT('',(-1.293998087476,-17.54993962664,
    -13.30960515851));
#3024 = CARTESIAN_POINT('',(-0.294958885937,-17.61051632874,
    -13.39604076177));
#3025 = CARTESIAN_POINT('',(0.710175883409,-17.67108730312,
    -13.39667923078));
#3026 = CARTESIAN_POINT('',(1.712797292226,-17.73165101764,
    -13.31114860618));
#3027 = CARTESIAN_POINT('',(2.704409275869,-17.79221462329,
    -13.14007286879));
#3028 = CARTESIAN_POINT('',(3.67663573505,-17.85278531858,
    -12.88500049483));
#3029 = CARTESIAN_POINT('',(4.621245182965,-17.91336172015,
    -12.54847046356));
#3030 = CARTESIAN_POINT('',(6.43373789264,-18.03412876832,-11.7224233076
    ));
#3031 = CARTESIAN_POINT('',(7.302424838796,-18.09434441668,
    -11.23365382935));
#3032 = CARTESIAN_POINT('',(8.128309534735,-18.15455430121,
    -10.67146564766));
#3033 = CARTESIAN_POINT('',(8.904204327449,-18.2147571774,
    -10.04031842156));
#3034 = CARTESIAN_POINT('',(9.623557435576,-18.27496011882,
    -9.345413344896));
#3035 = CARTESIAN_POINT('',(10.280420713186,-18.33517016935,
    -8.592633341993));
#3036 = CARTESIAN_POINT('',(10.869505894301,-18.39538596857,
    -7.788583218055));
#3037 = CARTESIAN_POINT('',(12.077930025793,-18.53615207111,
    -5.806152611359));
#3038 = CARTESIAN_POINT('',(12.640807528167,-18.6167707645,
    -4.592027631268));
#3039 = CARTESIAN_POINT('',(13.063452573462,-18.69736063996,
    -3.316531988303));
#3040 = CARTESIAN_POINT('',(13.338599981064,-18.7779288523,
    -1.998737781334));
#3041 = CARTESIAN_POINT('',(13.461785728259,-18.85849588352,
    -0.658195683409));
#3042 = CARTESIAN_POINT('',(13.431572275765,-18.9390828546,0.68510944698
    ));
#3043 = CARTESIAN_POINT('',(13.249312969679,-19.01969909807,
    2.010856903383));
#3044 = CARTESIAN_POINT('',(12.602035865085,-19.17836346335,
    4.546453013104));
#3045 = CARTESIAN_POINT('',(12.145438674177,-19.25651107742,
    5.760146957434));
#3046 = CARTESIAN_POINT('',(11.555399415638,-19.33463302788,
    6.920429303466));
#3047 = CARTESIAN_POINT('',(10.839602518736,-19.41273602514,
    8.010406075049));
#3048 = CARTESIAN_POINT('',(10.007786375192,-19.4908389536,
    9.014642955009));
#3049 = CARTESIAN_POINT('',(9.071847014756,-19.56896073467,
    9.919301231638));
#3050 = CARTESIAN_POINT('',(8.045677052132,-19.64710813219,
    10.712078820593));
#3051 = CARTESIAN_POINT('',(6.166500079801,-19.78058085877,
    11.858775381055));
#3052 = CARTESIAN_POINT('',(5.349631743251,-19.83595595942,
    12.273499497916));
#3053 = CARTESIAN_POINT('',(4.501163995323,-19.89132655989,
    12.623749670171));
#3054 = CARTESIAN_POINT('',(3.627033319096,-19.9466938109,
    12.906789798979));
#3055 = CARTESIAN_POINT('',(2.733392389523,-20.00206306746,
    13.120534644952));
#3056 = CARTESIAN_POINT('',(1.826594998598,-20.05743860318,
    13.263528170423));
#3057 = CARTESIAN_POINT('',(0.913200818109,-20.1128179297,
    13.335000000082));
#3058 = CARTESIAN_POINT('',(-5.329070518201E-15,-20.16818572137,13.335)
  );
#3059 = PCURVE('',#1139,#3060);
#3060 = DEFINITIONAL_REPRESENTATION('',(#3061),#3134);
#3061 = B_SPLINE_CURVE_WITH_KNOTS('',8,(#3062,#3063,#3064,#3065,#3066,
    #3067,#3068,#3069,#3070,#3071,#3072,#3073,#3074,#3075,#3076,#3077,
    #3078,#3079,#3080,#3081,#3082,#3083,#3084,#3085,#3086,#3087,#3088,
    #3089,#3090,#3091,#3092,#3093,#3094,#3095,#3096,#3097,#3098,#3099,
    #3100,#3101,#3102,#3103,#3104,#3105,#3106,#3107,#3108,#3109,#3110,
    #3111,#3112,#3113,#3114,#3115,#3116,#3117,#3118,#3119,#3120,#3121,
    #3122,#3123,#3124,#3125,#3126,#3127,#3128,#3129,#3130,#3131,#3132,
    #3133),.UNSPECIFIED.,.F.,.F.,(9,7,7,7,7,7,7,7,7,7,9),(0.,
    8.062998015036E-02,0.171156517458,0.304570364621,0.389036595925,
    0.472687310259,0.568075006408,0.662895716548,0.789782516185,
    0.912790496072,1.),.UNSPECIFIED.);
#3062 = CARTESIAN_POINT('',(22.21973071594,3.936461464468E-04));
#3063 = CARTESIAN_POINT('',(22.138312855713,3.936330327729E-04));
#3064 = CARTESIAN_POINT('',(22.056883479304,3.936038583954E-04));
#3065 = CARTESIAN_POINT('',(21.975456677497,3.935591330816E-04));
#3066 = CARTESIAN_POINT('',(21.894034176948,3.935057828957E-04));
#3067 = CARTESIAN_POINT('',(21.812611569778,3.934564094458E-04));
#3068 = CARTESIAN_POINT('',(21.731184496871,3.934255878367E-04));
#3069 = CARTESIAN_POINT('',(21.649754784874,3.934232033294E-04));
#3070 = CARTESIAN_POINT('',(21.476924979451,3.934691041458E-04));
#3071 = CARTESIAN_POINT('',(21.385493721014,3.935228529087E-04));
#3072 = CARTESIAN_POINT('',(21.294068340677,3.93605447273E-04));
#3073 = CARTESIAN_POINT('',(21.202652054205,3.936901290648E-04));
#3074 = CARTESIAN_POINT('',(21.111236606625,3.937271848633E-04));
#3075 = CARTESIAN_POINT('',(21.019813057296,3.936745687091E-04));
#3076 = CARTESIAN_POINT('',(20.928382457509,3.935559703171E-04));
#3077 = CARTESIAN_POINT('',(20.702241669779,3.935321195576E-04));
#3078 = CARTESIAN_POINT('',(20.56740411976,3.93797477301E-04));
#3079 = CARTESIAN_POINT('',(20.432625864619,3.937883059445E-04));
#3080 = CARTESIAN_POINT('',(20.297890154623,3.934839289114E-04));
#3081 = CARTESIAN_POINT('',(20.163156824697,3.934019633874E-04));
#3082 = CARTESIAN_POINT('',(20.028385133373,3.933815655099E-04));
#3083 = CARTESIAN_POINT('',(19.893552356395,3.93441928124E-04));
#3084 = CARTESIAN_POINT('',(19.673527344805,3.935563009483E-04));
#3085 = CARTESIAN_POINT('',(19.588216235381,3.936057971677E-04));
#3086 = CARTESIAN_POINT('',(19.502910208549,3.936471488191E-04));
#3087 = CARTESIAN_POINT('',(19.417611507259,3.936692098699E-04));
#3088 = CARTESIAN_POINT('',(19.332314076405,3.936680505839E-04));
#3089 = CARTESIAN_POINT('',(19.247011224115,3.936478758404E-04));
#3090 = CARTESIAN_POINT('',(19.161703057354,3.93617800969E-04));
#3091 = CARTESIAN_POINT('',(18.991927887181,3.935514908963E-04));
#3092 = CARTESIAN_POINT('',(18.907439802817,3.935154315673E-04));
#3093 = CARTESIAN_POINT('',(18.822956308713,3.934836479816E-04));
#3094 = CARTESIAN_POINT('',(18.738479372551,3.934627591465E-04));
#3095 = CARTESIAN_POINT('',(18.654003360271,3.934557477474E-04));
#3096 = CARTESIAN_POINT('',(18.569522239415,3.93461190808E-04));
#3097 = CARTESIAN_POINT('',(18.485036685266,3.934746354735E-04));
#3098 = CARTESIAN_POINT('',(18.304232773955,3.93512057589E-04));
#3099 = CARTESIAN_POINT('',(18.207883570247,3.935372195587E-04));
#3100 = CARTESIAN_POINT('',(18.111543477866,3.935612461184E-04));
#3101 = CARTESIAN_POINT('',(18.015214940626,3.935775036648E-04));
#3102 = CARTESIAN_POINT('',(17.91888658765,3.935831425663E-04));
#3103 = CARTESIAN_POINT('',(17.822546967347,3.935801967796E-04));
#3104 = CARTESIAN_POINT('',(17.726198274707,3.935737252149E-04));
#3105 = CARTESIAN_POINT('',(17.534114445508,3.935603044885E-04));
#3106 = CARTESIAN_POINT('',(17.438339542813,3.935533902709E-04));
#3107 = CARTESIAN_POINT('',(17.342573804061,3.935499367605E-04));
#3108 = CARTESIAN_POINT('',(17.246819205828,3.935526708073E-04));
#3109 = CARTESIAN_POINT('',(17.151064498019,3.935609919978E-04));
#3110 = CARTESIAN_POINT('',(17.055298481314,3.935708654002E-04));
#3111 = CARTESIAN_POINT('',(16.959523325075,3.935769766047E-04));
#3112 = CARTESIAN_POINT('',(16.73563034738,3.935773798328E-04));
#3113 = CARTESIAN_POINT('',(16.607403754401,3.935668296057E-04));
#3114 = CARTESIAN_POINT('',(16.479223014681,3.935396055036E-04));
#3115 = CARTESIAN_POINT('',(16.351076748138,3.934958323316E-04));
#3116 = CARTESIAN_POINT('',(16.222932358363,3.934538179166E-04));
#3117 = CARTESIAN_POINT('',(16.094756219746,3.934442081357E-04));
#3118 = CARTESIAN_POINT('',(15.966533488328,3.934672744586E-04));
#3119 = CARTESIAN_POINT('',(15.714172668627,3.935481327972E-04));
#3120 = CARTESIAN_POINT('',(15.58987633576,3.936049541883E-04));
#3121 = CARTESIAN_POINT('',(15.465620818856,3.936644871838E-04));
#3122 = CARTESIAN_POINT('',(15.341395471232,3.937014177369E-04));
#3123 = CARTESIAN_POINT('',(15.217170300216,3.936740472649E-04));
#3124 = CARTESIAN_POINT('',(15.092915202862,3.935898807252E-04));
#3125 = CARTESIAN_POINT('',(14.968619359715,3.935076341896E-04));
#3126 = CARTESIAN_POINT('',(14.756326812239,3.934285459729E-04));
#3127 = CARTESIAN_POINT('',(14.668250962662,3.934152739726E-04));
#3128 = CARTESIAN_POINT('',(14.580182241083,3.934280407567E-04));
#3129 = CARTESIAN_POINT('',(14.492118803918,3.9348296982E-04));
#3130 = CARTESIAN_POINT('',(14.4040521456,3.935701316121E-04));
#3131 = CARTESIAN_POINT('',(14.315975507944,3.936490851194E-04));
#3132 = CARTESIAN_POINT('',(14.227892891492,3.93675636825E-04));
#3133 = CARTESIAN_POINT('',(14.139828668845,3.936598170464E-04));
#3134 = ( GEOMETRIC_REPRESENTATION_CONTEXT(2) 
PARAMETRIC_REPRESENTATION_CONTEXT() REPRESENTATION_CONTEXT('2D SPACE',''
  ) );
#3135 = PCURVE('',#2887,#3136);
#3136 = DEFINITIONAL_REPRESENTATION('',(#3137),#3210);
#3137 = B_SPLINE_CURVE_WITH_KNOTS('',8,(#3138,#3139,#3140,#3141,#3142,
    #3143,#3144,#3145,#3146,#3147,#3148,#3149,#3150,#3151,#3152,#3153,
    #3154,#3155,#3156,#3157,#3158,#3159,#3160,#3161,#3162,#3163,#3164,
    #3165,#3166,#3167,#3168,#3169,#3170,#3171,#3172,#3173,#3174,#3175,
    #3176,#3177,#3178,#3179,#3180,#3181,#3182,#3183,#3184,#3185,#3186,
    #3187,#3188,#3189,#3190,#3191,#3192,#3193,#3194,#3195,#3196,#3197,
    #3198,#3199,#3200,#3201,#3202,#3203,#3204,#3205,#3206,#3207,#3208,
    #3209),.UNSPECIFIED.,.F.,.F.,(9,7,7,7,7,7,7,7,7,7,9),(0.,
    8.062998015036E-02,0.171156517458,0.304570364621,0.389036595925,
    0.472687310259,0.568075006408,0.662895716548,0.789782516185,
    0.912790496072,1.),.UNSPECIFIED.);
#3138 = CARTESIAN_POINT('',(6.28318530718,14.911814248936));
#3139 = CARTESIAN_POINT('',(6.219872224454,14.860625163287));
#3140 = CARTESIAN_POINT('',(6.156550186638,14.809428826627));
#3141 = CARTESIAN_POINT('',(6.093230151676,14.758234098458));
#3142 = CARTESIAN_POINT('',(6.029913463103,14.707042068912));
#3143 = CARTESIAN_POINT('',(5.966596693113,14.655849974944));
#3144 = CARTESIAN_POINT('',(5.903276450557,14.604655085461));
#3145 = CARTESIAN_POINT('',(5.839954153906,14.553458555409));
#3146 = CARTESIAN_POINT('',(5.705556273303,14.444796945484));
#3147 = CARTESIAN_POINT('',(5.634456452621,14.38731227512));
#3148 = CARTESIAN_POINT('',(5.563361201768,14.329831319385));
#3149 = CARTESIAN_POINT('',(5.492273014169,14.272356082522));
#3150 = CARTESIAN_POINT('',(5.421185477804,14.214881341801));
#3151 = CARTESIAN_POINT('',(5.350091661347,14.157401448441));
#3152 = CARTESIAN_POINT('',(5.278992390656,14.09991707897));
#3153 = CARTESIAN_POINT('',(5.103138227452,13.95773771627));
#3154 = CARTESIAN_POINT('',(4.998284366118,13.872962759964));
#3155 = CARTESIAN_POINT('',(4.893476570086,13.788224903232));
#3156 = CARTESIAN_POINT('',(4.78870175225,13.703513601578));
#3157 = CARTESIAN_POINT('',(4.683928941348,13.618803942435));
#3158 = CARTESIAN_POINT('',(4.579126226255,13.534070205128));
#3159 = CARTESIAN_POINT('',(4.474276040011,13.449298115073));
#3160 = CARTESIAN_POINT('',(4.303177694965,13.310963956946));
#3161 = CARTESIAN_POINT('',(4.236837101665,13.257327146879));
#3162 = CARTESIAN_POINT('',(4.170500459087,13.203693526991));
#3163 = CARTESIAN_POINT('',(4.104169511946,13.15006450015));
#3164 = CARTESIAN_POINT('',(4.037839552655,13.096436256805));
#3165 = CARTESIAN_POINT('',(3.971505378337,13.042804592401));
#3166 = CARTESIAN_POINT('',(3.905167072574,12.989169580177));
#3167 = CARTESIAN_POINT('',(3.773144577888,12.882428408315));
#3168 = CARTESIAN_POINT('',(3.707443995747,12.829308994767));
#3169 = CARTESIAN_POINT('',(3.6417469839,12.776192470018));
#3170 = CARTESIAN_POINT('',(3.57605507166,12.723080075538));
#3171 = CARTESIAN_POINT('',(3.510363876872,12.669968271038));
#3172 = CARTESIAN_POINT('',(3.444668707841,12.616853262852));
#3173 = CARTESIAN_POINT('',(3.37897008952,12.563735472621));
#3174 = CARTESIAN_POINT('',(3.238371290826,12.450060373359));
#3175 = CARTESIAN_POINT('',(3.163447122793,12.389483671252));
#3176 = CARTESIAN_POINT('',(3.088530038535,12.328912696877));
#3177 = CARTESIAN_POINT('',(3.013621939901,12.268348982353));
#3178 = CARTESIAN_POINT('',(2.938713986164,12.207785376704));
#3179 = CARTESIAN_POINT('',(2.863797273342,12.147214681416));
#3180 = CARTESIAN_POINT('',(2.788873508592,12.086638279848));
#3181 = CARTESIAN_POINT('',(2.639503104116,11.965871231679));
#3182 = CARTESIAN_POINT('',(2.565025540965,11.905655583316));
#3183 = CARTESIAN_POINT('',(2.490555105758,11.845445698785));
#3184 = CARTESIAN_POINT('',(2.416093334028,11.785242822592));
#3185 = CARTESIAN_POINT('',(2.341631475685,11.725039881175));
#3186 = CARTESIAN_POINT('',(2.267160820594,11.664829830644));
#3187 = CARTESIAN_POINT('',(2.192683055364,11.604614031429));
#3188 = CARTESIAN_POINT('',(2.018576848587,11.463847928889));
#3189 = CARTESIAN_POINT('',(1.918863820989,11.383229235497));
#3190 = CARTESIAN_POINT('',(1.81918644733,11.302639360037));
#3191 = CARTESIAN_POINT('',(1.719535881459,11.222071147697));
#3192 = CARTESIAN_POINT('',(1.619886780704,11.141504116477));
#3193 = CARTESIAN_POINT('',(1.520212996562,11.060917145395));
#3194 = CARTESIAN_POINT('',(1.420502982713,10.980300901928));
#3195 = CARTESIAN_POINT('',(1.224259301381,10.821636536642));
#3196 = CARTESIAN_POINT('',(1.127602577951,10.743488922573));
#3197 = CARTESIAN_POINT('',(1.030977592005,10.665366972118));
#3198 = CARTESIAN_POINT('',(0.934376062759,10.587263974858));
#3199 = CARTESIAN_POINT('',(0.837774668154,10.509161046398));
#3200 = CARTESIAN_POINT('',(0.741150007277,10.431039265327));
#3201 = CARTESIAN_POINT('',(0.644493665014,10.352891867803));
#3202 = CARTESIAN_POINT('',(0.479408327409,10.219419141225));
#3203 = CARTESIAN_POINT('',(0.41091778599,10.164044040575));
#3204 = CARTESIAN_POINT('',(0.34243278728,10.108673440107));
#3205 = CARTESIAN_POINT('',(0.273951892582,10.053306189099));
#3206 = CARTESIAN_POINT('',(0.205468485706,9.997936932534));
#3207 = CARTESIAN_POINT('',(0.136977315518,9.942561396816));
#3208 = CARTESIAN_POINT('',(6.848150117051E-02,9.887182070298));
#3209 = CARTESIAN_POINT('',(0.,9.83181427863));
#3210 = ( GEOMETRIC_REPRESENTATION_CONTEXT(2) 
PARAMETRIC_REPRESENTATION_CONTEXT() REPRESENTATION_CONTEXT('2D SPACE',''
  ) );
#3211 = ORIENTED_EDGE('',*,*,#3212,.F.);
#3212 = EDGE_CURVE('',#3213,#2983,#3215,.T.);
#3213 = VERTEX_POINT('',#3214);
#3214 = CARTESIAN_POINT('',(-3.266133013326E-15,-10.00818583299,13.335)
  );
#3215 = SURFACE_CURVE('',#3216,(#3289,#3365),.PCURVE_S1.);
#3216 = B_SPLINE_CURVE_WITH_KNOTS('',8,(#3217,#3218,#3219,#3220,#3221,
    #3222,#3223,#3224,#3225,#3226,#3227,#3228,#3229,#3230,#3231,#3232,
    #3233,#3234,#3235,#3236,#3237,#3238,#3239,#3240,#3241,#3242,#3243,
    #3244,#3245,#3246,#3247,#3248,#3249,#3250,#3251,#3252,#3253,#3254,
    #3255,#3256,#3257,#3258,#3259,#3260,#3261,#3262,#3263,#3264,#3265,
    #3266,#3267,#3268,#3269,#3270,#3271,#3272,#3273,#3274,#3275,#3276,
    #3277,#3278,#3279,#3280,#3281,#3282,#3283,#3284,#3285,#3286,#3287,
    #3288),.UNSPECIFIED.,.F.,.F.,(9,7,7,7,7,7,7,7,7,7,9),(0.,
    8.740424563939E-02,0.163090508373,0.316647832947,0.421475023781,
    0.501595375591,0.591071456145,0.674800646654,0.766998033344,
    0.879742135447,1.),.UNSPECIFIED.);
#3217 = CARTESIAN_POINT('',(-3.552713678801E-15,-10.00818583299,13.335)
  );
#3218 = CARTESIAN_POINT('',(-0.915122533754,-10.06367013826,13.335));
#3219 = CARTESIAN_POINT('',(-1.830415770694,-10.11916463937,
    13.263227138397));
#3220 = CARTESIAN_POINT('',(-2.739072257028,-10.17465547731,
    13.119637271953));
#3221 = CARTESIAN_POINT('',(-3.634505678528,-10.23014090813,
    12.905003201172));
#3222 = CARTESIAN_POINT('',(-4.510325337352,-10.28562543063,
    12.620785113525));
#3223 = CARTESIAN_POINT('',(-5.360332105116,-10.34111409867,
    12.269080834675));
#3224 = CARTESIAN_POINT('',(-6.17853585222,-10.3966070182,
    11.852655887709));
#3225 = CARTESIAN_POINT('',(-7.635192687315,-10.50014208938,
    10.961481341049));
#3226 = CARTESIAN_POINT('',(-8.283198892008,-10.54819697987,
    10.501937457029));
#3227 = CARTESIAN_POINT('',(-8.899436812066,-10.59625010292,
    9.998701700404));
#3228 = CARTESIAN_POINT('',(-9.48047026401,-10.64429966991,
    9.454381932874));
#3229 = CARTESIAN_POINT('',(-10.02316189655,-10.69234759706,
    8.871866101441));
#3230 = CARTESIAN_POINT('',(-10.52465659959,-10.74039662977,
    8.254300034126));
#3231 = CARTESIAN_POINT('',(-10.98238946199,-10.78844769523,
    7.605090815697));
#3232 = CARTESIAN_POINT('',(-12.22946108887,-10.93398408998,
    5.554078487615));
#3233 = CARTESIAN_POINT('',(-12.87668963889,-11.03161110812,
    4.063125785098));
#3234 = CARTESIAN_POINT('',(-13.31440155249,-11.12915366421,
    2.488148731836));
#3235 = CARTESIAN_POINT('',(-13.53162284251,-11.22665011479,
    0.863704772749));
#3236 = CARTESIAN_POINT('',(-13.52269443661,-11.32414578323,
    -0.775173222099));
#3237 = CARTESIAN_POINT('',(-13.28877848548,-11.42168848973,
    -2.393021466015));
#3238 = CARTESIAN_POINT('',(-12.83635553669,-11.51931615385,
    -3.954169875511));
#3239 = CARTESIAN_POINT('',(-11.7360822468,-11.68335194332,
    -6.425837428317));
#3240 = CARTESIAN_POINT('',(-11.19522724675,-11.74992262381,
    -7.386924138888));
#3241 = CARTESIAN_POINT('',(-10.56461607759,-11.81648300011,
    -8.295463013128));
#3242 = CARTESIAN_POINT('',(-9.850362985772,-11.88303483219,
    -9.141777062353));
#3243 = CARTESIAN_POINT('',(-9.059617677258,-11.9495875324,
    -9.917121308165));
#3244 = CARTESIAN_POINT('',(-8.200563151113,-12.01615038581,
    -10.61370702662));
#3245 = CARTESIAN_POINT('',(-7.282392887429,-12.08272478745,
    -11.22469646153));
#3246 = CARTESIAN_POINT('',(-5.576775787542,-12.20014114213,
    -12.14189528326));
#3247 = CARTESIAN_POINT('',(-4.809204461626,-12.25101471424,
    -12.48616920769));
#3248 = CARTESIAN_POINT('',(-4.017529865286,-12.30188688261,
    -12.77487834713));
#3249 = CARTESIAN_POINT('',(-3.206482132945,-12.35275609891,
    -13.00608965209));
#3250 = CARTESIAN_POINT('',(-2.380910916127,-12.40362495853,
    -13.17836379714));
#3251 = CARTESIAN_POINT('',(-1.545772782652,-12.45449644544,
    -13.29072768451));
#3252 = CARTESIAN_POINT('',(-0.70613183071,-12.50537025717,
    -13.3426955196));
#3253 = CARTESIAN_POINT('',(1.069750745395,-12.61304817887,
    -13.3250055355));
#3254 = CARTESIAN_POINT('',(2.006098274791,-12.66986745273,
    -13.24043380385));
#3255 = CARTESIAN_POINT('',(2.934574793247,-12.72668298664,
    -13.08065008626));
#3256 = CARTESIAN_POINT('',(3.848130990309,-12.78349345849,
    -12.84657139016));
#3257 = CARTESIAN_POINT('',(4.739931467927,-12.84030392245,
    -12.53986384752));
#3258 = CARTESIAN_POINT('',(5.603351003811,-12.89711946001,
    -12.16289352409));
#3259 = CARTESIAN_POINT('',(6.431998132388,-12.95393882913,
    -11.71876909827));
#3260 = CARTESIAN_POINT('',(7.956937017908,-13.06390863394,
    -10.73676623069));
#3261 = CARTESIAN_POINT('',(8.658572344161,-13.1170788736,
    -10.20657365086));
#3262 = CARTESIAN_POINT('',(9.319625823401,-13.17024725541,
    -9.624099435076));
#3263 = CARTESIAN_POINT('',(9.93557032077,-13.22341201083,
    -8.993025350461));
#3264 = CARTESIAN_POINT('',(10.502327510795,-13.27657643593,
    -8.317438359418));
#3265 = CARTESIAN_POINT('',(11.01624501474,-13.32974422906,
    -7.601799904141));
#3266 = CARTESIAN_POINT('',(11.474120929805,-13.38291490778,
    -6.85096028242));
#3267 = CARTESIAN_POINT('',(12.312800258911,-13.49462063874,
    -5.21051330798));
#3268 = CARTESIAN_POINT('',(12.681268736706,-13.55317314222,
    -4.314270186782));
#3269 = CARTESIAN_POINT('',(12.974997707337,-13.61172095318,
    -3.388581513073));
#3270 = CARTESIAN_POINT('',(13.191327084478,-13.6702627459,
    -2.440756986952));
#3271 = CARTESIAN_POINT('',(13.328455811847,-13.72880448179,
    -1.478279019488));
#3272 = CARTESIAN_POINT('',(13.385388805477,-13.78735212969,
    -0.508779223119));
#3273 = CARTESIAN_POINT('',(13.361995198112,-13.84590435587,
    0.459964380402));
#3274 = CARTESIAN_POINT('',(13.133447146745,-13.9760321701,
    2.594006024712));
#3275 = CARTESIAN_POINT('',(12.888870797819,-14.04764621697,
    3.755724055712));
#3276 = CARTESIAN_POINT('',(12.526871538069,-14.11924344675,
    4.890398869879));
#3277 = CARTESIAN_POINT('',(12.0511832476,-14.19082805828,5.984282672631
    ));
#3278 = CARTESIAN_POINT('',(11.467190196544,-14.26241357061,
    7.024402480671));
#3279 = CARTESIAN_POINT('',(10.781966341417,-14.33401303217,
    7.998616028313));
#3280 = CARTESIAN_POINT('',(10.004215352501,-14.40562949149,
    8.895611938907));
#3281 = CARTESIAN_POINT('',(8.228329559226,-14.55357092905,
    10.568955806358));
#3282 = CARTESIAN_POINT('',(7.218042575542,-14.62996811713,
    11.33414528762));
#3283 = CARTESIAN_POINT('',(6.127098943742,-14.70634251825,
    11.988221936665));
#3284 = CARTESIAN_POINT('',(4.969951990959,-14.78270035235,
    12.521637040952));
#3285 = CARTESIAN_POINT('',(3.761959471418,-14.85905858085,
    12.92697123414));
#3286 = CARTESIAN_POINT('',(2.51938772147,-14.93543417429,
    13.199080790115));
#3287 = CARTESIAN_POINT('',(1.259333638596,-15.01183176816,13.335));
#3288 = CARTESIAN_POINT('',(-7.105427357601E-15,-15.08818575106,13.335)
  );
#3289 = PCURVE('',#1139,#3290);
#3290 = DEFINITIONAL_REPRESENTATION('',(#3291),#3364);
#3291 = B_SPLINE_CURVE_WITH_KNOTS('',8,(#3292,#3293,#3294,#3295,#3296,
    #3297,#3298,#3299,#3300,#3301,#3302,#3303,#3304,#3305,#3306,#3307,
    #3308,#3309,#3310,#3311,#3312,#3313,#3314,#3315,#3316,#3317,#3318,
    #3319,#3320,#3321,#3322,#3323,#3324,#3325,#3326,#3327,#3328,#3329,
    #3330,#3331,#3332,#3333,#3334,#3335,#3336,#3337,#3338,#3339,#3340,
    #3341,#3342,#3343,#3344,#3345,#3346,#3347,#3348,#3349,#3350,#3351,
    #3352,#3353,#3354,#3355,#3356,#3357,#3358,#3359,#3360,#3361,#3362,
    #3363),.UNSPECIFIED.,.F.,.F.,(9,7,7,7,7,7,7,7,7,7,9),(0.,
    8.740424563939E-02,0.163090508373,0.316647832947,0.421475023781,
    0.501595375591,0.591071456145,0.674800646654,0.766998033344,
    0.879742135447,1.),.UNSPECIFIED.);
#3292 = CARTESIAN_POINT('',(30.299632801699,3.935148463684E-04));
#3293 = CARTESIAN_POINT('',(30.211383265413,3.934942778095E-04));
#3294 = CARTESIAN_POINT('',(30.123117511948,3.934740655315E-04));
#3295 = CARTESIAN_POINT('',(30.034857580231,3.934582938164E-04));
#3296 = CARTESIAN_POINT('',(29.946606237465,3.93453276986E-04));
#3297 = CARTESIAN_POINT('',(29.85835632389,3.934631266609E-04));
#3298 = CARTESIAN_POINT('',(29.7700998016,3.934874370553E-04));
#3299 = CARTESIAN_POINT('',(29.681836507412,3.935210883122E-04));
#3300 = CARTESIAN_POINT('',(29.517160604984,3.935865444413E-04));
#3301 = CARTESIAN_POINT('',(29.440727735619,3.9361797584E-04));
#3302 = CARTESIAN_POINT('',(29.364297681066,3.936459151477E-04));
#3303 = CARTESIAN_POINT('',(29.287873293109,3.936637462237E-04));
#3304 = CARTESIAN_POINT('',(29.21145152945,3.936661805265E-04));
#3305 = CARTESIAN_POINT('',(29.135028025296,3.936514526701E-04));
#3306 = CARTESIAN_POINT('',(29.058601303035,3.936223147191E-04));
#3307 = CARTESIAN_POINT('',(28.82712113927,3.935118050181E-04));
#3308 = CARTESIAN_POINT('',(28.671842377831,3.933914568749E-04));
#3309 = CARTESIAN_POINT('',(28.516697827972,3.933936334214E-04));
#3310 = CARTESIAN_POINT('',(28.361626760863,3.932517966358E-04));
#3311 = CARTESIAN_POINT('',(28.206556145785,3.938679918238E-04));
#3312 = CARTESIAN_POINT('',(28.051411390622,3.938377010687E-04));
#3313 = CARTESIAN_POINT('',(27.896131825612,3.935030781251E-04));
#3314 = CARTESIAN_POINT('',(27.635227585144,3.935831875724E-04));
#3315 = CARTESIAN_POINT('',(27.529344647074,3.937236825E-04));
#3316 = CARTESIAN_POINT('',(27.423478225396,3.93742398466E-04));
#3317 = CARTESIAN_POINT('',(27.317625538387,3.936224952864E-04));
#3318 = CARTESIAN_POINT('',(27.211771460848,3.935119262802E-04));
#3319 = CARTESIAN_POINT('',(27.105901194093,3.934398557539E-04));
#3320 = CARTESIAN_POINT('',(27.000012503965,3.93420945255E-04));
#3321 = CARTESIAN_POINT('',(26.813258013062,3.934521243905E-04));
#3322 = CARTESIAN_POINT('',(26.732341936912,3.934871352293E-04));
#3323 = CARTESIAN_POINT('',(26.651428077282,3.935376100522E-04));
#3324 = CARTESIAN_POINT('',(26.570518911465,3.935895847976E-04));
#3325 = CARTESIAN_POINT('',(26.489610324706,3.936303003872E-04));
#3326 = CARTESIAN_POINT('',(26.408697577885,3.936531100014E-04));
#3327 = CARTESIAN_POINT('',(26.32778115189,3.936581644576E-04));
#3328 = CARTESIAN_POINT('',(26.156516002485,3.936385022639E-04));
#3329 = CARTESIAN_POINT('',(26.066143164003,3.936103288844E-04));
#3330 = CARTESIAN_POINT('',(25.975776288055,3.935687457251E-04));
#3331 = CARTESIAN_POINT('',(25.885417465646,3.935250745709E-04));
#3332 = CARTESIAN_POINT('',(25.795058646871,3.934899469484E-04));
#3333 = CARTESIAN_POINT('',(25.704691743453,3.934690839984E-04));
#3334 = CARTESIAN_POINT('',(25.61431873093,3.934624780888E-04));
#3335 = CARTESIAN_POINT('',(25.439408238666,3.934711853468E-04));
#3336 = CARTESIAN_POINT('',(25.354839261536,3.93485106198E-04));
#3337 = CARTESIAN_POINT('',(25.270273231606,3.935064559224E-04));
#3338 = CARTESIAN_POINT('',(25.185712967251,3.935300313922E-04));
#3339 = CARTESIAN_POINT('',(25.101153231252,3.935507531346E-04));
#3340 = CARTESIAN_POINT('',(25.016588144545,3.935654788436E-04));
#3341 = CARTESIAN_POINT('',(24.932018475156,3.935735864198E-04));
#3342 = CARTESIAN_POINT('',(24.754346940047,3.935793437907E-04));
#3343 = CARTESIAN_POINT('',(24.661217318728,3.935758977482E-04));
#3344 = CARTESIAN_POINT('',(24.568095166559,3.935671345884E-04));
#3345 = CARTESIAN_POINT('',(24.474982587346,3.935576556987E-04));
#3346 = CARTESIAN_POINT('',(24.381870094741,3.935518067253E-04));
#3347 = CARTESIAN_POINT('',(24.288748193055,3.935515405225E-04));
#3348 = CARTESIAN_POINT('',(24.195619004673,3.935558540049E-04));
#3349 = CARTESIAN_POINT('',(23.988646550568,3.935690686543E-04));
#3350 = CARTESIAN_POINT('',(23.874742113913,3.935788691869E-04));
#3351 = CARTESIAN_POINT('',(23.760864428021,3.935861476803E-04));
#3352 = CARTESIAN_POINT('',(23.647006822756,3.935829829391E-04));
#3353 = CARTESIAN_POINT('',(23.533147803565,3.9356181556E-04));
#3354 = CARTESIAN_POINT('',(23.419266609358,3.935294579374E-04));
#3355 = CARTESIAN_POINT('',(23.305358377654,3.934990303151E-04));
#3356 = CARTESIAN_POINT('',(23.070052842016,3.934598635436E-04));
#3357 = CARTESIAN_POINT('',(22.948540684406,3.934526791449E-04));
#3358 = CARTESIAN_POINT('',(22.827064744228,3.934703316469E-04));
#3359 = CARTESIAN_POINT('',(22.705615121262,3.935197395379E-04));
#3360 = CARTESIAN_POINT('',(22.584164845805,3.935932332143E-04));
#3361 = CARTESIAN_POINT('',(22.462686969118,3.936492648415E-04));
#3362 = CARTESIAN_POINT('',(22.341174141403,3.936657068905E-04));
#3363 = CARTESIAN_POINT('',(22.21973071594,3.936461464468E-04));
#3364 = ( GEOMETRIC_REPRESENTATION_CONTEXT(2) 
PARAMETRIC_REPRESENTATION_CONTEXT() REPRESENTATION_CONTEXT('2D SPACE',''
  ) );
#3365 = PCURVE('',#3366,#3371);
#3366 = CYLINDRICAL_SURFACE('',#3367,13.335);
#3367 = AXIS2_PLACEMENT_3D('',#3368,#3369,#3370);
#3368 = CARTESIAN_POINT('',(0.,-30.,0.));
#3369 = DIRECTION('',(0.,1.,0.));
#3370 = DIRECTION('',(0.,-0.,1.));
#3371 = DEFINITIONAL_REPRESENTATION('',(#3372),#3445);
#3372 = B_SPLINE_CURVE_WITH_KNOTS('',8,(#3373,#3374,#3375,#3376,#3377,
    #3378,#3379,#3380,#3381,#3382,#3383,#3384,#3385,#3386,#3387,#3388,
    #3389,#3390,#3391,#3392,#3393,#3394,#3395,#3396,#3397,#3398,#3399,
    #3400,#3401,#3402,#3403,#3404,#3405,#3406,#3407,#3408,#3409,#3410,
    #3411,#3412,#3413,#3414,#3415,#3416,#3417,#3418,#3419,#3420,#3421,
    #3422,#3423,#3424,#3425,#3426,#3427,#3428,#3429,#3430,#3431,#3432,
    #3433,#3434,#3435,#3436,#3437,#3438,#3439,#3440,#3441,#3442,#3443,
    #3444),.UNSPECIFIED.,.F.,.F.,(9,7,7,7,7,7,7,7,7,7,9),(0.,
    8.740424563939E-02,0.163090508373,0.316647832947,0.421475023781,
    0.501595375591,0.591071456145,0.674800646654,0.766998033344,
    0.879742135447,1.),.UNSPECIFIED.);
#3373 = CARTESIAN_POINT('',(6.28318530718,19.991814167009));
#3374 = CARTESIAN_POINT('',(6.21455969535,19.936329861738));
#3375 = CARTESIAN_POINT('',(6.14592147362,19.880835360629));
#3376 = CARTESIAN_POINT('',(6.077287780907,19.825344522688));
#3377 = CARTESIAN_POINT('',(6.008660769367,19.769859091862));
#3378 = CARTESIAN_POINT('',(5.940034870949,19.714374569364));
#3379 = CARTESIAN_POINT('',(5.871403834157,19.658885901329));
#3380 = CARTESIAN_POINT('',(5.802767531003,19.6033929818));
#3381 = CARTESIAN_POINT('',(5.674710387977,19.499857910614));
#3382 = CARTESIAN_POINT('',(5.615273792606,19.451803020126));
#3383 = CARTESIAN_POINT('',(5.555839385191,19.403749897075));
#3384 = CARTESIAN_POINT('',(5.496409383305,19.355700330089));
#3385 = CARTESIAN_POINT('',(5.436981421531,19.307652402939));
#3386 = CARTESIAN_POINT('',(5.377552106373,19.259603370229));
#3387 = CARTESIAN_POINT('',(5.318120289494,19.211552304765));
#3388 = CARTESIAN_POINT('',(5.138114054872,19.066015910019));
#3389 = CARTESIAN_POINT('',(5.017364439423,18.968388891873));
#3390 = CARTESIAN_POINT('',(4.896719104356,18.870846335784));
#3391 = CARTESIAN_POINT('',(4.776131159363,18.773349885202));
#3392 = CARTESIAN_POINT('',(4.655543139929,18.675854216768));
#3393 = CARTESIAN_POINT('',(4.534897792215,18.57831151027));
#3394 = CARTESIAN_POINT('',(4.414147547826,18.480683846148));
#3395 = CARTESIAN_POINT('',(4.211260248591,18.316648056674));
#3396 = CARTESIAN_POINT('',(4.128922390993,18.250077376181));
#3397 = CARTESIAN_POINT('',(4.046597322714,18.183516999886));
#3398 = CARTESIAN_POINT('',(3.964282931747,18.116965167805));
#3399 = CARTESIAN_POINT('',(3.881967466614,18.050412467596));
#3400 = CARTESIAN_POINT('',(3.799639421424,17.983849614189));
#3401 = CARTESIAN_POINT('',(3.71729705479,17.917275212547));
#3402 = CARTESIAN_POINT('',(3.572070908836,17.799858857864));
#3403 = CARTESIAN_POINT('',(3.509148032956,17.748985285758));
#3404 = CARTESIAN_POINT('',(3.446226880402,17.698113117382));
#3405 = CARTESIAN_POINT('',(3.383309376512,17.647243901088));
#3406 = CARTESIAN_POINT('',(3.320392321342,17.596375041463));
#3407 = CARTESIAN_POINT('',(3.257472030282,17.545503554559));
#3408 = CARTESIAN_POINT('',(3.194548878298,17.494629742821));
#3409 = CARTESIAN_POINT('',(3.061367724869,17.386951821128));
#3410 = CARTESIAN_POINT('',(2.991090970919,17.330132547263));
#3411 = CARTESIAN_POINT('',(2.920818855025,17.273317013356));
#3412 = CARTESIAN_POINT('',(2.850553003293,17.216506541504));
#3413 = CARTESIAN_POINT('',(2.780287155182,17.159696077547));
#3414 = CARTESIAN_POINT('',(2.71001501983,17.102880539981));
#3415 = CARTESIAN_POINT('',(2.639738132373,17.046061170861));
#3416 = CARTESIAN_POINT('',(2.503722247414,16.936091366052));
#3417 = CARTESIAN_POINT('',(2.43795875675,16.882921126396));
#3418 = CARTESIAN_POINT('',(2.372197556111,16.829752744584));
#3419 = CARTESIAN_POINT('',(2.306440837375,16.77658798917));
#3420 = CARTESIAN_POINT('',(2.24068452864,16.72342356407));
#3421 = CARTESIAN_POINT('',(2.174924059192,16.670255770931));
#3422 = CARTESIAN_POINT('',(2.109160027266,16.617085092218));
#3423 = CARTESIAN_POINT('',(1.970997062895,16.505379361259));
#3424 = CARTESIAN_POINT('',(1.898576547171,16.44682685778));
#3425 = CARTESIAN_POINT('',(1.826161842415,16.388279046815));
#3426 = CARTESIAN_POINT('',(1.75375458466,16.329737254094));
#3427 = CARTESIAN_POINT('',(1.681347396239,16.271195518208));
#3428 = CARTESIAN_POINT('',(1.608932891597,16.212647870309));
#3429 = CARTESIAN_POINT('',(1.536512719654,16.154095644123));
#3430 = CARTESIAN_POINT('',(1.375564457047,16.023967829893));
#3431 = CARTESIAN_POINT('',(1.286988797077,15.952353783022));
#3432 = CARTESIAN_POINT('',(1.198433935202,15.880756553247));
#3433 = CARTESIAN_POINT('',(1.109894684059,15.809171941714));
#3434 = CARTESIAN_POINT('',(1.02135433071,15.73758642939));
#3435 = CARTESIAN_POINT('',(0.932796734145,15.66598696783));
#3436 = CARTESIAN_POINT('',(0.844218114934,15.594370508508));
#3437 = CARTESIAN_POINT('',(0.661237144621,15.446429070945));
#3438 = CARTESIAN_POINT('',(0.566745480098,15.370031882864));
#3439 = CARTESIAN_POINT('',(0.472281982966,15.293657481741));
#3440 = CARTESIAN_POINT('',(0.377838953086,15.217299647648));
#3441 = CARTESIAN_POINT('',(0.283395413502,15.140941419141));
#3442 = CARTESIAN_POINT('',(0.188930406098,15.064565825705));
#3443 = CARTESIAN_POINT('',(9.443821811741E-02,14.988168231837));
#3444 = CARTESIAN_POINT('',(0.,14.911814248936));
#3445 = ( GEOMETRIC_REPRESENTATION_CONTEXT(2) 
PARAMETRIC_REPRESENTATION_CONTEXT() REPRESENTATION_CONTEXT('2D SPACE',''
  ) );
#3446 = ORIENTED_EDGE('',*,*,#3447,.F.);
#3447 = EDGE_CURVE('',#3448,#3213,#3450,.T.);
#3448 = VERTEX_POINT('',#3449);
#3449 = CARTESIAN_POINT('',(-3.266133013326E-15,-4.928185796401,13.335)
  );
#3450 = SURFACE_CURVE('',#3451,(#3524,#3600),.PCURVE_S1.);
#3451 = B_SPLINE_CURVE_WITH_KNOTS('',8,(#3452,#3453,#3454,#3455,#3456,
    #3457,#3458,#3459,#3460,#3461,#3462,#3463,#3464,#3465,#3466,#3467,
    #3468,#3469,#3470,#3471,#3472,#3473,#3474,#3475,#3476,#3477,#3478,
    #3479,#3480,#3481,#3482,#3483,#3484,#3485,#3486,#3487,#3488,#3489,
    #3490,#3491,#3492,#3493,#3494,#3495,#3496,#3497,#3498,#3499,#3500,
    #3501,#3502,#3503,#3504,#3505,#3506,#3507,#3508,#3509,#3510,#3511,
    #3512,#3513,#3514,#3515,#3516,#3517,#3518,#3519,#3520,#3521,#3522,
    #3523),.UNSPECIFIED.,.F.,.F.,(9,7,7,7,7,7,7,7,7,7,9),(0.,
    8.350819969311E-02,0.175968709128,0.305792956498,0.401423503051,
    0.485852420063,0.559462594143,0.667902140651,0.747072560098,
    0.842288410693,1.),.UNSPECIFIED.);
#3452 = CARTESIAN_POINT('',(-8.881784197001E-15,-4.928185796401,13.335)
  );
#3453 = CARTESIAN_POINT('',(-0.874441840134,-4.981203609455,13.335));
#3454 = CARTESIAN_POINT('',(-1.748974957865,-5.034226845553,
    13.269466707225));
#3455 = CARTESIAN_POINT('',(-2.617717062751,-5.087246763772,
    13.138377413622));
#3456 = CARTESIAN_POINT('',(-3.474944050013,-5.140263144531,
    12.94236962358));
#3457 = CARTESIAN_POINT('',(-4.315073345829,-5.193279991553,
    12.682650390145));
#3458 = CARTESIAN_POINT('',(-5.132663175392,-5.246301120721,
    12.360966809134));
#3459 = CARTESIAN_POINT('',(-5.92242775373,-5.299325635839,
    11.979637671106));
#3460 = CARTESIAN_POINT('',(-7.517244453221,-5.411044585899,
    11.056700983112));
#3461 = CARTESIAN_POINT('',(-8.315142205389,-5.469756962836,
    10.502129613494));
#3462 = CARTESIAN_POINT('',(-9.065969138784,-5.528464869461,
    9.881920098329));
#3463 = CARTESIAN_POINT('',(-9.763477948424,-5.587167309206,
    9.200804853983));
#3464 = CARTESIAN_POINT('',(-10.40205135608,-5.645870435981,
    8.464134926254));
#3465 = CARTESIAN_POINT('',(-10.97667143518,-5.704580129976,7.6778332072
    ));
#3466 = CARTESIAN_POINT('',(-11.48297344592,-5.763294554881,
    6.848426719742));
#3467 = CARTESIAN_POINT('',(-12.52734238866,-5.904420656769,
    4.768229944214));
#3468 = CARTESIAN_POINT('',(-12.99621051683,-5.98690679715,
    3.481317864611));
#3469 = CARTESIAN_POINT('',(-13.31325492183,-6.069360970623,
    2.142873350879));
#3470 = CARTESIAN_POINT('',(-13.47249958425,-6.151791470728,
    0.773936185269));
#3471 = CARTESIAN_POINT('',(-13.47105160797,-6.23422047238,
    -0.604202302127));
#3472 = CARTESIAN_POINT('',(-13.3093778895,-6.316670936019,
    -1.970084270636));
#3473 = CARTESIAN_POINT('',(-12.99099651434,-6.399154044149,
    -3.302179248657));
#3474 = CARTESIAN_POINT('',(-12.18031740761,-6.542294930365,
    -5.519502249598));
#3475 = CARTESIAN_POINT('',(-11.7556575721,-6.603023881873,
    -6.430715971147));
#3476 = CARTESIAN_POINT('',(-11.25321365887,-6.66374694348,
    -7.304206955805));
#3477 = CARTESIAN_POINT('',(-10.67699053758,-6.724462565582,
    -8.132272172904));
#3478 = CARTESIAN_POINT('',(-10.03180706302,-6.785178031057,
    -8.907810152603));
#3479 = CARTESIAN_POINT('',(-9.323229525408,-6.845900699644,
    -9.624290379951));
#3480 = CARTESIAN_POINT('',(-8.557617228888,-6.906629275752,
    -10.27580808519));
#3481 = CARTESIAN_POINT('',(-7.022447205839,-7.020949010244,
    -11.37053690347));
#3482 = CARTESIAN_POINT('',(-6.26366328892,-7.074556984168,
    -11.82934679081));
#3483 = CARTESIAN_POINT('',(-5.470852688589,-7.128161334948,
    -12.23012154261));
#3484 = CARTESIAN_POINT('',(-4.649206859466,-7.181762457539,
    -12.56997550644));
#3485 = CARTESIAN_POINT('',(-3.804146771585,-7.235364705125,
    -12.84658549953));
#3486 = CARTESIAN_POINT('',(-2.941307757953,-7.288971909811,
    -13.05816970432));
#3487 = CARTESIAN_POINT('',(-2.066546907824,-7.342582547238,
    -13.20352988744));
#3488 = CARTESIAN_POINT('',(-0.418236067627,-7.442917969384,
    -13.35070870561));
#3489 = CARTESIAN_POINT('',(0.35406094158,-7.489653292221,
    -13.36854688504));
#3490 = CARTESIAN_POINT('',(1.126953207623,-7.536387252354,
    -13.33531036353));
#3491 = CARTESIAN_POINT('',(1.896512358103,-7.583120410856,
    -13.25102552205));
#3492 = CARTESIAN_POINT('',(2.658843563794,-7.629854972655,
    -13.11606892521));
#3493 = CARTESIAN_POINT('',(3.410087527116,-7.676592461185,
    -12.93115950756));
#3494 = CARTESIAN_POINT('',(4.146427357848,-7.723331246224,
    -12.69738025998));
#3495 = CARTESIAN_POINT('',(5.921347289658,-7.83890862668,
    -12.00204930665));
#3496 = CARTESIAN_POINT('',(6.938741704352,-7.907782804354,
    -11.48480587467));
#3497 = CARTESIAN_POINT('',(7.903914020944,-7.976645698324,
    -10.86916712604));
#3498 = CARTESIAN_POINT('',(8.805847079034,-8.04549738447,
    -10.16149963012));
#3499 = CARTESIAN_POINT('',(9.634569894762,-8.114347799668,
    -9.369388521594));
#3500 = CARTESIAN_POINT('',(10.381187825142,-8.183207644223,
    -8.501628265763));
#3501 = CARTESIAN_POINT('',(11.037866488896,-8.252080245485,
    -7.56816866683));
#3502 = CARTESIAN_POINT('',(12.007343890613,-8.37119381362,
    -5.859456516056));
#3503 = CARTESIAN_POINT('',(12.365271726652,-8.421464794546,
    -5.109237857999));
#3504 = CARTESIAN_POINT('',(12.669518064319,-8.471733754786,
    -4.334219676689));
#3505 = CARTESIAN_POINT('',(12.918114483733,-8.521999815461,
    -3.538909359825));
#3506 = CARTESIAN_POINT('',(13.109554190107,-8.572265533231,
    -2.727946626479));
#3507 = CARTESIAN_POINT('',(13.242771449649,-8.622533474404,
    -1.906092116548));
#3508 = CARTESIAN_POINT('',(13.317165383404,-8.672802750736,
    -1.07822803682));
#3509 = CARTESIAN_POINT('',(13.351312786705,-8.783515013946,
    0.747470397486));
#3510 = CARTESIAN_POINT('',(13.284782908965,-8.84397739864,
    1.746122022203));
#3511 = CARTESIAN_POINT('',(13.132853001202,-8.904434099298,
    2.737766526272));
#3512 = CARTESIAN_POINT('',(12.896459496207,-8.964883668427,
    3.713888561134));
#3513 = CARTESIAN_POINT('',(12.577498310047,-9.025333221942,
    4.666232656413));
#3514 = CARTESIAN_POINT('',(12.17875469911,-9.085789861123,
    5.586799085654));
#3515 = CARTESIAN_POINT('',(11.703965408326,-9.146252077347,6.4678778553
    ));
#3516 = CARTESIAN_POINT('',(10.253720348112,-9.306826461333,
    8.683926288516));
#3517 = CARTESIAN_POINT('',(9.152374795171,-9.4071154773,9.940010697838)
  );
#3518 = CARTESIAN_POINT('',(7.876397568892,-9.507306850576,
    11.033698578767));
#3519 = CARTESIAN_POINT('',(6.454758157774,-9.607446035331,
    11.938385906795));
#3520 = CARTESIAN_POINT('',(4.919298396212,-9.707584328952,
    12.632514205423));
#3521 = CARTESIAN_POINT('',(3.305473508558,-9.807773905847,
    13.101276507511));
#3522 = CARTESIAN_POINT('',(1.651391732419,-9.908061183424,13.335));
#3523 = CARTESIAN_POINT('',(-3.552713678801E-15,-10.00818583299,13.335)
  );
#3524 = PCURVE('',#1139,#3525);
#3525 = DEFINITIONAL_REPRESENTATION('',(#3526),#3599);
#3526 = B_SPLINE_CURVE_WITH_KNOTS('',8,(#3527,#3528,#3529,#3530,#3531,
    #3532,#3533,#3534,#3535,#3536,#3537,#3538,#3539,#3540,#3541,#3542,
    #3543,#3544,#3545,#3546,#3547,#3548,#3549,#3550,#3551,#3552,#3553,
    #3554,#3555,#3556,#3557,#3558,#3559,#3560,#3561,#3562,#3563,#3564,
    #3565,#3566,#3567,#3568,#3569,#3570,#3571,#3572,#3573,#3574,#3575,
    #3576,#3577,#3578,#3579,#3580,#3581,#3582,#3583,#3584,#3585,#3586,
    #3587,#3588,#3589,#3590,#3591,#3592,#3593,#3594,#3595,#3596,#3597,
    #3598),.UNSPECIFIED.,.F.,.F.,(9,7,7,7,7,7,7,7,7,7,9),(0.,
    8.350819969311E-02,0.175968709128,0.305792956498,0.401423503051,
    0.485852420063,0.559462594143,0.667902140651,0.747072560098,
    0.842288410693,1.),.UNSPECIFIED.);
#3527 = CARTESIAN_POINT('',(38.379534889859,3.93561671346E-04));
#3528 = CARTESIAN_POINT('',(38.295208372242,3.935563164124E-04));
#3529 = CARTESIAN_POINT('',(38.210873227643,3.935523568386E-04));
#3530 = CARTESIAN_POINT('',(38.126543356585,3.935518921676E-04));
#3531 = CARTESIAN_POINT('',(38.042219107352,3.935558472905E-04));
#3532 = CARTESIAN_POINT('',(37.95789411298,3.935631849892E-04));
#3533 = CARTESIAN_POINT('',(37.873562307098,3.935711157552E-04));
#3534 = CARTESIAN_POINT('',(37.789225118618,3.93576304885E-04));
#3535 = CARTESIAN_POINT('',(37.611532562423,3.935779315752E-04));
#3536 = CARTESIAN_POINT('',(37.518148658447,3.935733587854E-04));
#3537 = CARTESIAN_POINT('',(37.424771873047,3.935607435035E-04));
#3538 = CARTESIAN_POINT('',(37.331403791963,3.935394475617E-04));
#3539 = CARTESIAN_POINT('',(37.238034623752,3.935127783183E-04));
#3540 = CARTESIAN_POINT('',(37.144655008656,3.934875552307E-04));
#3541 = CARTESIAN_POINT('',(37.051267859554,3.934712742865E-04));
#3542 = CARTESIAN_POINT('',(36.826802302894,3.934606866219E-04));
#3543 = CARTESIAN_POINT('',(36.695605446689,3.934780904929E-04));
#3544 = CARTESIAN_POINT('',(36.564459400858,3.935280501814E-04));
#3545 = CARTESIAN_POINT('',(36.433350977975,3.936070110395E-04));
#3546 = CARTESIAN_POINT('',(36.302244943876,3.936807550795E-04));
#3547 = CARTESIAN_POINT('',(36.171104842371,3.936888744552E-04));
#3548 = CARTESIAN_POINT('',(36.039912875384,3.936427950233E-04));
#3549 = CARTESIAN_POINT('',(35.812242846403,3.935303364173E-04));
#3550 = CARTESIAN_POINT('',(35.715651570452,3.934738701416E-04));
#3551 = CARTESIAN_POINT('',(35.619069663054,3.934169449176E-04));
#3552 = CARTESIAN_POINT('',(35.522499555597,3.933914412218E-04));
#3553 = CARTESIAN_POINT('',(35.425929642778,3.934180842889E-04));
#3554 = CARTESIAN_POINT('',(35.329348226211,3.934896820253E-04));
#3555 = CARTESIAN_POINT('',(35.232757401996,3.935723304859E-04));
#3556 = CARTESIAN_POINT('',(35.050928114082,3.936707223199E-04));
#3557 = CARTESIAN_POINT('',(34.965662851639,3.937372804596E-04));
#3558 = CARTESIAN_POINT('',(34.880403518362,3.936445333855E-04));
#3559 = CARTESIAN_POINT('',(34.795149359956,3.93513184438E-04));
#3560 = CARTESIAN_POINT('',(34.709893308885,3.934807282508E-04));
#3561 = CARTESIAN_POINT('',(34.62462925542,3.935611825648E-04));
#3562 = CARTESIAN_POINT('',(34.539359735221,3.93648191854E-04));
#3563 = CARTESIAN_POINT('',(34.379773019035,3.936731080097E-04));
#3564 = CARTESIAN_POINT('',(34.305439018011,3.936529576764E-04));
#3565 = CARTESIAN_POINT('',(34.231107220262,3.935984952813E-04));
#3566 = CARTESIAN_POINT('',(34.15677671078,3.93531353107E-04));
#3567 = CARTESIAN_POINT('',(34.082443958554,3.934745055756E-04));
#3568 = CARTESIAN_POINT('',(34.00810652779,3.934401285513E-04));
#3569 = CARTESIAN_POINT('',(33.933767011471,3.934281645721E-04));
#3570 = CARTESIAN_POINT('',(33.749937481128,3.934465387575E-04));
#3571 = CARTESIAN_POINT('',(33.640390849148,3.934991231025E-04));
#3572 = CARTESIAN_POINT('',(33.530862133476,3.935811670074E-04));
#3573 = CARTESIAN_POINT('',(33.42135125509,3.9365279817E-04));
#3574 = CARTESIAN_POINT('',(33.311842444827,3.936797838774E-04));
#3575 = CARTESIAN_POINT('',(33.202318676496,3.936688485045E-04));
#3576 = CARTESIAN_POINT('',(33.092774642686,3.936344897545E-04));
#3577 = CARTESIAN_POINT('',(32.903320787586,3.935623493728E-04));
#3578 = CARTESIAN_POINT('',(32.823363224461,3.935279436452E-04));
#3579 = CARTESIAN_POINT('',(32.743408872976,3.934957627754E-04));
#3580 = CARTESIAN_POINT('',(32.663459124657,3.934718929761E-04));
#3581 = CARTESIAN_POINT('',(32.583509909477,3.934597611511E-04));
#3582 = CARTESIAN_POINT('',(32.50355714577,3.934592438427E-04));
#3583 = CARTESIAN_POINT('',(32.423602249341,3.934674429237E-04));
#3584 = CARTESIAN_POINT('',(32.247510830905,3.934975867016E-04));
#3585 = CARTESIAN_POINT('',(32.151343453527,3.935219461856E-04));
#3586 = CARTESIAN_POINT('',(32.05518511459,3.935484121508E-04));
#3587 = CARTESIAN_POINT('',(31.959038124372,3.935693318883E-04));
#3588 = CARTESIAN_POINT('',(31.862891169518,3.935801752699E-04));
#3589 = CARTESIAN_POINT('',(31.766732954739,3.93581395064E-04));
#3590 = CARTESIAN_POINT('',(31.670565875187,3.935771666154E-04));
#3591 = CARTESIAN_POINT('',(31.41516721138,3.935608041726E-04));
#3592 = CARTESIAN_POINT('',(31.255654347644,3.935455768626E-04));
#3593 = CARTESIAN_POINT('',(31.096296776746,3.935408551193E-04));
#3594 = CARTESIAN_POINT('',(30.937022178537,3.935694610701E-04));
#3595 = CARTESIAN_POINT('',(30.777748992225,3.936033101362E-04));
#3596 = CARTESIAN_POINT('',(30.618394287725,3.935897876122E-04));
#3597 = CARTESIAN_POINT('',(30.458884212562,3.935519635267E-04));
#3598 = CARTESIAN_POINT('',(30.299632801699,3.935148463684E-04));
#3599 = ( GEOMETRIC_REPRESENTATION_CONTEXT(2) 
PARAMETRIC_REPRESENTATION_CONTEXT() REPRESENTATION_CONTEXT('2D SPACE',''
  ) );
#3600 = PCURVE('',#3601,#3606);
#3601 = CYLINDRICAL_SURFACE('',#3602,13.335);
#3602 = AXIS2_PLACEMENT_3D('',#3603,#3604,#3605);
#3603 = CARTESIAN_POINT('',(0.,-30.,0.));
#3604 = DIRECTION('',(0.,1.,0.));
#3605 = DIRECTION('',(0.,-0.,1.));
#3606 = DEFINITIONAL_REPRESENTATION('',(#3607),#3680);
#3607 = B_SPLINE_CURVE_WITH_KNOTS('',8,(#3608,#3609,#3610,#3611,#3612,
    #3613,#3614,#3615,#3616,#3617,#3618,#3619,#3620,#3621,#3622,#3623,
    #3624,#3625,#3626,#3627,#3628,#3629,#3630,#3631,#3632,#3633,#3634,
    #3635,#3636,#3637,#3638,#3639,#3640,#3641,#3642,#3643,#3644,#3645,
    #3646,#3647,#3648,#3649,#3650,#3651,#3652,#3653,#3654,#3655,#3656,
    #3657,#3658,#3659,#3660,#3661,#3662,#3663,#3664,#3665,#3666,#3667,
    #3668,#3669,#3670,#3671,#3672,#3673,#3674,#3675,#3676,#3677,#3678,
    #3679),.UNSPECIFIED.,.F.,.F.,(9,7,7,7,7,7,7,7,7,7,9),(0.,
    8.350819969311E-02,0.175968709128,0.305792956498,0.401423503051,
    0.485852420063,0.559462594143,0.667902140651,0.747072560098,
    0.842288410693,1.),.UNSPECIFIED.);
#3608 = CARTESIAN_POINT('',(6.28318530718,25.071814203599));
#3609 = CARTESIAN_POINT('',(6.217610366037,25.018796390545));
#3610 = CARTESIAN_POINT('',(6.15202871768,24.965773154447));
#3611 = CARTESIAN_POINT('',(6.086451170994,24.912753236228));
#3612 = CARTESIAN_POINT('',(6.020877995759,24.859736855469));
#3613 = CARTESIAN_POINT('',(5.955304239775,24.806720008447));
#3614 = CARTESIAN_POINT('',(5.889725184935,24.753698879279));
#3615 = CARTESIAN_POINT('',(5.824141942207,24.700674364161));
#3616 = CARTESIAN_POINT('',(5.685962633812,24.588955414101));
#3617 = CARTESIAN_POINT('',(5.613344377043,24.530243037164));
#3618 = CARTESIAN_POINT('',(5.540731653933,24.471535130539));
#3619 = CARTESIAN_POINT('',(5.468125698863,24.412832690794));
#3620 = CARTESIAN_POINT('',(5.395518899163,24.354129564019));
#3621 = CARTESIAN_POINT('',(5.322903977512,24.295419870024));
#3622 = CARTESIAN_POINT('',(5.250283199464,24.236705445119));
#3623 = CARTESIAN_POINT('',(5.075731742195,24.095579343231));
#3624 = CARTESIAN_POINT('',(4.973708955405,24.01309320285));
#3625 = CARTESIAN_POINT('',(4.871725682771,23.930639029377));
#3626 = CARTESIAN_POINT('',(4.769771666363,23.848208529272));
#3627 = CARTESIAN_POINT('',(4.667819500836,23.76577952762));
#3628 = CARTESIAN_POINT('',(4.56584084055,23.683329063981));
#3629 = CARTESIAN_POINT('',(4.463821850421,23.600845955851));
#3630 = CARTESIAN_POINT('',(4.286778496588,23.457705069635));
#3631 = CARTESIAN_POINT('',(4.211666092786,23.396976118127));
#3632 = CARTESIAN_POINT('',(4.136560976383,23.33625305652));
#3633 = CARTESIAN_POINT('',(4.061465036246,23.275537434418));
#3634 = CARTESIAN_POINT('',(3.986369244001,23.214821968943));
#3635 = CARTESIAN_POINT('',(3.911264499173,23.154099300356));
#3636 = CARTESIAN_POINT('',(3.83615243209,23.093370724248));
#3637 = CARTESIAN_POINT('',(3.69475625548,22.979050989756));
#3638 = CARTESIAN_POINT('',(3.628451297718,22.925443015832));
#3639 = CARTESIAN_POINT('',(3.562150980852,22.871838665052));
#3640 = CARTESIAN_POINT('',(3.495854692597,22.818237542461));
#3641 = CARTESIAN_POINT('',(3.429556918062,22.764635294875));
#3642 = CARTESIAN_POINT('',(3.363252917685,22.711028090189));
#3643 = CARTESIAN_POINT('',(3.296944683844,22.657417452762));
#3644 = CARTESIAN_POINT('',(3.172845047964,22.557082030616));
#3645 = CARTESIAN_POINT('',(3.115040590488,22.510346707779));
#3646 = CARTESIAN_POINT('',(3.057237842306,22.463612747646));
#3647 = CARTESIAN_POINT('',(2.999436096764,22.416879589144));
#3648 = CARTESIAN_POINT('',(2.941632611144,22.370145027345));
#3649 = CARTESIAN_POINT('',(2.88382549126,22.323407538815));
#3650 = CARTESIAN_POINT('',(2.826016751448,22.276668753776));
#3651 = CARTESIAN_POINT('',(2.683065145749,22.16109137332));
#3652 = CARTESIAN_POINT('',(2.597878253298,22.092217195646));
#3653 = CARTESIAN_POINT('',(2.512705292445,22.023354301676));
#3654 = CARTESIAN_POINT('',(2.427546197729,21.95450261553));
#3655 = CARTESIAN_POINT('',(2.342388709055,21.885652200332));
#3656 = CARTESIAN_POINT('',(2.25721958948,21.816792355777));
#3657 = CARTESIAN_POINT('',(2.172034712741,21.747919754515));
#3658 = CARTESIAN_POINT('',(2.024709455265,21.62880618638));
#3659 = CARTESIAN_POINT('',(1.962531948206,21.578535205454));
#3660 = CARTESIAN_POINT('',(1.900356939403,21.528266245214));
#3661 = CARTESIAN_POINT('',(1.838185510343,21.478000184539));
#3662 = CARTESIAN_POINT('',(1.776014495273,21.427734466769));
#3663 = CARTESIAN_POINT('',(1.713840719509,21.377466525596));
#3664 = CARTESIAN_POINT('',(1.651665283717,21.327197249264));
#3665 = CARTESIAN_POINT('',(1.514731069349,21.216484986054));
#3666 = CARTESIAN_POINT('',(1.439948296062,21.15602260136));
#3667 = CARTESIAN_POINT('',(1.365172549423,21.095565900702));
#3668 = CARTESIAN_POINT('',(1.290405627193,21.035116331573));
#3669 = CARTESIAN_POINT('',(1.215638733359,20.974666778058));
#3670 = CARTESIAN_POINT('',(1.140863085726,20.914210138877));
#3671 = CARTESIAN_POINT('',(1.066080547494,20.853747922653));
#3672 = CARTESIAN_POINT('',(0.867474540201,20.693173538667));
#3673 = CARTESIAN_POINT('',(0.743432343843,20.5928845227));
#3674 = CARTESIAN_POINT('',(0.619510913426,20.492693149424));
#3675 = CARTESIAN_POINT('',(0.495654003822,20.392553964669));
#3676 = CARTESIAN_POINT('',(0.371798176621,20.292415671048));
#3677 = CARTESIAN_POINT('',(0.247878949187,20.192226094153));
#3678 = CARTESIAN_POINT('',(0.123838900069,20.091938816576));
#3679 = CARTESIAN_POINT('',(0.,19.991814167009));
#3680 = ( GEOMETRIC_REPRESENTATION_CONTEXT(2) 
PARAMETRIC_REPRESENTATION_CONTEXT() REPRESENTATION_CONTEXT('2D SPACE',''
  ) );
#3681 = ORIENTED_EDGE('',*,*,#3682,.F.);
#3682 = EDGE_CURVE('',#3683,#3448,#3685,.T.);
#3683 = VERTEX_POINT('',#3684);
#3684 = CARTESIAN_POINT('',(-3.266133013326E-15,0.151814124992,13.335));
#3685 = SURFACE_CURVE('',#3686,(#3752,#3821),.PCURVE_S1.);
#3686 = B_SPLINE_CURVE_WITH_KNOTS('',8,(#3687,#3688,#3689,#3690,#3691,
    #3692,#3693,#3694,#3695,#3696,#3697,#3698,#3699,#3700,#3701,#3702,
    #3703,#3704,#3705,#3706,#3707,#3708,#3709,#3710,#3711,#3712,#3713,
    #3714,#3715,#3716,#3717,#3718,#3719,#3720,#3721,#3722,#3723,#3724,
    #3725,#3726,#3727,#3728,#3729,#3730,#3731,#3732,#3733,#3734,#3735,
    #3736,#3737,#3738,#3739,#3740,#3741,#3742,#3743,#3744,#3745,#3746,
    #3747,#3748,#3749,#3750,#3751),.UNSPECIFIED.,.F.,.F.,(9,7,7,7,7,7,7,
    7,7,9),(0.,0.105912590085,0.257207936269,0.416324691016,
    0.518445357032,0.61024020778,0.704284253795,0.788081790166,
    0.880323974169,1.),.UNSPECIFIED.);
#3687 = CARTESIAN_POINT('',(1.42108547152E-14,0.151814124992,13.335));
#3688 = CARTESIAN_POINT('',(-1.108914913564,8.458010174906E-02,13.335));
#3689 = CARTESIAN_POINT('',(-2.218188181277,1.732437803324E-02,
    13.229610948497));
#3690 = CARTESIAN_POINT('',(-3.315596560284,-4.992053983169E-02,
    13.018713946313));
#3691 = CARTESIAN_POINT('',(-4.389465372182,-0.117156776608,
    12.704029159257));
#3692 = CARTESIAN_POINT('',(-5.428562653647,-0.184394030453,
    12.288652826129));
#3693 = CARTESIAN_POINT('',(-6.422126915998,-0.251641557031,
    11.777073734569));
#3694 = CARTESIAN_POINT('',(-7.359888433494,-0.318900365009,
    11.175150920958));
#3695 = CARTESIAN_POINT('',(-9.478480801286,-0.482180229865,
    9.512623423201));
#3696 = CARTESIAN_POINT('',(-10.59362902184,-0.578356802027,
    8.364154051175));
#3697 = CARTESIAN_POINT('',(-11.54759039231,-0.674459522256,
    7.067494295053));
#3698 = CARTESIAN_POINT('',(-12.31870310994,-0.770517422246,
    5.649800917453));
#3699 = CARTESIAN_POINT('',(-12.8899711332,-0.866572199119,
    4.140526209612));
#3700 = CARTESIAN_POINT('',(-13.25025789563,-0.962666063808,
    2.57175051668));
#3701 = CARTESIAN_POINT('',(-13.39315026934,-1.058835635317,
    0.977459805773));
#3702 = CARTESIAN_POINT('',(-13.24566141699,-1.255902152622,
    -2.269481116756));
#3703 = CARTESIAN_POINT('',(-12.93227843047,-1.35708079875,
    -3.925750641026));
#3704 = CARTESIAN_POINT('',(-12.38178736473,-1.458159165488,
    -5.52986398242));
#3705 = CARTESIAN_POINT('',(-11.60595497392,-1.559184757502,
    -7.043190527626));
#3706 = CARTESIAN_POINT('',(-10.6217632822,-1.660210728191,
    -8.430075934735));
#3707 = CARTESIAN_POINT('',(-9.453005295845,-1.761289273867,
    -9.659000927814));
#3708 = CARTESIAN_POINT('',(-8.128472831246,-1.862470244288,
    -10.7016806056));
#3709 = CARTESIAN_POINT('',(-5.761897030614,-2.028316415923,
    -12.07336468281));
#3710 = CARTESIAN_POINT('',(-4.787331208296,-2.093168988777,
    -12.52496831865));
#3711 = CARTESIAN_POINT('',(-3.772749951689,-2.158013585663,
    -12.88637935675));
#3712 = CARTESIAN_POINT('',(-2.727976259821,-2.222850262401,
    -13.15359519487));
#3713 = CARTESIAN_POINT('',(-1.663107169129,-2.28768681296,
    -13.32390614675));
#3714 = CARTESIAN_POINT('',(-0.588476647325,-2.352531523533,
    -13.39578797372));
#3715 = CARTESIAN_POINT('',(0.485330583123,-2.417385549966,
    -13.36900022628));
#3716 = CARTESIAN_POINT('',(2.502167029097,-2.540498917077,
    -13.13336663126));
#3717 = CARTESIAN_POINT('',(3.447874595774,-2.598788275335,
    -12.94315291787));
#3718 = CARTESIAN_POINT('',(4.376737166476,-2.657072748873,
    -12.67513579591));
#3719 = CARTESIAN_POINT('',(5.281303555852,-2.715351413931,
    -12.33113372682));
#3720 = CARTESIAN_POINT('',(6.154447353898,-2.7736302928,-11.91376032728
    ));
#3721 = CARTESIAN_POINT('',(6.989356158709,-2.831915066068,
    -11.42637028647));
#3722 = CARTESIAN_POINT('',(7.779565724053,-2.890204021108,
    -10.87310736786));
#3723 = CARTESIAN_POINT('',(9.276631199026,-3.008186384829,
    -9.629955846946));
#3724 = CARTESIAN_POINT('',(9.981276196914,-3.067902817014,
    -8.93679763271));
#3725 = CARTESIAN_POINT('',(10.626417976479,-3.127613838552,
    -8.184955987906));
#3726 = CARTESIAN_POINT('',(11.206427963296,-3.1873184659,
    -7.380455811568));
#3727 = CARTESIAN_POINT('',(11.716454481856,-3.247023492923,
    -6.529856588126));
#3728 = CARTESIAN_POINT('',(12.152379785944,-3.306735468429,
    -5.640207805087));
#3729 = CARTESIAN_POINT('',(12.510884685018,-3.366452585091,
    -4.71907396712));
#3730 = CARTESIAN_POINT('',(13.03798733442,-3.479355374282,
    -2.933085828404));
#3731 = CARTESIAN_POINT('',(13.223103872734,-3.532561256818,
    -2.072752857536));
#3732 = CARTESIAN_POINT('',(13.343256056992,-3.585764471955,
    -1.1993353777));
#3733 = CARTESIAN_POINT('',(13.397422967978,-3.638964299455,
    -0.318571053798));
#3734 = CARTESIAN_POINT('',(13.385181433186,-3.692164381948,
    0.563776907942));
#3735 = CARTESIAN_POINT('',(13.306676453026,-3.745368091035,
    1.441926248336));
#3736 = CARTESIAN_POINT('',(13.162657711842,-3.798573831787,
    2.310081592213));
#3737 = CARTESIAN_POINT('',(12.725537945243,-3.910327580998,
    4.100693978071));
#3738 = CARTESIAN_POINT('',(12.418782610238,-3.968897036879,
    5.020187503619));
#3739 = CARTESIAN_POINT('',(12.036161457353,-4.027462155932,
    5.913126854297));
#3740 = CARTESIAN_POINT('',(11.580440426686,-4.08602132611,
    6.772229063362));
#3741 = CARTESIAN_POINT('',(11.055149920799,-4.144580412163,
    7.590645500409));
#3742 = CARTESIAN_POINT('',(10.464527945734,-4.203145361486,
    8.361943259322));
#3743 = CARTESIAN_POINT('',(9.813562582088,-4.261714824318,
    9.080144187383));
#3744 = CARTESIAN_POINT('',(8.192902694001,-4.396246535984,
    10.595694241185));
#3745 = CARTESIAN_POINT('',(7.185262120736,-4.472261363326,
    11.353741788639));
#3746 = CARTESIAN_POINT('',(6.098116958495,-4.54825423804,
    12.001548974495));
#3747 = CARTESIAN_POINT('',(4.945739753581,-4.624230443243,
    12.52974137276));
#3748 = CARTESIAN_POINT('',(3.743282180922,-4.700206451023,
    12.931048416716));
#3749 = CARTESIAN_POINT('',(2.506775399207,-4.776198888716,
    13.200434038869));
#3750 = CARTESIAN_POINT('',(1.253048763512,-4.852212870538,13.335));
#3751 = CARTESIAN_POINT('',(-8.881784197001E-15,-4.928185796401,13.335)
  );
#3752 = PCURVE('',#1139,#3753);
#3753 = DEFINITIONAL_REPRESENTATION('',(#3754),#3820);
#3754 = B_SPLINE_CURVE_WITH_KNOTS('',8,(#3755,#3756,#3757,#3758,#3759,
    #3760,#3761,#3762,#3763,#3764,#3765,#3766,#3767,#3768,#3769,#3770,
    #3771,#3772,#3773,#3774,#3775,#3776,#3777,#3778,#3779,#3780,#3781,
    #3782,#3783,#3784,#3785,#3786,#3787,#3788,#3789,#3790,#3791,#3792,
    #3793,#3794,#3795,#3796,#3797,#3798,#3799,#3800,#3801,#3802,#3803,
    #3804,#3805,#3806,#3807,#3808,#3809,#3810,#3811,#3812,#3813,#3814,
    #3815,#3816,#3817,#3818,#3819),.UNSPECIFIED.,.F.,.F.,(9,7,7,7,7,7,7,
    7,7,9),(0.,0.105912590085,0.257207936269,0.416324691016,
    0.518445357032,0.61024020778,0.704284253795,0.788081790166,
    0.880323974169,1.),.UNSPECIFIED.);
#3755 = CARTESIAN_POINT('',(46.459436940575,3.934689652663E-04));
#3756 = CARTESIAN_POINT('',(46.352499091525,3.934593569924E-04));
#3757 = CARTESIAN_POINT('',(46.245526708577,3.934675537036E-04));
#3758 = CARTESIAN_POINT('',(46.138571494697,3.934929645381E-04));
#3759 = CARTESIAN_POINT('',(46.031630079322,3.93527025029E-04));
#3760 = CARTESIAN_POINT('',(45.92468705207,3.935555398831E-04));
#3761 = CARTESIAN_POINT('',(45.817727697961,3.935723201138E-04));
#3762 = CARTESIAN_POINT('',(45.710750411798,3.935782171818E-04));
#3763 = CARTESIAN_POINT('',(45.451048580233,3.935753659565E-04));
#3764 = CARTESIAN_POINT('',(45.298076690436,3.935593153612E-04));
#3765 = CARTESIAN_POINT('',(45.145222268375,3.935395529047E-04));
#3766 = CARTESIAN_POINT('',(44.992439112017,3.9354114892E-04));
#3767 = CARTESIAN_POINT('',(44.839660889294,3.935750823939E-04));
#3768 = CARTESIAN_POINT('',(44.686820514518,3.93591433155E-04));
#3769 = CARTESIAN_POINT('',(44.533859752581,3.935819903532E-04));
#3770 = CARTESIAN_POINT('',(44.220419224474,3.935292227539E-04));
#3771 = CARTESIAN_POINT('',(44.059491407106,3.93483823343E-04));
#3772 = CARTESIAN_POINT('',(43.898723091099,3.934347980909E-04));
#3773 = CARTESIAN_POINT('',(43.738038690703,3.934089958156E-04));
#3774 = CARTESIAN_POINT('',(43.577353571992,3.934942468071E-04));
#3775 = CARTESIAN_POINT('',(43.416584801761,3.936075615232E-04));
#3776 = CARTESIAN_POINT('',(43.255653184346,3.936609235606E-04));
#3777 = CARTESIAN_POINT('',(42.991869573397,3.936452195017E-04));
#3778 = CARTESIAN_POINT('',(42.888719521009,3.936127952245E-04));
#3779 = CARTESIAN_POINT('',(42.785582182256,3.935539525688E-04));
#3780 = CARTESIAN_POINT('',(42.682457461248,3.934754915219E-04));
#3781 = CARTESIAN_POINT('',(42.579332925172,3.934121127677E-04));
#3782 = CARTESIAN_POINT('',(42.476195357454,3.933993472287E-04));
#3783 = CARTESIAN_POINT('',(42.373042917303,3.934394717579E-04));
#3784 = CARTESIAN_POINT('',(42.177227056013,3.935571334667E-04));
#3785 = CARTESIAN_POINT('',(42.084515928306,3.935989189486E-04));
#3786 = CARTESIAN_POINT('',(41.991812470459,3.937358845772E-04));
#3787 = CARTESIAN_POINT('',(41.899118364788,3.937641177223E-04));
#3788 = CARTESIAN_POINT('',(41.806424106805,3.936126424389E-04));
#3789 = CARTESIAN_POINT('',(41.713720471188,3.934634668856E-04));
#3790 = CARTESIAN_POINT('',(41.621009942515,3.935457360141E-04));
#3791 = CARTESIAN_POINT('',(41.433355105536,3.936636703968E-04));
#3792 = CARTESIAN_POINT('',(41.338374161228,3.937150180634E-04));
#3793 = CARTESIAN_POINT('',(41.24340192224,3.93671118912E-04));
#3794 = CARTESIAN_POINT('',(41.148439911726,3.935714089737E-04));
#3795 = CARTESIAN_POINT('',(41.05347725644,3.934803874611E-04));
#3796 = CARTESIAN_POINT('',(40.958503504509,3.934323030787E-04));
#3797 = CARTESIAN_POINT('',(40.863521536125,3.934218131133E-04));
#3798 = CARTESIAN_POINT('',(40.683946010572,3.934573689096E-04));
#3799 = CARTESIAN_POINT('',(40.59932031552,3.934969250179E-04));
#3800 = CARTESIAN_POINT('',(40.514698847202,3.935516522807E-04));
#3801 = CARTESIAN_POINT('',(40.430082768303,3.936051600541E-04));
#3802 = CARTESIAN_POINT('',(40.345466299727,3.936434503084E-04));
#3803 = CARTESIAN_POINT('',(40.260844085075,3.936605541871E-04));
#3804 = CARTESIAN_POINT('',(40.17621865885,3.936586532131E-04));
#3805 = CARTESIAN_POINT('',(39.998470790242,3.936251079013E-04));
#3806 = CARTESIAN_POINT('',(39.905314238065,3.935905775904E-04));
#3807 = CARTESIAN_POINT('',(39.812164594656,3.935456103881E-04));
#3808 = CARTESIAN_POINT('',(39.719024410696,3.935029656733E-04));
#3809 = CARTESIAN_POINT('',(39.625884347166,3.93473119513E-04));
#3810 = CARTESIAN_POINT('',(39.532734940399,3.934600422254E-04));
#3811 = CARTESIAN_POINT('',(39.439578339797,3.934612800175E-04));
#3812 = CARTESIAN_POINT('',(39.225601333569,3.934866909474E-04));
#3813 = CARTESIAN_POINT('',(39.104697293145,3.935175678724E-04));
#3814 = CARTESIAN_POINT('',(38.983828162115,3.935551097653E-04));
#3815 = CARTESIAN_POINT('',(38.862985555331,3.935822570266E-04));
#3816 = CARTESIAN_POINT('',(38.74214328549,3.935874574344E-04));
#3817 = CARTESIAN_POINT('',(38.621274896623,3.935799467097E-04));
#3818 = CARTESIAN_POINT('',(38.500372244365,3.935693448042E-04));
#3819 = CARTESIAN_POINT('',(38.379534889859,3.93561671346E-04));
#3820 = ( GEOMETRIC_REPRESENTATION_CONTEXT(2) 
PARAMETRIC_REPRESENTATION_CONTEXT() REPRESENTATION_CONTEXT('2D SPACE',''
  ) );
#3821 = PCURVE('',#3822,#3827);
#3822 = CYLINDRICAL_SURFACE('',#3823,13.335);
#3823 = AXIS2_PLACEMENT_3D('',#3824,#3825,#3826);
#3824 = CARTESIAN_POINT('',(0.,-30.,0.));
#3825 = DIRECTION('',(0.,1.,0.));
#3826 = DIRECTION('',(0.,-0.,1.));
#3827 = DEFINITIONAL_REPRESENTATION('',(#3828),#3894);
#3828 = B_SPLINE_CURVE_WITH_KNOTS('',8,(#3829,#3830,#3831,#3832,#3833,
    #3834,#3835,#3836,#3837,#3838,#3839,#3840,#3841,#3842,#3843,#3844,
    #3845,#3846,#3847,#3848,#3849,#3850,#3851,#3852,#3853,#3854,#3855,
    #3856,#3857,#3858,#3859,#3860,#3861,#3862,#3863,#3864,#3865,#3866,
    #3867,#3868,#3869,#3870,#3871,#3872,#3873,#3874,#3875,#3876,#3877,
    #3878,#3879,#3880,#3881,#3882,#3883,#3884,#3885,#3886,#3887,#3888,
    #3889,#3890,#3891,#3892,#3893),.UNSPECIFIED.,.F.,.F.,(9,7,7,7,7,7,7,
    7,7,9),(0.,0.105912590085,0.257207936269,0.416324691016,
    0.518445357032,0.61024020778,0.704284253795,0.788081790166,
    0.880323974169,1.),.UNSPECIFIED.);
#3829 = CARTESIAN_POINT('',(6.28318530718,30.151814124992));
#3830 = CARTESIAN_POINT('',(6.20002708344,30.084580101749));
#3831 = CARTESIAN_POINT('',(6.116842003318,30.017324378033));
#3832 = CARTESIAN_POINT('',(6.033670271514,29.950079460169));
#3833 = CARTESIAN_POINT('',(5.950509266535,29.882843223391));
#3834 = CARTESIAN_POINT('',(5.867347006146,29.815605969549));
#3835 = CARTESIAN_POINT('',(5.784172050206,29.748358442969));
#3836 = CARTESIAN_POINT('',(5.700983152161,29.681099634991));
#3837 = CARTESIAN_POINT('',(5.499030857665,29.517819770135));
#3838 = CARTESIAN_POINT('',(5.38007512163,29.421643197973));
#3839 = CARTESIAN_POINT('',(5.261210739972,29.325540477744));
#3840 = CARTESIAN_POINT('',(5.142401782258,29.229482577754));
#3841 = CARTESIAN_POINT('',(5.023596653843,29.133427800882));
#3842 = CARTESIAN_POINT('',(4.904743182774,29.037333936192));
#3843 = CARTESIAN_POINT('',(4.785796088821,28.941164364683));
#3844 = CARTESIAN_POINT('',(4.542054884559,28.744097847378));
#3845 = CARTESIAN_POINT('',(4.416912355494,28.64291920125));
#3846 = CARTESIAN_POINT('',(4.291893863979,28.541840834513));
#3847 = CARTESIAN_POINT('',(4.166940639562,28.440815242498));
#3848 = CARTESIAN_POINT('',(4.041986864802,28.339789271809));
#3849 = CARTESIAN_POINT('',(3.91696802947,28.238710726133));
#3850 = CARTESIAN_POINT('',(3.791822554474,28.137529755712));
#3851 = CARTESIAN_POINT('',(3.586696141834,27.971683584077));
#3852 = CARTESIAN_POINT('',(3.50648342449,27.906831011223));
#3853 = CARTESIAN_POINT('',(3.426280594729,27.841986414337));
#3854 = CARTESIAN_POINT('',(3.346087579913,27.777149737599));
#3855 = CARTESIAN_POINT('',(3.265894711787,27.71231318704));
#3856 = CARTESIAN_POINT('',(3.185691708719,27.647468476467));
#3857 = CARTESIAN_POINT('',(3.105477133541,27.582614450034));
#3858 = CARTESIAN_POINT('',(2.953204564166,27.459501082923));
#3859 = CARTESIAN_POINT('',(2.881109476042,27.401211724665));
#3860 = CARTESIAN_POINT('',(2.809020336525,27.342927251127));
#3861 = CARTESIAN_POINT('',(2.736938484003,27.284648586069));
#3862 = CARTESIAN_POINT('',(2.664856540151,27.2263697072));
#3863 = CARTESIAN_POINT('',(2.592767308887,27.168084933932));
#3864 = CARTESIAN_POINT('',(2.520672693204,27.109795978892));
#3865 = CARTESIAN_POINT('',(2.374746431129,26.991813615171));
#3866 = CARTESIAN_POINT('',(2.300886275079,26.932097182986));
#3867 = CARTESIAN_POINT('',(2.227032869053,26.872386161448));
#3868 = CARTESIAN_POINT('',(2.153187412156,26.8126815341));
#3869 = CARTESIAN_POINT('',(2.079341462622,26.752976507077));
#3870 = CARTESIAN_POINT('',(2.005486893291,26.693264531571));
#3871 = CARTESIAN_POINT('',(1.931625935206,26.633547414909));
#3872 = CARTESIAN_POINT('',(1.791982378035,26.520644625718));
#3873 = CARTESIAN_POINT('',(1.726174786332,26.467438743182));
#3874 = CARTESIAN_POINT('',(1.660370480881,26.414235528045));
#3875 = CARTESIAN_POINT('',(1.594570364753,26.361035700545));
#3876 = CARTESIAN_POINT('',(1.528769943944,26.307835618052));
#3877 = CARTESIAN_POINT('',(1.46296505406,26.254631908965));
#3878 = CARTESIAN_POINT('',(1.397157667178,26.201426168213));
#3879 = CARTESIAN_POINT('',(1.258935348477,26.089672419002));
#3880 = CARTESIAN_POINT('',(1.186493891973,26.031102963121));
#3881 = CARTESIAN_POINT('',(1.114057809553,25.972537844068));
#3882 = CARTESIAN_POINT('',(1.041629084452,25.91397867389));
#3883 = CARTESIAN_POINT('',(0.969200453357,25.855419587837));
#3884 = CARTESIAN_POINT('',(0.896764555719,25.796854638514));
#3885 = CARTESIAN_POINT('',(0.824323061965,25.738285175682));
#3886 = CARTESIAN_POINT('',(0.657927827838,25.603753464016));
#3887 = CARTESIAN_POINT('',(0.563909049063,25.527738636674));
#3888 = CARTESIAN_POINT('',(0.469917413496,25.45174576196));
#3889 = CARTESIAN_POINT('',(0.375946402232,25.375769556756));
#3890 = CARTESIAN_POINT('',(0.281975655597,25.299793548978));
#3891 = CARTESIAN_POINT('',(0.187984603266,25.223801111284));
#3892 = CARTESIAN_POINT('',(9.39669113995E-02,25.147787129462));
#3893 = CARTESIAN_POINT('',(0.,25.071814203599));
#3894 = ( GEOMETRIC_REPRESENTATION_CONTEXT(2) 
PARAMETRIC_REPRESENTATION_CONTEXT() REPRESENTATION_CONTEXT('2D SPACE',''
  ) );
#3895 = ORIENTED_EDGE('',*,*,#3896,.F.);
#3896 = EDGE_CURVE('',#3897,#3683,#3899,.T.);
#3897 = VERTEX_POINT('',#3898);
#3898 = CARTESIAN_POINT('',(-3.266133013326E-15,5.231814143702,13.335));
#3899 = SURFACE_CURVE('',#3900,(#3966,#4035),.PCURVE_S1.);
#3900 = B_SPLINE_CURVE_WITH_KNOTS('',8,(#3901,#3902,#3903,#3904,#3905,
    #3906,#3907,#3908,#3909,#3910,#3911,#3912,#3913,#3914,#3915,#3916,
    #3917,#3918,#3919,#3920,#3921,#3922,#3923,#3924,#3925,#3926,#3927,
    #3928,#3929,#3930,#3931,#3932,#3933,#3934,#3935,#3936,#3937,#3938,
    #3939,#3940,#3941,#3942,#3943,#3944,#3945,#3946,#3947,#3948,#3949,
    #3950,#3951,#3952,#3953,#3954,#3955,#3956,#3957,#3958,#3959,#3960,
    #3961,#3962,#3963,#3964,#3965),.UNSPECIFIED.,.F.,.F.,(9,7,7,7,7,7,7,
    7,7,9),(0.,8.571947980484E-02,0.175385654927,0.269573983073,
    0.365053298459,0.45061873663,0.551194551815,0.707895287609,
    0.861945676238,1.),.UNSPECIFIED.);
#3901 = CARTESIAN_POINT('',(1.7763568394E-14,5.231814143702,13.335));
#3902 = CARTESIAN_POINT('',(-0.897524102877,5.177396872798,13.335));
#3903 = CARTESIAN_POINT('',(-1.7952012666,5.122970464683,13.26596120398)
  );
#3904 = CARTESIAN_POINT('',(-2.686626709704,5.068546977785,
    13.127844386551));
#3905 = CARTESIAN_POINT('',(-3.565589423439,5.014127854582,
    12.921360260137));
#3906 = CARTESIAN_POINT('',(-4.426051157356,4.959709111563,
    12.647856410717));
#3907 = CARTESIAN_POINT('',(-5.262144042796,4.905286481266,
    12.309275899951));
#3908 = CARTESIAN_POINT('',(-6.068186854282,4.850860506382,
    11.908187533684));
#3909 = CARTESIAN_POINT('',(-7.644729837499,4.739517110163,
    10.966394944713));
#3910 = CARTESIAN_POINT('',(-8.412145357685,4.682582281356,
    10.41995700773));
#3911 = CARTESIAN_POINT('',(-9.134638277488,4.625651521042,
    9.812300637407));
#3912 = CARTESIAN_POINT('',(-9.806548815623,4.568726339151,
    9.147803694316));
#3913 = CARTESIAN_POINT('',(-10.42278741855,4.511801689694,
    8.431386616454));
#3914 = CARTESIAN_POINT('',(-10.97880606033,4.454872309829,
    7.668469304212));
#3915 = CARTESIAN_POINT('',(-11.47063902506,4.397939042295,
    6.864993521923));
#3916 = CARTESIAN_POINT('',(-12.3407898694,4.281220385099,5.14779116906)
  );
#3917 = CARTESIAN_POINT('',(-12.71230480115,4.221413182842,
    4.230206160227));
#3918 = CARTESIAN_POINT('',(-13.0056494568,4.161611313482,3.282340864082
    ));
#3919 = CARTESIAN_POINT('',(-13.2180400233,4.101816288678,2.312006621432
    ));
#3920 = CARTESIAN_POINT('',(-13.34762933935,4.042021445979,
    1.327192566875));
#3921 = CARTESIAN_POINT('',(-13.39344538984,3.982220051622,
    0.336039552694));
#3922 = CARTESIAN_POINT('',(-13.35545634041,3.922413412858,
    -0.653163530891));
#3923 = CARTESIAN_POINT('',(-13.11241359507,3.80200501785,
    -2.624174382616));
#3924 = CARTESIAN_POINT('',(-12.90502702186,3.741379297136,
    -3.606101391722));
#3925 = CARTESIAN_POINT('',(-12.61363460813,3.680759894986,
    -4.568921185892));
#3926 = CARTESIAN_POINT('',(-12.24038392221,3.620147870453,
    -5.504275605652));
#3927 = CARTESIAN_POINT('',(-11.7883434864,3.559535778084,
    -6.404201073719));
#3928 = CARTESIAN_POINT('',(-11.26143372446,3.49891619894,
    -7.261116427594));
#3929 = CARTESIAN_POINT('',(-10.66448325554,3.438290308867,
    -8.06786672361));
#3930 = CARTESIAN_POINT('',(-9.41097879347,3.323356357568,
    -9.489909298427));
#3931 = CARTESIAN_POINT('',(-8.766859956599,3.269028861471,
    -10.11659894953));
#3932 = CARTESIAN_POINT('',(-8.075223884253,3.214704296049,
    -10.69311384033));
#3933 = CARTESIAN_POINT('',(-7.34067139313,3.160383205888,-11.2152953278
    ));
#3934 = CARTESIAN_POINT('',(-6.568169872716,3.10606138662,
    -11.67951964595));
#3935 = CARTESIAN_POINT('',(-5.763028509495,3.051734930068,
    -12.08267473837));
#3936 = CARTESIAN_POINT('',(-4.930913118891,2.997405307741,
    -12.42219852896));
#3937 = CARTESIAN_POINT('',(-3.075247728822,2.879234410531,
    -13.01822188369));
#3938 = CARTESIAN_POINT('',(-2.043268791797,2.815367773902,
    -13.24985374024));
#3939 = CARTESIAN_POINT('',(-0.991862311831,2.75150974806,
    -13.38780985134));
#3940 = CARTESIAN_POINT('',(6.901972485925E-02,2.687659199681,
    -13.4303360637));
#3941 = CARTESIAN_POINT('',(1.129415778672,2.623808263284,
    -13.37691052817));
#3942 = CARTESIAN_POINT('',(2.179366182172,2.559949231847,
    -13.22815219148));
#3943 = CARTESIAN_POINT('',(3.208926037125,2.496081533455,
    -12.98591698792));
#3944 = CARTESIAN_POINT('',(5.765139352836,2.332750995322,
    -12.13579482058));
#3945 = CARTESIAN_POINT('',(7.251715920709,2.233113455816,
    -11.39825146334));
#3946 = CARTESIAN_POINT('',(8.627594972425,2.133573239535,
    -10.45304391151));
#3947 = CARTESIAN_POINT('',(9.86031120488,2.034083305209,-9.320903984274
    ));
#3948 = CARTESIAN_POINT('',(10.921389065548,1.934593838719,
    -8.026512027026));
#3949 = CARTESIAN_POINT('',(11.787795292153,1.835052318918,
    -6.599666701431));
#3950 = CARTESIAN_POINT('',(12.440620803626,1.735413594718,
    -5.073964573739));
#3951 = CARTESIAN_POINT('',(13.292274780657,1.538141724956,
    -1.93372797911));
#3952 = CARTESIAN_POINT('',(13.499859906294,1.440211027104,
    -0.316471025942));
#3953 = CARTESIAN_POINT('',(13.481433152873,1.342362859073,
    1.323383306194));
#3954 = CARTESIAN_POINT('',(13.236001608188,1.244559755848,
    2.949223845482));
#3955 = CARTESIAN_POINT('',(12.767948792375,1.146755246661,
    4.525478334425));
#3956 = CARTESIAN_POINT('',(12.088416165135,1.04890568513,6.018047968182
    ));
#3957 = CARTESIAN_POINT('',(11.213804856192,0.950971907214,
    7.394219170985));
#3958 = CARTESIAN_POINT('',(9.2357446943,0.765536518835,9.726904463106)
  );
#3959 = CARTESIAN_POINT('',(8.163424895193,0.67781457257,10.714590215346
    ));
#3960 = CARTESIAN_POINT('',(6.971339382417,0.590139938712,
    11.565738256747));
#3961 = CARTESIAN_POINT('',(5.680218169354,0.502495464927,
    12.264198467156));
#3962 = CARTESIAN_POINT('',(4.312465270542,0.414850810253,
    12.797209689049));
#3963 = CARTESIAN_POINT('',(2.892299888759,0.327175475926,
    13.155934000593));
#3964 = CARTESIAN_POINT('',(1.445461516855,0.239453124191,13.335));
#3965 = CARTESIAN_POINT('',(1.42108547152E-14,0.151814124992,13.335));
#3966 = PCURVE('',#1139,#3967);
#3967 = DEFINITIONAL_REPRESENTATION('',(#3968),#4034);
#3968 = B_SPLINE_CURVE_WITH_KNOTS('',8,(#3969,#3970,#3971,#3972,#3973,
    #3974,#3975,#3976,#3977,#3978,#3979,#3980,#3981,#3982,#3983,#3984,
    #3985,#3986,#3987,#3988,#3989,#3990,#3991,#3992,#3993,#3994,#3995,
    #3996,#3997,#3998,#3999,#4000,#4001,#4002,#4003,#4004,#4005,#4006,
    #4007,#4008,#4009,#4010,#4011,#4012,#4013,#4014,#4015,#4016,#4017,
    #4018,#4019,#4020,#4021,#4022,#4023,#4024,#4025,#4026,#4027,#4028,
    #4029,#4030,#4031,#4032,#4033),.UNSPECIFIED.,.F.,.F.,(9,7,7,7,7,7,7,
    7,7,9),(0.,8.571947980484E-02,0.175385654927,0.269573983073,
    0.365053298459,0.45061873663,0.551194551815,0.707895287609,
    0.861945676238,1.),.UNSPECIFIED.);
#3969 = CARTESIAN_POINT('',(54.539339038636,3.934790939976E-04));
#3970 = CARTESIAN_POINT('',(54.452786592466,3.935179519284E-04));
#3971 = CARTESIAN_POINT('',(54.366219599712,3.935697850046E-04));
#3972 = CARTESIAN_POINT('',(54.279657253619,3.936212639147E-04));
#3973 = CARTESIAN_POINT('',(54.193101864088,3.936574608206E-04));
#3974 = CARTESIAN_POINT('',(54.106547103835,3.936701278596E-04));
#3975 = CARTESIAN_POINT('',(54.019986184009,3.936605263864E-04));
#3976 = CARTESIAN_POINT('',(53.933419959262,3.936368069568E-04));
#3977 = CARTESIAN_POINT('',(53.756324801117,3.935736519736E-04));
#3978 = CARTESIAN_POINT('',(53.665768181166,3.935336552633E-04));
#3979 = CARTESIAN_POINT('',(53.575218031024,3.934948639583E-04));
#3980 = CARTESIAN_POINT('',(53.484676742167,3.934669577344E-04));
#3981 = CARTESIAN_POINT('',(53.394136283291,3.934552020458E-04));
#3982 = CARTESIAN_POINT('',(53.303588284621,3.934586918811E-04));
#3983 = CARTESIAN_POINT('',(53.213034092211,3.934720191339E-04));
#3984 = CARTESIAN_POINT('',(53.027389304699,3.935096332174E-04));
#3985 = CARTESIAN_POINT('',(52.932264015474,3.935343925457E-04));
#3986 = CARTESIAN_POINT('',(52.837147208988,3.935585825641E-04));
#3987 = CARTESIAN_POINT('',(52.74204129644,3.935756372467E-04));
#3988 = CARTESIAN_POINT('',(52.646935684215,3.935824707091E-04));
#3989 = CARTESIAN_POINT('',(52.551819660399,3.93580662744E-04));
#3990 = CARTESIAN_POINT('',(52.456695299376,3.935748427385E-04));
#3991 = CARTESIAN_POINT('',(52.265181919276,3.935616111431E-04));
#3992 = CARTESIAN_POINT('',(52.168754783934,3.935542072323E-04));
#3993 = CARTESIAN_POINT('',(52.072337695278,3.935498599756E-04));
#3994 = CARTESIAN_POINT('',(51.975932334464,3.935517262673E-04));
#3995 = CARTESIAN_POINT('',(51.879526859488,3.935595889856E-04));
#3996 = CARTESIAN_POINT('',(51.783109474362,3.935695564241E-04));
#3997 = CARTESIAN_POINT('',(51.68668205498,3.93576192333E-04));
#3998 = CARTESIAN_POINT('',(51.503875936686,3.935778689862E-04));
#3999 = CARTESIAN_POINT('',(51.417466324853,3.935739993806E-04));
#4000 = CARTESIAN_POINT('',(51.331061381329,3.935634512223E-04));
#4001 = CARTESIAN_POINT('',(51.244661973004,3.935455460938E-04));
#4002 = CARTESIAN_POINT('',(51.158261410465,3.93522421951E-04));
#4003 = CARTESIAN_POINT('',(51.071853472594,3.934988999872E-04));
#4004 = CARTESIAN_POINT('',(50.985440493854,3.934807400944E-04));
#4005 = CARTESIAN_POINT('',(50.797485933055,3.934601710724E-04));
#4006 = CARTESIAN_POINT('',(50.695904008748,3.934611889567E-04));
#4007 = CARTESIAN_POINT('',(50.594335761929,3.934796697682E-04));
#4008 = CARTESIAN_POINT('',(50.492779386735,3.935187457381E-04));
#4009 = CARTESIAN_POINT('',(50.391222381005,3.935706301386E-04));
#4010 = CARTESIAN_POINT('',(50.289652503661,3.936188701837E-04));
#4011 = CARTESIAN_POINT('',(50.188068861907,3.936473393868E-04));
#4012 = CARTESIAN_POINT('',(49.928286418147,3.936585859132E-04));
#4013 = CARTESIAN_POINT('',(49.769809787894,3.936056598213E-04));
#4014 = CARTESIAN_POINT('',(49.611488025576,3.934835952134E-04));
#4015 = CARTESIAN_POINT('',(49.453246298385,3.93304026086E-04));
#4016 = CARTESIAN_POINT('',(49.295005141167,3.93291132704E-04));
#4017 = CARTESIAN_POINT('',(49.136680822529,3.936313796376E-04));
#4018 = CARTESIAN_POINT('',(48.97820217486,3.937058695474E-04));
#4019 = CARTESIAN_POINT('',(48.66443508355,3.935990920083E-04));
#4020 = CARTESIAN_POINT('',(48.508673655269,3.931481367242E-04));
#4021 = CARTESIAN_POINT('',(48.353042033703,3.940941862998E-04));
#4022 = CARTESIAN_POINT('',(48.19748330462,3.938768904831E-04));
#4023 = CARTESIAN_POINT('',(48.041922739655,3.932764136158E-04));
#4024 = CARTESIAN_POINT('',(47.886289737533,3.934224582362E-04));
#4025 = CARTESIAN_POINT('',(47.730522947215,3.934147418123E-04));
#4026 = CARTESIAN_POINT('',(47.435581898191,3.935558568533E-04));
#4027 = CARTESIAN_POINT('',(47.296057246151,3.936493768481E-04));
#4028 = CARTESIAN_POINT('',(47.156607873637,3.937164510023E-04));
#4029 = CARTESIAN_POINT('',(47.017206575211,3.936844325922E-04));
#4030 = CARTESIAN_POINT('',(46.877805045996,3.935979357884E-04));
#4031 = CARTESIAN_POINT('',(46.738354706224,3.935244461629E-04));
#4032 = CARTESIAN_POINT('',(46.598829551863,3.934814895727E-04));
#4033 = CARTESIAN_POINT('',(46.459436940575,3.934689652663E-04));
#4034 = ( GEOMETRIC_REPRESENTATION_CONTEXT(2) 
PARAMETRIC_REPRESENTATION_CONTEXT() REPRESENTATION_CONTEXT('2D SPACE',''
  ) );
#4035 = PCURVE('',#4036,#4041);
#4036 = CYLINDRICAL_SURFACE('',#4037,13.335);
#4037 = AXIS2_PLACEMENT_3D('',#4038,#4039,#4040);
#4038 = CARTESIAN_POINT('',(0.,-30.,0.));
#4039 = DIRECTION('',(0.,1.,0.));
#4040 = DIRECTION('',(0.,-0.,1.));
#4041 = DEFINITIONAL_REPRESENTATION('',(#4042),#4108);
#4042 = B_SPLINE_CURVE_WITH_KNOTS('',8,(#4043,#4044,#4045,#4046,#4047,
    #4048,#4049,#4050,#4051,#4052,#4053,#4054,#4055,#4056,#4057,#4058,
    #4059,#4060,#4061,#4062,#4063,#4064,#4065,#4066,#4067,#4068,#4069,
    #4070,#4071,#4072,#4073,#4074,#4075,#4076,#4077,#4078,#4079,#4080,
    #4081,#4082,#4083,#4084,#4085,#4086,#4087,#4088,#4089,#4090,#4091,
    #4092,#4093,#4094,#4095,#4096,#4097,#4098,#4099,#4100,#4101,#4102,
    #4103,#4104,#4105,#4106,#4107),.UNSPECIFIED.,.F.,.F.,(9,7,7,7,7,7,7,
    7,7,9),(0.,8.571947980484E-02,0.175385654927,0.269573983073,
    0.365053298459,0.45061873663,0.551194551815,0.707895287609,
    0.861945676238,1.),.UNSPECIFIED.);
#4043 = CARTESIAN_POINT('',(6.28318530718,35.231814143702));
#4044 = CARTESIAN_POINT('',(6.215879412701,35.177396872798));
#4045 = CARTESIAN_POINT('',(6.148562206117,35.122970464683));
#4046 = CARTESIAN_POINT('',(6.081248611271,35.068546977785));
#4047 = CARTESIAN_POINT('',(6.013940424459,35.014127854582));
#4048 = CARTESIAN_POINT('',(5.946632726275,34.959709111563));
#4049 = CARTESIAN_POINT('',(5.879320238616,34.905286481266));
#4050 = CARTESIAN_POINT('',(5.812003626855,34.850860506382));
#4051 = CARTESIAN_POINT('',(5.674288878843,34.739517110163));
#4052 = CARTESIAN_POINT('',(5.603869212765,34.682582281356));
#4053 = CARTESIAN_POINT('',(5.533454579031,34.625651521042));
#4054 = CARTESIAN_POINT('',(5.463046836434,34.568726339151));
#4055 = CARTESIAN_POINT('',(5.392639738393,34.511801689694));
#4056 = CARTESIAN_POINT('',(5.322226775367,34.454872309829));
#4057 = CARTESIAN_POINT('',(5.251808993752,34.397939042295));
#4058 = CARTESIAN_POINT('',(5.107445778005,34.281220385099));
#4059 = CARTESIAN_POINT('',(5.033473364467,34.221413182842));
#4060 = CARTESIAN_POINT('',(4.959507545855,34.161611313482));
#4061 = CARTESIAN_POINT('',(4.885550198558,34.101816288678));
#4062 = CARTESIAN_POINT('',(4.811593086209,34.042021445979));
#4063 = CARTESIAN_POINT('',(4.737627880037,33.982220051622));
#4064 = CARTESIAN_POINT('',(4.663656193506,33.922413412858));
#4065 = CARTESIAN_POINT('',(4.514729387341,33.80200501785));
#4066 = CARTESIAN_POINT('',(4.439744627366,33.741379297136));
#4067 = CARTESIAN_POINT('',(4.364767681975,33.680759894986));
#4068 = CARTESIAN_POINT('',(4.289799857,33.620147870453));
#4069 = CARTESIAN_POINT('',(4.214831942018,33.559535778084));
#4070 = CARTESIAN_POINT('',(4.139854762803,33.49891619894));
#4071 = CARTESIAN_POINT('',(4.06486977765,33.438290308867));
#4072 = CARTESIAN_POINT('',(3.922714002885,33.323356357568));
#4073 = CARTESIAN_POINT('',(3.855519174889,33.269028861471));
#4074 = CARTESIAN_POINT('',(3.788327975426,33.214704296049));
#4075 = CARTESIAN_POINT('',(3.721141079539,33.160383205888));
#4076 = CARTESIAN_POINT('',(3.653953286452,33.10606138662));
#4077 = CARTESIAN_POINT('',(3.586759759388,33.051734930068));
#4078 = CARTESIAN_POINT('',(3.519562314198,32.997405307741));
#4079 = CARTESIAN_POINT('',(3.373402950498,32.879234410531));
#4080 = CARTESIAN_POINT('',(3.294409661238,32.815367773902));
#4081 = CARTESIAN_POINT('',(3.21542701014,32.75150974806));
#4082 = CARTESIAN_POINT('',(3.136453591798,32.687659199681));
#4083 = CARTESIAN_POINT('',(3.057479682108,32.623808263284));
#4084 = CARTESIAN_POINT('',(2.978495760762,32.559949231847));
#4085 = CARTESIAN_POINT('',(2.899501134171,32.496081533455));
#4086 = CARTESIAN_POINT('',(2.697486155004,32.332750995322));
#4087 = CARTESIAN_POINT('',(2.574249753126,32.233113455816));
#4088 = CARTESIAN_POINT('',(2.451133788832,32.133573239535));
#4089 = CARTESIAN_POINT('',(2.32808005729,32.034083305209));
#4090 = CARTESIAN_POINT('',(2.205026814987,31.934593838719));
#4091 = CARTESIAN_POINT('',(2.081908807938,31.835052318918));
#4092 = CARTESIAN_POINT('',(1.958670814368,31.735413594718));
#4093 = CARTESIAN_POINT('',(1.71467569612,31.538141724956));
#4094 = CARTESIAN_POINT('',(1.593550758968,31.440211027104));
#4095 = CARTESIAN_POINT('',(1.472526724333,31.342362859073));
#4096 = CARTESIAN_POINT('',(1.351559479969,31.244559755848));
#4097 = CARTESIAN_POINT('',(1.230590492916,31.146755246661));
#4098 = CARTESIAN_POINT('',(1.10956548786,31.04890568513));
#4099 = CARTESIAN_POINT('',(0.988436331372,30.950971907214));
#4100 = CARTESIAN_POINT('',(0.759080928653,30.765536518835));
#4101 = CARTESIAN_POINT('',(0.650582185493,30.67781457257));
#4102 = CARTESIAN_POINT('',(0.54214197624,30.590139938712));
#4103 = CARTESIAN_POINT('',(0.433739147185,30.502495464927));
#4104 = CARTESIAN_POINT('',(0.32533614767,30.414850810253));
#4105 = CARTESIAN_POINT('',(0.216895195179,30.327175475926));
#4106 = CARTESIAN_POINT('',(0.108396064256,30.239453124191));
#4107 = CARTESIAN_POINT('',(0.,30.151814124992));
#4108 = ( GEOMETRIC_REPRESENTATION_CONTEXT(2) 
PARAMETRIC_REPRESENTATION_CONTEXT() REPRESENTATION_CONTEXT('2D SPACE',''
  ) );
#4109 = ORIENTED_EDGE('',*,*,#4110,.F.);
#4110 = EDGE_CURVE('',#4111,#3897,#4113,.T.);
#4111 = VERTEX_POINT('',#4112);
#4112 = CARTESIAN_POINT('',(9.370776150605,5.861814183675,9.487401084346
    ));
#4113 = SURFACE_CURVE('',#4114,(#4124,#4137),.PCURVE_S1.);
#4114 = B_SPLINE_CURVE_WITH_KNOTS('',8,(#4115,#4116,#4117,#4118,#4119,
    #4120,#4121,#4122,#4123),.UNSPECIFIED.,.F.,.F.,(9,9),(0.,1.),
  .PIECEWISE_BEZIER_KNOTS.);
#4115 = CARTESIAN_POINT('',(9.370776150605,5.861814183675,9.487401084346
    ));
#4116 = CARTESIAN_POINT('',(8.446888652518,5.783081387912,
    10.399931592538));
#4117 = CARTESIAN_POINT('',(7.42088934737,5.704301506205,11.210188249267
    ));
#4118 = CARTESIAN_POINT('',(6.306798026475,5.625549000999,
    11.903899798054));
#4119 = CARTESIAN_POINT('',(5.120287821494,5.546815383311,
    12.470339182001));
#4120 = CARTESIAN_POINT('',(3.878063206103,5.468080688755,
    12.901140177999));
#4121 = CARTESIAN_POINT('',(2.597889843145,5.389325279736,13.19049359811
    ));
#4122 = CARTESIAN_POINT('',(1.298505683406,5.310543099635,13.335));
#4123 = CARTESIAN_POINT('',(1.809357735454E-14,5.231814143702,13.335));
#4124 = PCURVE('',#1139,#4125);
#4125 = DEFINITIONAL_REPRESENTATION('',(#4126),#4136);
#4126 = B_SPLINE_CURVE_WITH_KNOTS('',8,(#4127,#4128,#4129,#4130,#4131,
    #4132,#4133,#4134,#4135),.UNSPECIFIED.,.F.,.F.,(9,9),(0.,1.),
  .PIECEWISE_BEZIER_KNOTS.);
#4127 = CARTESIAN_POINT('',(55.541374132803,3.935458481029E-04));
#4128 = CARTESIAN_POINT('',(55.416147109151,3.93545848023E-04));
#4129 = CARTESIAN_POINT('',(55.290844959707,3.937699032561E-04));
#4130 = CARTESIAN_POINT('',(55.16558658462,3.937727122117E-04));
#4131 = CARTESIAN_POINT('',(55.040358486406,3.935499532574E-04));
#4132 = CARTESIAN_POINT('',(54.915128562491,3.934352626543E-04));
#4133 = CARTESIAN_POINT('',(54.789865616327,3.933925797485E-04));
#4134 = CARTESIAN_POINT('',(54.664560013655,3.934228757368E-04));
#4135 = CARTESIAN_POINT('',(54.539339038636,3.934790939976E-04));
#4136 = ( GEOMETRIC_REPRESENTATION_CONTEXT(2) 
PARAMETRIC_REPRESENTATION_CONTEXT() REPRESENTATION_CONTEXT('2D SPACE',''
  ) );
#4137 = PCURVE('',#4138,#4143);
#4138 = CYLINDRICAL_SURFACE('',#4139,13.335);
#4139 = AXIS2_PLACEMENT_3D('',#4140,#4141,#4142);
#4140 = CARTESIAN_POINT('',(0.,-30.,0.));
#4141 = DIRECTION('',(0.,1.,0.));
#4142 = DIRECTION('',(0.,-0.,1.));
#4143 = DEFINITIONAL_REPRESENTATION('',(#4144),#4154);
#4144 = B_SPLINE_CURVE_WITH_KNOTS('',8,(#4145,#4146,#4147,#4148,#4149,
    #4150,#4151,#4152,#4153),.UNSPECIFIED.,.F.,.F.,(9,9),(0.,1.),
  .PIECEWISE_BEZIER_KNOTS.);
#4145 = CARTESIAN_POINT('',(0.77921392589,35.861814183675));
#4146 = CARTESIAN_POINT('',(0.681833464173,35.783081387912));
#4147 = CARTESIAN_POINT('',(0.584394648203,35.704301506205));
#4148 = CARTESIAN_POINT('',(0.486989761243,35.625549000999));
#4149 = CARTESIAN_POINT('',(0.389608439747,35.546815383311));
#4150 = CARTESIAN_POINT('',(0.292225711623,35.468080688755));
#4151 = CARTESIAN_POINT('',(0.194817317196,35.389325279736));
#4152 = CARTESIAN_POINT('',(9.737575428615E-02,35.310543099635));
#4153 = CARTESIAN_POINT('',(0.,35.231814143702));
#4154 = ( GEOMETRIC_REPRESENTATION_CONTEXT(2) 
PARAMETRIC_REPRESENTATION_CONTEXT() REPRESENTATION_CONTEXT('2D SPACE',''
  ) );
#4155 = ORIENTED_EDGE('',*,*,#4156,.T.);
#4156 = EDGE_CURVE('',#4111,#4157,#4159,.T.);
#4157 = VERTEX_POINT('',#4158);
#4158 = CARTESIAN_POINT('',(11.155685890567,6.518444332209,
    11.294525104051));
#4159 = SURFACE_CURVE('',#4160,(#4163,#4170),.PCURVE_S1.);
#4160 = B_SPLINE_CURVE_WITH_KNOTS('',1,(#4161,#4162),.UNSPECIFIED.,.F.,
  .F.,(2,2),(0.,1.),.PIECEWISE_BEZIER_KNOTS.);
#4161 = CARTESIAN_POINT('',(9.370073430234,5.861555667868,9.486689618198
    ));
#4162 = CARTESIAN_POINT('',(11.155685893578,6.518444332132,
    11.294525100412));
#4163 = PCURVE('',#1139,#4164);
#4164 = DEFINITIONAL_REPRESENTATION('',(#4165),#4169);
#4165 = LINE('',#4166,#4167);
#4166 = CARTESIAN_POINT('',(55.541374132803,0.));
#4167 = VECTOR('',#4168,1.);
#4168 = DIRECTION('',(0.,1.));
#4169 = ( GEOMETRIC_REPRESENTATION_CONTEXT(2) 
PARAMETRIC_REPRESENTATION_CONTEXT() REPRESENTATION_CONTEXT('2D SPACE',''
  ) );
#4170 = PCURVE('',#4171,#4218);
#4171 = B_SPLINE_SURFACE_WITH_KNOTS('',6,1,(
    (#4172,#4173)
    ,(#4174,#4175)
    ,(#4176,#4177)
    ,(#4178,#4179)
    ,(#4180,#4181)
    ,(#4182,#4183)
    ,(#4184,#4185)
    ,(#4186,#4187)
    ,(#4188,#4189)
    ,(#4190,#4191)
    ,(#4192,#4193)
    ,(#4194,#4195)
    ,(#4196,#4197)
    ,(#4198,#4199)
    ,(#4200,#4201)
    ,(#4202,#4203)
    ,(#4204,#4205)
    ,(#4206,#4207)
    ,(#4208,#4209)
    ,(#4210,#4211)
    ,(#4212,#4213)
    ,(#4214,#4215)
    ,(#4216,#4217
    )),.UNSPECIFIED.,.F.,.F.,.F.,(7,4,4,4,4,7),(2,2),(0.,0.25978587286,
    0.5,0.512773096416,0.757936471741,1.),(0.,1.),.UNSPECIFIED.);
#4172 = CARTESIAN_POINT('',(9.370073355181,5.861555667868,9.486689887186
    ));
#4173 = CARTESIAN_POINT('',(11.155685887557,6.518444332285,
    11.294525107691));
#4174 = CARTESIAN_POINT('',(10.015280400676,5.944985410126,
    8.849413254246));
#4175 = CARTESIAN_POINT('',(11.733765060685,6.567596226028,
    10.506428524816));
#4176 = CARTESIAN_POINT('',(10.608475725407,6.028415152385,8.15948177569
    ));
#4177 = CARTESIAN_POINT('',(12.252897850529,6.617306317626,
    9.675129336271));
#4178 = CARTESIAN_POINT('',(11.1442894941,6.111844894643,7.422195393956)
  );
#4179 = CARTESIAN_POINT('',(12.708989068581,6.667606292485,8.80609589567
    ));
#4180 = CARTESIAN_POINT('',(11.618069438185,6.195274636901,
    6.643594983936));
#4181 = CARTESIAN_POINT('',(13.098650814377,6.718525858635,
    7.905353730335));
#4182 = CARTESIAN_POINT('',(12.403270773672,6.355848692257,
    5.078274022731));
#4183 = CARTESIAN_POINT('',(13.71590028837,6.817770629959,6.123087558148
    ));
#4184 = CARTESIAN_POINT('',(12.9342193807,6.516422747612,3.410364824927)
  );
#4185 = CARTESIAN_POINT('',(14.071759332188,6.919467176134,
    4.271742542526));
#4186 = CARTESIAN_POINT('',(13.128384102504,6.593567060709,
    2.590911236496));
#4187 = CARTESIAN_POINT('',(14.181121166077,6.968904081976,
    3.371596476155));
#4188 = CARTESIAN_POINT('',(13.260093521188,6.670711373806,
    1.759131157394));
#4189 = CARTESIAN_POINT('',(14.228279568613,7.018926648279,
    2.466120885791));
#4190 = CARTESIAN_POINT('',(13.332199825789,6.751957742685,
    0.876424223102));
#4191 = CARTESIAN_POINT('',(14.212545871563,7.072222040098,
    1.512529932211));
#4192 = CARTESIAN_POINT('',(13.334117555862,6.833204111564,
    -6.716779539204E-03));
#4193 = CARTESIAN_POINT('',(14.128757800736,7.126142666725,
    0.564742337892));
#4194 = CARTESIAN_POINT('',(13.33403545355,6.837306167346,
    -5.130598027302E-02));
#4195 = CARTESIAN_POINT('',(14.124354047524,7.128866661528,0.51690497397
    ));
#4196 = CARTESIAN_POINT('',(13.333774424837,6.841408223128,
    -9.589449278812E-02));
#4197 = CARTESIAN_POINT('',(14.119777041742,7.131592244529,
    0.469083966477));
#4198 = CARTESIAN_POINT('',(13.324890218479,6.924244033711,
    -0.996270896222));
#4199 = CARTESIAN_POINT('',(14.023854060063,7.186663945527,
    -0.49625455285));
#4200 = CARTESIAN_POINT('',(13.243049847828,7.007079844294,
    -1.895634792731));
#4201 = CARTESIAN_POINT('',(13.857382260151,7.242380808001,
    -1.454288010951));
#4202 = CARTESIAN_POINT('',(13.099440406797,7.085813599095,
    -2.743202251285));
#4203 = CARTESIAN_POINT('',(13.636313916487,7.295899402705,
    -2.352777375933));
#4204 = CARTESIAN_POINT('',(12.890912437243,7.164547353896,
    -3.577173992229));
#4205 = CARTESIAN_POINT('',(13.353985223579,7.349940860711,
    -3.233845893369));
#4206 = CARTESIAN_POINT('',(12.350884359321,7.32101935347,
    -5.195303831468));
#4207 = CARTESIAN_POINT('',(12.675447049064,7.458261863548,
    -4.940303416245));
#4208 = CARTESIAN_POINT('',(11.57096373418,7.477491353043,-6.71229711409
    ));
#4209 = CARTESIAN_POINT('',(11.773748763727,7.568107200911,
    -6.539875758982));
#4210 = CARTESIAN_POINT('',(11.126644932123,7.555229597815,
    -7.435376088089));
#4211 = CARTESIAN_POINT('',(11.273186303306,7.622982063269,
    -7.30371272167));
#4212 = CARTESIAN_POINT('',(10.628573007367,7.632967842587,
    -8.122535057591));
#4213 = CARTESIAN_POINT('',(10.722962445818,7.678066455024,
    -8.032536684068));
#4214 = CARTESIAN_POINT('',(10.080490957297,7.71070608736,-8.76888125656
    ));
#4215 = CARTESIAN_POINT('',(10.126293831946,7.733255378911,
    -8.722509149603));
#4216 = CARTESIAN_POINT('',(9.486689546479,7.788444332132,
    -9.370073700131));
#4217 = CARTESIAN_POINT('',(9.486689609095,7.788444332603,-9.37007341649
    ));
#4218 = DEFINITIONAL_REPRESENTATION('',(#4219),#4223);
#4219 = LINE('',#4220,#4221);
#4220 = CARTESIAN_POINT('',(0.,0.));
#4221 = VECTOR('',#4222,1.);
#4222 = DIRECTION('',(0.,1.));
#4223 = ( GEOMETRIC_REPRESENTATION_CONTEXT(2) 
PARAMETRIC_REPRESENTATION_CONTEXT() REPRESENTATION_CONTEXT('2D SPACE',''
  ) );
#4224 = ORIENTED_EDGE('',*,*,#4225,.F.);
#4225 = EDGE_CURVE('',#2959,#4157,#4226,.T.);
#4226 = SURFACE_CURVE('',#4227,(#4318,#4325),.PCURVE_S1.);
#4227 = B_SPLINE_CURVE_WITH_KNOTS('',12,(#4228,#4229,#4230,#4231,#4232,
    #4233,#4234,#4235,#4236,#4237,#4238,#4239,#4240,#4241,#4242,#4243,
    #4244,#4245,#4246,#4247,#4248,#4249,#4250,#4251,#4252,#4253,#4254,
    #4255,#4256,#4257,#4258,#4259,#4260,#4261,#4262,#4263,#4264,#4265,
    #4266,#4267,#4268,#4269,#4270,#4271,#4272,#4273,#4274,#4275,#4276,
    #4277,#4278,#4279,#4280,#4281,#4282,#4283,#4284,#4285,#4286,#4287,
    #4288,#4289,#4290,#4291,#4292,#4293,#4294,#4295,#4296,#4297,#4298,
    #4299,#4300,#4301,#4302,#4303,#4304,#4305,#4306,#4307,#4308,#4309,
    #4310,#4311,#4312,#4313,#4314,#4315,#4316,#4317),.UNSPECIFIED.,.F.,
  .F.,(13,11,11,11,11,11,11,11,13),(0.,6.9426717666,13.885343533201,
    20.828015299801,27.770687066401,34.713358833002,41.656030599602,
    48.598702366202,55.541374132803),.UNSPECIFIED.);
#4228 = CARTESIAN_POINT('',(15.875,-28.40155566786,-3.375250708689E-15)
  );
#4229 = CARTESIAN_POINT('',(15.875,-28.03780566786,-7.142214548397));
#4230 = CARTESIAN_POINT('',(12.369561830694,-27.67405566786,
    -14.28440776095));
#4231 = CARTESIAN_POINT('',(5.358831372835,-27.31030566786,
    -19.53427398459));
#4232 = CARTESIAN_POINT('',(-4.02270410552,-26.94655566787,
    -20.99820134698));
#4233 = CARTESIAN_POINT('',(-13.50167660776,-26.58280566786,
    -17.55340474772));
#4234 = CARTESIAN_POINT('',(-20.27103949283,-26.21905566787,
    -9.597077130517));
#4235 = CARTESIAN_POINT('',(-22.13487192589,-25.85530566786,
    0.681714222646));
#4236 = CARTESIAN_POINT('',(-18.79169381106,-25.49155566787,
    10.197002100689));
#4237 = CARTESIAN_POINT('',(-11.71336978377,-25.12780566786,
    16.525795051845));
#4238 = CARTESIAN_POINT('',(-3.209225308349,-24.76405566786,
    18.621257688056));
#4239 = CARTESIAN_POINT('',(4.536996679767,-24.40030566786,
    16.806026144901));
#4240 = CARTESIAN_POINT('',(15.586011545197,-23.67280566786,
    7.752618768408));
#4241 = CARTESIAN_POINT('',(18.88877141596,-23.30905566786,
    0.514469980184));
#4242 = CARTESIAN_POINT('',(18.506176573795,-22.94530566786,
    -8.235676196065));
#4243 = CARTESIAN_POINT('',(13.692550012543,-22.58155566787,
    -16.4201303979));
#4244 = CARTESIAN_POINT('',(5.020267237424,-22.21780566786,
    -21.56882487116));
#4245 = CARTESIAN_POINT('',(-5.424349133446,-21.85405566787,
    -21.76224639245));
#4246 = CARTESIAN_POINT('',(-14.55628936539,-21.49030566786,
    -16.68926988727));
#4247 = CARTESIAN_POINT('',(-19.79747914617,-21.12655566787,
    -8.072572550641));
#4248 = CARTESIAN_POINT('',(-20.20659430204,-20.76280566786,
    1.41367623603));
#4249 = CARTESIAN_POINT('',(-16.43754717088,-20.39905566786,
    9.319732183354));
#4250 = CARTESIAN_POINT('',(-10.12394352733,-20.03530566786,
    14.16095410312));
#4251 = CARTESIAN_POINT('',(3.881689040532,-19.30780566786,
    16.969364862832));
#4252 = CARTESIAN_POINT('',(11.573676125994,-18.94405566788,
    14.936545313261));
#4253 = CARTESIAN_POINT('',(18.09943277886,-18.58030566783,
    9.094804388884));
#4254 = CARTESIAN_POINT('',(21.379258217093,-18.21655566793,
    0.184190698084));
#4255 = CARTESIAN_POINT('',(19.865322523533,-17.85280566778,
    -9.787045034076));
#4256 = CARTESIAN_POINT('',(13.395182974393,-17.48905566796,
    -17.98855204418));
#4257 = CARTESIAN_POINT('',(3.683449524487,-17.12530566778,
    -21.83688368474));
#4258 = CARTESIAN_POINT('',(-6.303413949167,-16.76155566792,
    -20.42972297205));
#4259 = CARTESIAN_POINT('',(-13.90032869419,-16.39780566784,
    -14.73383168019));
#4260 = CARTESIAN_POINT('',(-17.6268626865,-16.03405566787,
    -6.807648404266));
#4261 = CARTESIAN_POINT('',(-17.370017081,-15.67030566786,1.144272808825
    ));
#4262 = CARTESIAN_POINT('',(-10.66561718366,-14.94280566787,
    13.757596583227));
#4263 = CARTESIAN_POINT('',(-4.218082919774,-14.57905566786,
    18.41896146493));
#4264 = CARTESIAN_POINT('',(4.436502775807,-14.21530566788,
    19.764169016366));
#4265 = CARTESIAN_POINT('',(13.407606771612,-13.85155566784,
    16.653608881802));
#4266 = CARTESIAN_POINT('',(20.16083818176,-13.48780566789,
    9.162853991292));
#4267 = CARTESIAN_POINT('',(22.403963443486,-13.12405566783,
    -1.039881528244));
#4268 = CARTESIAN_POINT('',(19.225397086633,-12.76030566789,
    -10.99096885257));
#4269 = CARTESIAN_POINT('',(11.807327918299,-12.39655566785,
    -17.8239618368));
#4270 = CARTESIAN_POINT('',(2.586661789047,-12.03280566787,
    -20.09014969024));
#4271 = CARTESIAN_POINT('',(-5.90610655009,-11.66905566786,
    -17.94904650346));
#4272 = CARTESIAN_POINT('',(-11.89413499794,-11.30530566786,
    -12.71048410982));
#4273 = CARTESIAN_POINT('',(-17.401330131,-10.57780566787,0.469641700945
    ));
#4274 = CARTESIAN_POINT('',(-16.92048036463,-10.21405566785,
    8.411165745282));
#4275 = CARTESIAN_POINT('',(-12.47576148132,-9.850305667905,
    15.958079748128));
#4276 = CARTESIAN_POINT('',(-4.383895612933,-9.486555667798,
    20.925775192027));
#4277 = CARTESIAN_POINT('',(5.690375905142,-9.122805667965,
    21.401796922483));
#4278 = CARTESIAN_POINT('',(15.003881003156,-8.759055667766,
    16.67040750603));
#4279 = CARTESIAN_POINT('',(20.686492126142,-8.395305667952,
    7.904829724252));
#4280 = CARTESIAN_POINT('',(21.270277370518,-8.031555667815,
    -2.163771871545));
#4281 = CARTESIAN_POINT('',(17.179158077284,-7.667805667893,
    -10.73226264787));
#4282 = CARTESIAN_POINT('',(10.140334769331,-7.304055667859,
    -15.94440264577));
#4283 = CARTESIAN_POINT('',(2.29311778069,-6.94030566787,-17.25596895277
    ));
#4284 = CARTESIAN_POINT('',(-11.39215348414,-6.212805667867,
    -13.16228295734));
#4285 = CARTESIAN_POINT('',(-17.23016687852,-5.849055667872,
    -7.757042883912));
#4286 = CARTESIAN_POINT('',(-20.25066661211,-5.48530566786,
    0.464150355397));
#4287 = CARTESIAN_POINT('',(-18.96459369927,-5.121555667878,
    9.871716869496));
#4288 = CARTESIAN_POINT('',(-12.94776850348,-4.757805667858,
    17.965872654482));
#4289 = CARTESIAN_POINT('',(-3.385177879242,-4.394055667876,
    22.171141204192));
#4290 = CARTESIAN_POINT('',(6.996615587413,-4.030305667862,
    21.011060415367));
#4291 = CARTESIAN_POINT('',(15.154685717853,-3.666555667872,
    15.081183936406));
#4292 = CARTESIAN_POINT('',(19.189485567632,-3.302805667866,
    6.486029404551));
#4293 = CARTESIAN_POINT('',(18.759904343294,-2.939055667869,
    -2.261935895467));
#4294 = CARTESIAN_POINT('',(14.800870617574,-2.575305667867,
    -9.163028026648));
#4295 = CARTESIAN_POINT('',(2.960738114534,-1.84780566787,
    -17.15403402912));
#4296 = CARTESIAN_POINT('',(-4.920325292944,-1.484055667859,
    -18.243924029));
#4297 = CARTESIAN_POINT('',(-13.19380266332,-1.120305667894,
    -15.36972690285));
#4298 = CARTESIAN_POINT('',(-19.65545399299,-0.756555667818,
    -8.41247504964));
#4299 = CARTESIAN_POINT('',(-22.10285162733,-0.392805667937,
    1.371582806236));
#4300 = CARTESIAN_POINT('',(-19.29490225087,-2.905566779582E-02,
    11.433533080445));
#4301 = CARTESIAN_POINT('',(-11.81764469226,0.334694332073,
    18.728602814483));
#4302 = CARTESIAN_POINT('',(-2.060333096702,0.698444332169,
    21.280545943688));
#4303 = CARTESIAN_POINT('',(7.145262452507,1.062194332114,
    18.953895596209));
#4304 = CARTESIAN_POINT('',(13.639552436942,1.425944332137,
    13.077192905381));
#4305 = CARTESIAN_POINT('',(16.46833363185,1.789694332132,5.640996458551
    ));
#4306 = CARTESIAN_POINT('',(15.145158676627,2.51719433213,
    -8.582017380261));
#4307 = CARTESIAN_POINT('',(10.993206479196,2.880944332147,
    -15.36879228405));
#4308 = CARTESIAN_POINT('',(3.526320186111,3.24469433209,-19.94667891484
    ));
#4309 = CARTESIAN_POINT('',(-5.950484245043,3.608444332211,
    -20.53529511308));
#4310 = CARTESIAN_POINT('',(-15.06960882518,3.972194332024,
    -16.22726653844));
#4311 = CARTESIAN_POINT('',(-21.07286789674,4.335944332246,
    -7.678096781058));
#4312 = CARTESIAN_POINT('',(-21.97655645937,4.699694332038,
    2.729149252581));
#4313 = CARTESIAN_POINT('',(-17.76634555098,5.063444332193,
    11.893846051377));
#4314 = CARTESIAN_POINT('',(-10.13221469511,5.427194332101,
    17.539759381458));
#4315 = CARTESIAN_POINT('',(-1.470529485123,5.790944332144,
    18.838468833691));
#4316 = CARTESIAN_POINT('',(6.074242020232,6.154694332129,
    16.313504759401));
#4317 = CARTESIAN_POINT('',(11.155685893578,6.518444332132,
    11.294525100412));
#4318 = PCURVE('',#1139,#4319);
#4319 = DEFINITIONAL_REPRESENTATION('',(#4320),#4324);
#4320 = LINE('',#4321,#4322);
#4321 = CARTESIAN_POINT('',(0.,1.));
#4322 = VECTOR('',#4323,1.);
#4323 = DIRECTION('',(1.,0.));
#4324 = ( GEOMETRIC_REPRESENTATION_CONTEXT(2) 
PARAMETRIC_REPRESENTATION_CONTEXT() REPRESENTATION_CONTEXT('2D SPACE',''
  ) );
#4325 = PCURVE('',#4326,#4507);
#4326 = B_SPLINE_SURFACE_WITH_KNOTS('',12,1,(
    (#4327,#4328)
    ,(#4329,#4330)
    ,(#4331,#4332)
    ,(#4333,#4334)
    ,(#4335,#4336)
    ,(#4337,#4338)
    ,(#4339,#4340)
    ,(#4341,#4342)
    ,(#4343,#4344)
    ,(#4345,#4346)
    ,(#4347,#4348)
    ,(#4349,#4350)
    ,(#4351,#4352)
    ,(#4353,#4354)
    ,(#4355,#4356)
    ,(#4357,#4358)
    ,(#4359,#4360)
    ,(#4361,#4362)
    ,(#4363,#4364)
    ,(#4365,#4366)
    ,(#4367,#4368)
    ,(#4369,#4370)
    ,(#4371,#4372)
    ,(#4373,#4374)
    ,(#4375,#4376)
    ,(#4377,#4378)
    ,(#4379,#4380)
    ,(#4381,#4382)
    ,(#4383,#4384)
    ,(#4385,#4386)
    ,(#4387,#4388)
    ,(#4389,#4390)
    ,(#4391,#4392)
    ,(#4393,#4394)
    ,(#4395,#4396)
    ,(#4397,#4398)
    ,(#4399,#4400)
    ,(#4401,#4402)
    ,(#4403,#4404)
    ,(#4405,#4406)
    ,(#4407,#4408)
    ,(#4409,#4410)
    ,(#4411,#4412)
    ,(#4413,#4414)
    ,(#4415,#4416)
    ,(#4417,#4418)
    ,(#4419,#4420)
    ,(#4421,#4422)
    ,(#4423,#4424)
    ,(#4425,#4426)
    ,(#4427,#4428)
    ,(#4429,#4430)
    ,(#4431,#4432)
    ,(#4433,#4434)
    ,(#4435,#4436)
    ,(#4437,#4438)
    ,(#4439,#4440)
    ,(#4441,#4442)
    ,(#4443,#4444)
    ,(#4445,#4446)
    ,(#4447,#4448)
    ,(#4449,#4450)
    ,(#4451,#4452)
    ,(#4453,#4454)
    ,(#4455,#4456)
    ,(#4457,#4458)
    ,(#4459,#4460)
    ,(#4461,#4462)
    ,(#4463,#4464)
    ,(#4465,#4466)
    ,(#4467,#4468)
    ,(#4469,#4470)
    ,(#4471,#4472)
    ,(#4473,#4474)
    ,(#4475,#4476)
    ,(#4477,#4478)
    ,(#4479,#4480)
    ,(#4481,#4482)
    ,(#4483,#4484)
    ,(#4485,#4486)
    ,(#4487,#4488)
    ,(#4489,#4490)
    ,(#4491,#4492)
    ,(#4493,#4494)
    ,(#4495,#4496)
    ,(#4497,#4498)
    ,(#4499,#4500)
    ,(#4501,#4502)
    ,(#4503,#4504)
    ,(#4505,#4506
    )),.UNSPECIFIED.,.F.,.F.,.F.,(13,11,11,11,11,11,11,11,13),(2,2),(0.,
    6.9426717666,13.885343533201,20.828015299801,27.770687066401,
    34.713358833002,41.656030599602,48.598702366202,55.541374132803),(0.
    ,1.),.UNSPECIFIED.);
#4327 = CARTESIAN_POINT('',(15.875,-28.40155566786,-3.375250708689E-15)
  );
#4328 = CARTESIAN_POINT('',(15.875,-26.51844433213,-3.166183352402E-15)
  );
#4329 = CARTESIAN_POINT('',(15.875,-28.03780566786,-7.142214548397));
#4330 = CARTESIAN_POINT('',(15.875,-26.15469433213,-7.142214548397));
#4331 = CARTESIAN_POINT('',(12.369561830694,-27.67405566786,
    -14.28440776095));
#4332 = CARTESIAN_POINT('',(12.369561830694,-25.79094433213,
    -14.28440776095));
#4333 = CARTESIAN_POINT('',(5.358831372835,-27.31030566786,
    -19.53427398459));
#4334 = CARTESIAN_POINT('',(5.358831372835,-25.42719433213,
    -19.53427398459));
#4335 = CARTESIAN_POINT('',(-4.02270410552,-26.94655566787,
    -20.99820134698));
#4336 = CARTESIAN_POINT('',(-4.02270410552,-25.06344433213,
    -20.99820134698));
#4337 = CARTESIAN_POINT('',(-13.50167660776,-26.58280566786,
    -17.55340474772));
#4338 = CARTESIAN_POINT('',(-13.50167660776,-24.69969433212,
    -17.55340474772));
#4339 = CARTESIAN_POINT('',(-20.27103949283,-26.21905566787,
    -9.597077130517));
#4340 = CARTESIAN_POINT('',(-20.27103949283,-24.33594433213,
    -9.597077130517));
#4341 = CARTESIAN_POINT('',(-22.13487192589,-25.85530566786,
    0.681714222646));
#4342 = CARTESIAN_POINT('',(-22.13487192589,-23.97219433212,
    0.681714222646));
#4343 = CARTESIAN_POINT('',(-18.79169381106,-25.49155566787,
    10.197002100689));
#4344 = CARTESIAN_POINT('',(-18.79169381106,-23.60844433213,
    10.197002100689));
#4345 = CARTESIAN_POINT('',(-11.71336978377,-25.12780566786,
    16.525795051845));
#4346 = CARTESIAN_POINT('',(-11.71336978377,-23.24469433213,
    16.525795051845));
#4347 = CARTESIAN_POINT('',(-3.209225308349,-24.76405566786,
    18.621257688056));
#4348 = CARTESIAN_POINT('',(-3.209225308349,-22.88094433213,
    18.621257688056));
#4349 = CARTESIAN_POINT('',(4.536996679767,-24.40030566786,
    16.806026144901));
#4350 = CARTESIAN_POINT('',(4.536996679767,-22.51719433213,
    16.806026144901));
#4351 = CARTESIAN_POINT('',(15.586011545197,-23.67280566786,
    7.752618768408));
#4352 = CARTESIAN_POINT('',(15.586011545197,-21.78969433213,
    7.752618768408));
#4353 = CARTESIAN_POINT('',(18.88877141596,-23.30905566786,
    0.514469980184));
#4354 = CARTESIAN_POINT('',(18.88877141596,-21.42594433213,
    0.514469980184));
#4355 = CARTESIAN_POINT('',(18.506176573795,-22.94530566786,
    -8.235676196065));
#4356 = CARTESIAN_POINT('',(18.506176573795,-21.06219433213,
    -8.235676196065));
#4357 = CARTESIAN_POINT('',(13.692550012543,-22.58155566787,
    -16.4201303979));
#4358 = CARTESIAN_POINT('',(13.692550012543,-20.69844433213,
    -16.4201303979));
#4359 = CARTESIAN_POINT('',(5.020267237424,-22.21780566786,
    -21.56882487116));
#4360 = CARTESIAN_POINT('',(5.020267237424,-20.33469433212,
    -21.56882487116));
#4361 = CARTESIAN_POINT('',(-5.424349133446,-21.85405566787,
    -21.76224639245));
#4362 = CARTESIAN_POINT('',(-5.424349133446,-19.97094433214,
    -21.76224639245));
#4363 = CARTESIAN_POINT('',(-14.55628936539,-21.49030566786,
    -16.68926988727));
#4364 = CARTESIAN_POINT('',(-14.55628936539,-19.60719433212,
    -16.68926988727));
#4365 = CARTESIAN_POINT('',(-19.79747914617,-21.12655566787,
    -8.072572550641));
#4366 = CARTESIAN_POINT('',(-19.79747914617,-19.24344433213,
    -8.072572550641));
#4367 = CARTESIAN_POINT('',(-20.20659430204,-20.76280566786,
    1.41367623603));
#4368 = CARTESIAN_POINT('',(-20.20659430204,-18.87969433213,
    1.41367623603));
#4369 = CARTESIAN_POINT('',(-16.43754717088,-20.39905566786,
    9.319732183354));
#4370 = CARTESIAN_POINT('',(-16.43754717088,-18.51594433213,
    9.319732183354));
#4371 = CARTESIAN_POINT('',(-10.12394352733,-20.03530566786,
    14.16095410312));
#4372 = CARTESIAN_POINT('',(-10.12394352733,-18.15219433213,
    14.16095410312));
#4373 = CARTESIAN_POINT('',(3.881689040532,-19.30780566786,
    16.969364862832));
#4374 = CARTESIAN_POINT('',(3.881689040532,-17.42469433213,
    16.969364862832));
#4375 = CARTESIAN_POINT('',(11.573676125994,-18.94405566788,
    14.936545313261));
#4376 = CARTESIAN_POINT('',(11.573676125994,-17.06094433214,
    14.936545313261));
#4377 = CARTESIAN_POINT('',(18.09943277886,-18.58030566783,
    9.094804388884));
#4378 = CARTESIAN_POINT('',(18.09943277886,-16.69719433209,
    9.094804388884));
#4379 = CARTESIAN_POINT('',(21.379258217093,-18.21655566793,
    0.184190698084));
#4380 = CARTESIAN_POINT('',(21.379258217093,-16.33344433219,
    0.184190698084));
#4381 = CARTESIAN_POINT('',(19.865322523533,-17.85280566778,
    -9.787045034076));
#4382 = CARTESIAN_POINT('',(19.865322523533,-15.96969433204,
    -9.787045034076));
#4383 = CARTESIAN_POINT('',(13.395182974393,-17.48905566796,
    -17.98855204418));
#4384 = CARTESIAN_POINT('',(13.395182974393,-15.60594433222,
    -17.98855204418));
#4385 = CARTESIAN_POINT('',(3.683449524487,-17.12530566778,
    -21.83688368474));
#4386 = CARTESIAN_POINT('',(3.683449524487,-15.24219433205,
    -21.83688368474));
#4387 = CARTESIAN_POINT('',(-6.303413949167,-16.76155566792,
    -20.42972297205));
#4388 = CARTESIAN_POINT('',(-6.303413949167,-14.87844433218,
    -20.42972297205));
#4389 = CARTESIAN_POINT('',(-13.90032869419,-16.39780566784,
    -14.73383168019));
#4390 = CARTESIAN_POINT('',(-13.90032869419,-14.5146943321,
    -14.73383168019));
#4391 = CARTESIAN_POINT('',(-17.6268626865,-16.03405566787,
    -6.807648404266));
#4392 = CARTESIAN_POINT('',(-17.6268626865,-14.15094433214,
    -6.807648404266));
#4393 = CARTESIAN_POINT('',(-17.370017081,-15.67030566786,1.144272808825
    ));
#4394 = CARTESIAN_POINT('',(-17.370017081,-13.78719433213,1.144272808825
    ));
#4395 = CARTESIAN_POINT('',(-10.66561718366,-14.94280566787,
    13.757596583227));
#4396 = CARTESIAN_POINT('',(-10.66561718366,-13.05969433213,
    13.757596583227));
#4397 = CARTESIAN_POINT('',(-4.218082919774,-14.57905566786,
    18.41896146493));
#4398 = CARTESIAN_POINT('',(-4.218082919774,-12.69594433212,
    18.41896146493));
#4399 = CARTESIAN_POINT('',(4.436502775807,-14.21530566788,
    19.764169016366));
#4400 = CARTESIAN_POINT('',(4.436502775807,-12.33219433214,
    19.764169016366));
#4401 = CARTESIAN_POINT('',(13.407606771612,-13.85155566784,
    16.653608881802));
#4402 = CARTESIAN_POINT('',(13.407606771612,-11.9684443321,
    16.653608881802));
#4403 = CARTESIAN_POINT('',(20.16083818176,-13.48780566789,
    9.162853991292));
#4404 = CARTESIAN_POINT('',(20.16083818176,-11.60469433216,
    9.162853991292));
#4405 = CARTESIAN_POINT('',(22.403963443486,-13.12405566783,
    -1.039881528244));
#4406 = CARTESIAN_POINT('',(22.403963443486,-11.24094433209,
    -1.039881528244));
#4407 = CARTESIAN_POINT('',(19.225397086633,-12.76030566789,
    -10.99096885257));
#4408 = CARTESIAN_POINT('',(19.225397086633,-10.87719433216,
    -10.99096885257));
#4409 = CARTESIAN_POINT('',(11.807327918299,-12.39655566785,
    -17.8239618368));
#4410 = CARTESIAN_POINT('',(11.807327918299,-10.51344433211,
    -17.8239618368));
#4411 = CARTESIAN_POINT('',(2.586661789047,-12.03280566787,
    -20.09014969024));
#4412 = CARTESIAN_POINT('',(2.586661789047,-10.14969433214,
    -20.09014969024));
#4413 = CARTESIAN_POINT('',(-5.90610655009,-11.66905566786,
    -17.94904650346));
#4414 = CARTESIAN_POINT('',(-5.90610655009,-9.78594433213,
    -17.94904650346));
#4415 = CARTESIAN_POINT('',(-11.89413499794,-11.30530566786,
    -12.71048410982));
#4416 = CARTESIAN_POINT('',(-11.89413499794,-9.422194332131,
    -12.71048410982));
#4417 = CARTESIAN_POINT('',(-17.401330131,-10.57780566787,0.469641700945
    ));
#4418 = CARTESIAN_POINT('',(-17.401330131,-8.694694332134,0.469641700945
    ));
#4419 = CARTESIAN_POINT('',(-16.92048036463,-10.21405566785,
    8.411165745282));
#4420 = CARTESIAN_POINT('',(-16.92048036463,-8.330944332119,
    8.411165745282));
#4421 = CARTESIAN_POINT('',(-12.47576148132,-9.850305667905,
    15.958079748128));
#4422 = CARTESIAN_POINT('',(-12.47576148132,-7.967194332169,
    15.958079748128));
#4423 = CARTESIAN_POINT('',(-4.383895612933,-9.486555667798,
    20.925775192027));
#4424 = CARTESIAN_POINT('',(-4.383895612933,-7.603444332062,
    20.925775192027));
#4425 = CARTESIAN_POINT('',(5.690375905142,-9.122805667965,
    21.401796922483));
#4426 = CARTESIAN_POINT('',(5.690375905142,-7.239694332228,
    21.401796922483));
#4427 = CARTESIAN_POINT('',(15.003881003156,-8.759055667766,
    16.67040750603));
#4428 = CARTESIAN_POINT('',(15.003881003156,-6.87594433203,
    16.67040750603));
#4429 = CARTESIAN_POINT('',(20.686492126142,-8.395305667952,
    7.904829724252));
#4430 = CARTESIAN_POINT('',(20.686492126142,-6.512194332216,
    7.904829724252));
#4431 = CARTESIAN_POINT('',(21.270277370518,-8.031555667815,
    -2.163771871545));
#4432 = CARTESIAN_POINT('',(21.270277370518,-6.148444332079,
    -2.163771871545));
#4433 = CARTESIAN_POINT('',(17.179158077284,-7.667805667893,
    -10.73226264787));
#4434 = CARTESIAN_POINT('',(17.179158077284,-5.784694332157,
    -10.73226264787));
#4435 = CARTESIAN_POINT('',(10.140334769331,-7.304055667859,
    -15.94440264577));
#4436 = CARTESIAN_POINT('',(10.140334769331,-5.420944332123,
    -15.94440264577));
#4437 = CARTESIAN_POINT('',(2.29311778069,-6.94030566787,-17.25596895277
    ));
#4438 = CARTESIAN_POINT('',(2.29311778069,-5.057194332134,
    -17.25596895277));
#4439 = CARTESIAN_POINT('',(-11.39215348414,-6.212805667867,
    -13.16228295734));
#4440 = CARTESIAN_POINT('',(-11.39215348414,-4.329694332131,
    -13.16228295734));
#4441 = CARTESIAN_POINT('',(-17.23016687852,-5.849055667872,
    -7.757042883912));
#4442 = CARTESIAN_POINT('',(-17.23016687852,-3.965944332136,
    -7.757042883912));
#4443 = CARTESIAN_POINT('',(-20.25066661211,-5.48530566786,
    0.464150355397));
#4444 = CARTESIAN_POINT('',(-20.25066661211,-3.602194332124,
    0.464150355397));
#4445 = CARTESIAN_POINT('',(-18.96459369927,-5.121555667878,
    9.871716869496));
#4446 = CARTESIAN_POINT('',(-18.96459369927,-3.238444332142,
    9.871716869496));
#4447 = CARTESIAN_POINT('',(-12.94776850348,-4.757805667858,
    17.965872654482));
#4448 = CARTESIAN_POINT('',(-12.94776850348,-2.874694332122,
    17.965872654482));
#4449 = CARTESIAN_POINT('',(-3.385177879242,-4.394055667876,
    22.171141204192));
#4450 = CARTESIAN_POINT('',(-3.385177879242,-2.51094433214,
    22.171141204192));
#4451 = CARTESIAN_POINT('',(6.996615587413,-4.030305667862,
    21.011060415367));
#4452 = CARTESIAN_POINT('',(6.996615587413,-2.147194332126,
    21.011060415367));
#4453 = CARTESIAN_POINT('',(15.154685717853,-3.666555667872,
    15.081183936406));
#4454 = CARTESIAN_POINT('',(15.154685717853,-1.783444332136,
    15.081183936406));
#4455 = CARTESIAN_POINT('',(19.189485567632,-3.302805667866,
    6.486029404551));
#4456 = CARTESIAN_POINT('',(19.189485567632,-1.41969433213,
    6.486029404551));
#4457 = CARTESIAN_POINT('',(18.759904343294,-2.939055667869,
    -2.261935895467));
#4458 = CARTESIAN_POINT('',(18.759904343294,-1.055944332133,
    -2.261935895467));
#4459 = CARTESIAN_POINT('',(14.800870617574,-2.575305667867,
    -9.163028026648));
#4460 = CARTESIAN_POINT('',(14.800870617574,-0.692194332131,
    -9.163028026648));
#4461 = CARTESIAN_POINT('',(2.960738114534,-1.84780566787,
    -17.15403402912));
#4462 = CARTESIAN_POINT('',(2.960738114534,3.530566786641E-02,
    -17.15403402912));
#4463 = CARTESIAN_POINT('',(-4.920325292944,-1.484055667859,
    -18.243924029));
#4464 = CARTESIAN_POINT('',(-4.920325292944,0.399055667877,-18.243924029
    ));
#4465 = CARTESIAN_POINT('',(-13.19380266332,-1.120305667894,
    -15.36972690285));
#4466 = CARTESIAN_POINT('',(-13.19380266332,0.762805667842,
    -15.36972690285));
#4467 = CARTESIAN_POINT('',(-19.65545399299,-0.756555667818,
    -8.41247504964));
#4468 = CARTESIAN_POINT('',(-19.65545399299,1.126555667918,
    -8.41247504964));
#4469 = CARTESIAN_POINT('',(-22.10285162733,-0.392805667937,
    1.371582806236));
#4470 = CARTESIAN_POINT('',(-22.10285162733,1.490305667799,
    1.371582806236));
#4471 = CARTESIAN_POINT('',(-19.29490225087,-2.905566779582E-02,
    11.433533080445));
#4472 = CARTESIAN_POINT('',(-19.29490225087,1.85405566794,
    11.433533080445));
#4473 = CARTESIAN_POINT('',(-11.81764469226,0.334694332073,
    18.728602814483));
#4474 = CARTESIAN_POINT('',(-11.81764469226,2.217805667809,
    18.728602814483));
#4475 = CARTESIAN_POINT('',(-2.060333096702,0.698444332169,
    21.280545943688));
#4476 = CARTESIAN_POINT('',(-2.060333096702,2.581555667905,
    21.280545943688));
#4477 = CARTESIAN_POINT('',(7.145262452507,1.062194332114,
    18.953895596209));
#4478 = CARTESIAN_POINT('',(7.145262452507,2.94530566785,18.953895596209
    ));
#4479 = CARTESIAN_POINT('',(13.639552436942,1.425944332137,
    13.077192905381));
#4480 = CARTESIAN_POINT('',(13.639552436942,3.309055667873,
    13.077192905381));
#4481 = CARTESIAN_POINT('',(16.46833363185,1.789694332132,5.640996458551
    ));
#4482 = CARTESIAN_POINT('',(16.46833363185,3.672805667868,5.640996458551
    ));
#4483 = CARTESIAN_POINT('',(15.145158676627,2.51719433213,
    -8.582017380261));
#4484 = CARTESIAN_POINT('',(15.145158676627,4.400305667866,
    -8.582017380261));
#4485 = CARTESIAN_POINT('',(10.993206479196,2.880944332147,
    -15.36879228405));
#4486 = CARTESIAN_POINT('',(10.993206479196,4.764055667883,
    -15.36879228405));
#4487 = CARTESIAN_POINT('',(3.526320186111,3.24469433209,-19.94667891484
    ));
#4488 = CARTESIAN_POINT('',(3.526320186111,5.127805667826,
    -19.94667891484));
#4489 = CARTESIAN_POINT('',(-5.950484245043,3.608444332211,
    -20.53529511308));
#4490 = CARTESIAN_POINT('',(-5.950484245043,5.491555667947,
    -20.53529511308));
#4491 = CARTESIAN_POINT('',(-15.06960882518,3.972194332024,
    -16.22726653844));
#4492 = CARTESIAN_POINT('',(-15.06960882518,5.85530566776,
    -16.22726653844));
#4493 = CARTESIAN_POINT('',(-21.07286789674,4.335944332246,
    -7.678096781058));
#4494 = CARTESIAN_POINT('',(-21.07286789674,6.219055667982,
    -7.678096781058));
#4495 = CARTESIAN_POINT('',(-21.97655645937,4.699694332038,
    2.729149252581));
#4496 = CARTESIAN_POINT('',(-21.97655645937,6.582805667774,
    2.729149252581));
#4497 = CARTESIAN_POINT('',(-17.76634555098,5.063444332193,
    11.893846051377));
#4498 = CARTESIAN_POINT('',(-17.76634555098,6.946555667929,
    11.893846051377));
#4499 = CARTESIAN_POINT('',(-10.13221469511,5.427194332101,
    17.539759381458));
#4500 = CARTESIAN_POINT('',(-10.13221469511,7.310305667837,
    17.539759381458));
#4501 = CARTESIAN_POINT('',(-1.470529485123,5.790944332144,
    18.838468833691));
#4502 = CARTESIAN_POINT('',(-1.470529485123,7.67405566788,
    18.838468833691));
#4503 = CARTESIAN_POINT('',(6.074242020232,6.154694332129,
    16.313504759401));
#4504 = CARTESIAN_POINT('',(6.074242020232,8.037805667865,
    16.313504759401));
#4505 = CARTESIAN_POINT('',(11.155685893578,6.518444332132,
    11.294525100412));
#4506 = CARTESIAN_POINT('',(11.155685893578,8.401555667868,
    11.294525100412));
#4507 = DEFINITIONAL_REPRESENTATION('',(#4508),#4512);
#4508 = LINE('',#4509,#4510);
#4509 = CARTESIAN_POINT('',(0.,0.));
#4510 = VECTOR('',#4511,1.);
#4511 = DIRECTION('',(1.,0.));
#4512 = ( GEOMETRIC_REPRESENTATION_CONTEXT(2) 
PARAMETRIC_REPRESENTATION_CONTEXT() REPRESENTATION_CONTEXT('2D SPACE',''
  ) );
#4513 = ADVANCED_FACE('',(#4514),#1844,.F.);
#4514 = FACE_BOUND('',#4515,.F.);
#4515 = EDGE_LOOP('',(#4516,#4517,#4554));
#4516 = ORIENTED_EDGE('',*,*,#2958,.T.);
#4517 = ORIENTED_EDGE('',*,*,#4518,.T.);
#4518 = EDGE_CURVE('',#2959,#1601,#4519,.T.);
#4519 = SURFACE_CURVE('',#4520,(#4540,#4547),.PCURVE_S1.);
#4520 = B_SPLINE_CURVE_WITH_KNOTS('',6,(#4521,#4522,#4523,#4524,#4525,
    #4526,#4527,#4528,#4529,#4530,#4531,#4532,#4533,#4534,#4535,#4536,
    #4537,#4538,#4539),.UNSPECIFIED.,.F.,.F.,(7,4,4,4,7),(0.,
    0.25978587286,0.512773096416,0.757936471741,1.),.UNSPECIFIED.);
#4521 = CARTESIAN_POINT('',(15.875000000948,-28.40155566802,
    -9.399199907451E-09));
#4522 = CARTESIAN_POINT('',(15.720523971984,-28.45070756176,
    0.965095276477));
#4523 = CARTESIAN_POINT('',(15.493887927234,-28.50041765336,
    1.918611557191));
#4524 = CARTESIAN_POINT('',(15.196104642789,-28.55071762822,
    2.853792521268));
#4525 = CARTESIAN_POINT('',(14.829080330693,-28.60163719437,
    3.763993531418));
#4526 = CARTESIAN_POINT('',(13.973499683802,-28.70341729176,
    5.498793987165));
#4527 = CARTESIAN_POINT('',(12.873039526459,-28.80777603107,
    7.089055934502));
#4528 = CARTESIAN_POINT('',(12.273806206774,-28.85990657455,
    7.833106815904));
#4529 = CARTESIAN_POINT('',(11.622286669118,-28.91268748198,
    8.531729482487));
#4530 = CARTESIAN_POINT('',(10.245501349839,-29.0178866228,
    9.809553684382));
#4531 = CARTESIAN_POINT('',(8.703188117075,-29.12549214373,
    10.881016189748));
#4532 = CARTESIAN_POINT('',(7.90859412097,-29.17901073844,
    11.355120326946));
#4533 = CARTESIAN_POINT('',(7.0833455728,-29.23305219644,11.773397814986
    ));
#4534 = CARTESIAN_POINT('',(5.392436214275,-29.34137319928,
    12.48980333765));
#4535 = CARTESIAN_POINT('',(3.620752887222,-29.45121853664,
    12.972327602399));
#4536 = CARTESIAN_POINT('',(2.725553307614,-29.506093399,13.152958150815
    ));
#4537 = CARTESIAN_POINT('',(1.82036621707,-29.56117779076,13.27365194779
    ));
#4538 = CARTESIAN_POINT('',(0.910182974898,-29.61636671464,
    13.334000134544));
#4539 = CARTESIAN_POINT('',(3.38209238393E-09,-29.67155566834,
    13.333999983866));
#4540 = PCURVE('',#1844,#4541);
#4541 = DEFINITIONAL_REPRESENTATION('',(#4542),#4546);
#4542 = LINE('',#4543,#4544);
#4543 = CARTESIAN_POINT('',(0.,0.));
#4544 = VECTOR('',#4545,1.);
#4545 = DIRECTION('',(1.,0.));
#4546 = ( GEOMETRIC_REPRESENTATION_CONTEXT(2) 
PARAMETRIC_REPRESENTATION_CONTEXT() REPRESENTATION_CONTEXT('2D SPACE',''
  ) );
#4547 = PCURVE('',#2032,#4548);
#4548 = DEFINITIONAL_REPRESENTATION('',(#4549),#4553);
#4549 = LINE('',#4550,#4551);
#4550 = CARTESIAN_POINT('',(0.,1.));
#4551 = VECTOR('',#4552,1.);
#4552 = DIRECTION('',(1.,0.));
#4553 = ( GEOMETRIC_REPRESENTATION_CONTEXT(2) 
PARAMETRIC_REPRESENTATION_CONTEXT() REPRESENTATION_CONTEXT('2D SPACE',''
  ) );
#4554 = ORIENTED_EDGE('',*,*,#1600,.T.);
#4555 = ADVANCED_FACE('',(#4556),#2032,.F.);
#4556 = FACE_BOUND('',#4557,.F.);
#4557 = EDGE_LOOP('',(#4558,#4580,#4617,#4618));
#4558 = ORIENTED_EDGE('',*,*,#4559,.T.);
#4559 = EDGE_CURVE('',#2959,#4560,#4562,.T.);
#4560 = VERTEX_POINT('',#4561);
#4561 = CARTESIAN_POINT('',(15.875000000474,-26.5184443322,
    -4.699599655927E-09));
#4562 = SURFACE_CURVE('',#4563,(#4566,#4573),.PCURVE_S1.);
#4563 = B_SPLINE_CURVE_WITH_KNOTS('',1,(#4564,#4565),.UNSPECIFIED.,.F.,
  .F.,(2,2),(0.,1.),.PIECEWISE_BEZIER_KNOTS.);
#4564 = CARTESIAN_POINT('',(15.875,-28.40155566786,-3.375250708689E-15)
  );
#4565 = CARTESIAN_POINT('',(15.875,-26.51844433213,-3.166183352402E-15)
  );
#4566 = PCURVE('',#2032,#4567);
#4567 = DEFINITIONAL_REPRESENTATION('',(#4568),#4572);
#4568 = LINE('',#4569,#4570);
#4569 = CARTESIAN_POINT('',(0.,1.));
#4570 = VECTOR('',#4571,1.);
#4571 = DIRECTION('',(-0.,-1.));
#4572 = ( GEOMETRIC_REPRESENTATION_CONTEXT(2) 
PARAMETRIC_REPRESENTATION_CONTEXT() REPRESENTATION_CONTEXT('2D SPACE',''
  ) );
#4573 = PCURVE('',#4326,#4574);
#4574 = DEFINITIONAL_REPRESENTATION('',(#4575),#4579);
#4575 = LINE('',#4576,#4577);
#4576 = CARTESIAN_POINT('',(0.,0.));
#4577 = VECTOR('',#4578,1.);
#4578 = DIRECTION('',(0.,1.));
#4579 = ( GEOMETRIC_REPRESENTATION_CONTEXT(2) 
PARAMETRIC_REPRESENTATION_CONTEXT() REPRESENTATION_CONTEXT('2D SPACE',''
  ) );
#4580 = ORIENTED_EDGE('',*,*,#4581,.T.);
#4581 = EDGE_CURVE('',#4560,#2013,#4582,.T.);
#4582 = SURFACE_CURVE('',#4583,(#4603,#4610),.PCURVE_S1.);
#4583 = B_SPLINE_CURVE_WITH_KNOTS('',6,(#4584,#4585,#4586,#4587,#4588,
    #4589,#4590,#4591,#4592,#4593,#4594,#4595,#4596,#4597,#4598,#4599,
    #4600,#4601,#4602),.UNSPECIFIED.,.F.,.F.,(7,4,4,4,7),(0.,
    0.25978587286,0.512773096416,0.757936471741,1.),.UNSPECIFIED.);
#4584 = CARTESIAN_POINT('',(15.875000000948,-26.51844433228,
    -9.399199698384E-09));
#4585 = CARTESIAN_POINT('',(15.720523971984,-26.56759622602,
    0.965095276477));
#4586 = CARTESIAN_POINT('',(15.493887927234,-26.61730631762,
    1.918611557191));
#4587 = CARTESIAN_POINT('',(15.196104642789,-26.66760629248,
    2.853792521268));
#4588 = CARTESIAN_POINT('',(14.829080330693,-26.71852585863,
    3.763993531418));
#4589 = CARTESIAN_POINT('',(13.973499683802,-26.82030595602,
    5.498793987165));
#4590 = CARTESIAN_POINT('',(12.873039526459,-26.92466469534,
    7.089055934502));
#4591 = CARTESIAN_POINT('',(12.273806206774,-26.97679523881,
    7.833106815904));
#4592 = CARTESIAN_POINT('',(11.622286669118,-27.02957614625,
    8.531729482487));
#4593 = CARTESIAN_POINT('',(10.245501349839,-27.13477528706,
    9.809553684382));
#4594 = CARTESIAN_POINT('',(8.703188117075,-27.242380808,10.881016189748
    ));
#4595 = CARTESIAN_POINT('',(7.90859412097,-27.2958994027,11.355120326946
    ));
#4596 = CARTESIAN_POINT('',(7.0833455728,-27.34994086071,11.773397814986
    ));
#4597 = CARTESIAN_POINT('',(5.392436214275,-27.45826186354,
    12.48980333765));
#4598 = CARTESIAN_POINT('',(3.620752887222,-27.56810720091,
    12.972327602399));
#4599 = CARTESIAN_POINT('',(2.725553307614,-27.62298206326,
    13.152958150815));
#4600 = CARTESIAN_POINT('',(1.82036621707,-27.67806645502,13.27365194779
    ));
#4601 = CARTESIAN_POINT('',(0.910182974898,-27.73325537891,
    13.334000134544));
#4602 = CARTESIAN_POINT('',(3.38209238393E-09,-27.7884443326,
    13.333999983866));
#4603 = PCURVE('',#2032,#4604);
#4604 = DEFINITIONAL_REPRESENTATION('',(#4605),#4609);
#4605 = LINE('',#4606,#4607);
#4606 = CARTESIAN_POINT('',(0.,0.));
#4607 = VECTOR('',#4608,1.);
#4608 = DIRECTION('',(1.,0.));
#4609 = ( GEOMETRIC_REPRESENTATION_CONTEXT(2) 
PARAMETRIC_REPRESENTATION_CONTEXT() REPRESENTATION_CONTEXT('2D SPACE',''
  ) );
#4610 = PCURVE('',#2346,#4611);
#4611 = DEFINITIONAL_REPRESENTATION('',(#4612),#4616);
#4612 = LINE('',#4613,#4614);
#4613 = CARTESIAN_POINT('',(0.,1.));
#4614 = VECTOR('',#4615,1.);
#4615 = DIRECTION('',(1.,0.));
#4616 = ( GEOMETRIC_REPRESENTATION_CONTEXT(2) 
PARAMETRIC_REPRESENTATION_CONTEXT() REPRESENTATION_CONTEXT('2D SPACE',''
  ) );
#4617 = ORIENTED_EDGE('',*,*,#2012,.T.);
#4618 = ORIENTED_EDGE('',*,*,#4518,.F.);
#4619 = ADVANCED_FACE('',(#4620),#2346,.F.);
#4620 = FACE_BOUND('',#4621,.F.);
#4621 = EDGE_LOOP('',(#4622,#4642,#4643));
#4622 = ORIENTED_EDGE('',*,*,#4623,.T.);
#4623 = EDGE_CURVE('',#4560,#2081,#4624,.T.);
#4624 = SURFACE_CURVE('',#4625,(#4628,#4635),.PCURVE_S1.);
#4625 = B_SPLINE_CURVE_WITH_KNOTS('',1,(#4626,#4627),.UNSPECIFIED.,.F.,
  .F.,(2,2),(0.,1.),.PIECEWISE_BEZIER_KNOTS.);
#4626 = CARTESIAN_POINT('',(15.875,-26.51844433213,-3.166183352402E-15)
  );
#4627 = CARTESIAN_POINT('',(13.334,-25.86155566786,-7.534146158935E-15)
  );
#4628 = PCURVE('',#2346,#4629);
#4629 = DEFINITIONAL_REPRESENTATION('',(#4630),#4634);
#4630 = LINE('',#4631,#4632);
#4631 = CARTESIAN_POINT('',(0.,1.));
#4632 = VECTOR('',#4633,1.);
#4633 = DIRECTION('',(-0.,-1.));
#4634 = ( GEOMETRIC_REPRESENTATION_CONTEXT(2) 
PARAMETRIC_REPRESENTATION_CONTEXT() REPRESENTATION_CONTEXT('2D SPACE',''
  ) );
#4635 = PCURVE('',#2637,#4636);
#4636 = DEFINITIONAL_REPRESENTATION('',(#4637),#4641);
#4637 = LINE('',#4638,#4639);
#4638 = CARTESIAN_POINT('',(0.,0.));
#4639 = VECTOR('',#4640,1.);
#4640 = DIRECTION('',(0.,1.));
#4641 = ( GEOMETRIC_REPRESENTATION_CONTEXT(2) 
PARAMETRIC_REPRESENTATION_CONTEXT() REPRESENTATION_CONTEXT('2D SPACE',''
  ) );
#4642 = ORIENTED_EDGE('',*,*,#2080,.F.);
#4643 = ORIENTED_EDGE('',*,*,#4581,.F.);
#4644 = ADVANCED_FACE('',(#4645),#2637,.F.);
#4645 = FACE_BOUND('',#4646,.F.);
#4646 = EDGE_LOOP('',(#4647,#4648,#4758,#4827,#4868,#5098,#5307,#5537,
    #5746,#5976,#6204));
#4647 = ORIENTED_EDGE('',*,*,#4623,.F.);
#4648 = ORIENTED_EDGE('',*,*,#4649,.T.);
#4649 = EDGE_CURVE('',#4560,#4650,#4652,.T.);
#4650 = VERTEX_POINT('',#4651);
#4651 = CARTESIAN_POINT('',(11.155685890567,8.401555667945,
    11.294525104051));
#4652 = SURFACE_CURVE('',#4653,(#4744,#4751),.PCURVE_S1.);
#4653 = B_SPLINE_CURVE_WITH_KNOTS('',12,(#4654,#4655,#4656,#4657,#4658,
    #4659,#4660,#4661,#4662,#4663,#4664,#4665,#4666,#4667,#4668,#4669,
    #4670,#4671,#4672,#4673,#4674,#4675,#4676,#4677,#4678,#4679,#4680,
    #4681,#4682,#4683,#4684,#4685,#4686,#4687,#4688,#4689,#4690,#4691,
    #4692,#4693,#4694,#4695,#4696,#4697,#4698,#4699,#4700,#4701,#4702,
    #4703,#4704,#4705,#4706,#4707,#4708,#4709,#4710,#4711,#4712,#4713,
    #4714,#4715,#4716,#4717,#4718,#4719,#4720,#4721,#4722,#4723,#4724,
    #4725,#4726,#4727,#4728,#4729,#4730,#4731,#4732,#4733,#4734,#4735,
    #4736,#4737,#4738,#4739,#4740,#4741,#4742,#4743),.UNSPECIFIED.,.F.,
  .F.,(13,11,11,11,11,11,11,11,13),(0.,6.9426717666,13.885343533201,
    20.828015299801,27.770687066401,34.713358833002,41.656030599602,
    48.598702366202,55.541374132803),.UNSPECIFIED.);
#4654 = CARTESIAN_POINT('',(15.875,-26.51844433213,-3.166183352402E-15)
  );
#4655 = CARTESIAN_POINT('',(15.875,-26.15469433213,-7.142214548397));
#4656 = CARTESIAN_POINT('',(12.369561830694,-25.79094433213,
    -14.28440776095));
#4657 = CARTESIAN_POINT('',(5.358831372835,-25.42719433213,
    -19.53427398459));
#4658 = CARTESIAN_POINT('',(-4.02270410552,-25.06344433213,
    -20.99820134698));
#4659 = CARTESIAN_POINT('',(-13.50167660776,-24.69969433212,
    -17.55340474772));
#4660 = CARTESIAN_POINT('',(-20.27103949283,-24.33594433213,
    -9.597077130517));
#4661 = CARTESIAN_POINT('',(-22.13487192589,-23.97219433212,
    0.681714222646));
#4662 = CARTESIAN_POINT('',(-18.79169381106,-23.60844433213,
    10.197002100689));
#4663 = CARTESIAN_POINT('',(-11.71336978377,-23.24469433213,
    16.525795051845));
#4664 = CARTESIAN_POINT('',(-3.209225308349,-22.88094433213,
    18.621257688056));
#4665 = CARTESIAN_POINT('',(4.536996679767,-22.51719433213,
    16.806026144901));
#4666 = CARTESIAN_POINT('',(15.586011545197,-21.78969433213,
    7.752618768408));
#4667 = CARTESIAN_POINT('',(18.88877141596,-21.42594433213,
    0.514469980184));
#4668 = CARTESIAN_POINT('',(18.506176573795,-21.06219433213,
    -8.235676196065));
#4669 = CARTESIAN_POINT('',(13.692550012543,-20.69844433213,
    -16.4201303979));
#4670 = CARTESIAN_POINT('',(5.020267237424,-20.33469433212,
    -21.56882487116));
#4671 = CARTESIAN_POINT('',(-5.424349133446,-19.97094433214,
    -21.76224639245));
#4672 = CARTESIAN_POINT('',(-14.55628936539,-19.60719433212,
    -16.68926988727));
#4673 = CARTESIAN_POINT('',(-19.79747914617,-19.24344433213,
    -8.072572550641));
#4674 = CARTESIAN_POINT('',(-20.20659430204,-18.87969433213,
    1.41367623603));
#4675 = CARTESIAN_POINT('',(-16.43754717088,-18.51594433213,
    9.319732183354));
#4676 = CARTESIAN_POINT('',(-10.12394352733,-18.15219433213,
    14.16095410312));
#4677 = CARTESIAN_POINT('',(3.881689040532,-17.42469433213,
    16.969364862832));
#4678 = CARTESIAN_POINT('',(11.573676125994,-17.06094433214,
    14.936545313261));
#4679 = CARTESIAN_POINT('',(18.09943277886,-16.69719433209,
    9.094804388884));
#4680 = CARTESIAN_POINT('',(21.379258217093,-16.33344433219,
    0.184190698084));
#4681 = CARTESIAN_POINT('',(19.865322523533,-15.96969433204,
    -9.787045034076));
#4682 = CARTESIAN_POINT('',(13.395182974393,-15.60594433222,
    -17.98855204418));
#4683 = CARTESIAN_POINT('',(3.683449524487,-15.24219433205,
    -21.83688368474));
#4684 = CARTESIAN_POINT('',(-6.303413949167,-14.87844433218,
    -20.42972297205));
#4685 = CARTESIAN_POINT('',(-13.90032869419,-14.5146943321,
    -14.73383168019));
#4686 = CARTESIAN_POINT('',(-17.6268626865,-14.15094433214,
    -6.807648404266));
#4687 = CARTESIAN_POINT('',(-17.370017081,-13.78719433213,1.144272808825
    ));
#4688 = CARTESIAN_POINT('',(-10.66561718366,-13.05969433213,
    13.757596583227));
#4689 = CARTESIAN_POINT('',(-4.218082919774,-12.69594433212,
    18.41896146493));
#4690 = CARTESIAN_POINT('',(4.436502775807,-12.33219433214,
    19.764169016366));
#4691 = CARTESIAN_POINT('',(13.407606771612,-11.9684443321,
    16.653608881802));
#4692 = CARTESIAN_POINT('',(20.16083818176,-11.60469433216,
    9.162853991292));
#4693 = CARTESIAN_POINT('',(22.403963443486,-11.24094433209,
    -1.039881528244));
#4694 = CARTESIAN_POINT('',(19.225397086633,-10.87719433216,
    -10.99096885257));
#4695 = CARTESIAN_POINT('',(11.807327918299,-10.51344433211,
    -17.8239618368));
#4696 = CARTESIAN_POINT('',(2.586661789047,-10.14969433214,
    -20.09014969024));
#4697 = CARTESIAN_POINT('',(-5.90610655009,-9.78594433213,
    -17.94904650346));
#4698 = CARTESIAN_POINT('',(-11.89413499794,-9.422194332131,
    -12.71048410982));
#4699 = CARTESIAN_POINT('',(-17.401330131,-8.694694332134,0.469641700945
    ));
#4700 = CARTESIAN_POINT('',(-16.92048036463,-8.330944332119,
    8.411165745282));
#4701 = CARTESIAN_POINT('',(-12.47576148132,-7.967194332169,
    15.958079748128));
#4702 = CARTESIAN_POINT('',(-4.383895612933,-7.603444332062,
    20.925775192027));
#4703 = CARTESIAN_POINT('',(5.690375905142,-7.239694332228,
    21.401796922483));
#4704 = CARTESIAN_POINT('',(15.003881003156,-6.87594433203,
    16.67040750603));
#4705 = CARTESIAN_POINT('',(20.686492126142,-6.512194332216,
    7.904829724252));
#4706 = CARTESIAN_POINT('',(21.270277370518,-6.148444332079,
    -2.163771871545));
#4707 = CARTESIAN_POINT('',(17.179158077284,-5.784694332157,
    -10.73226264787));
#4708 = CARTESIAN_POINT('',(10.140334769331,-5.420944332123,
    -15.94440264577));
#4709 = CARTESIAN_POINT('',(2.29311778069,-5.057194332134,
    -17.25596895277));
#4710 = CARTESIAN_POINT('',(-11.39215348414,-4.329694332131,
    -13.16228295734));
#4711 = CARTESIAN_POINT('',(-17.23016687852,-3.965944332136,
    -7.757042883912));
#4712 = CARTESIAN_POINT('',(-20.25066661211,-3.602194332124,
    0.464150355397));
#4713 = CARTESIAN_POINT('',(-18.96459369927,-3.238444332142,
    9.871716869496));
#4714 = CARTESIAN_POINT('',(-12.94776850348,-2.874694332122,
    17.965872654482));
#4715 = CARTESIAN_POINT('',(-3.385177879242,-2.51094433214,
    22.171141204192));
#4716 = CARTESIAN_POINT('',(6.996615587413,-2.147194332126,
    21.011060415367));
#4717 = CARTESIAN_POINT('',(15.154685717853,-1.783444332136,
    15.081183936406));
#4718 = CARTESIAN_POINT('',(19.189485567632,-1.41969433213,
    6.486029404551));
#4719 = CARTESIAN_POINT('',(18.759904343294,-1.055944332133,
    -2.261935895467));
#4720 = CARTESIAN_POINT('',(14.800870617574,-0.692194332131,
    -9.163028026648));
#4721 = CARTESIAN_POINT('',(2.960738114534,3.530566786641E-02,
    -17.15403402912));
#4722 = CARTESIAN_POINT('',(-4.920325292944,0.399055667877,-18.243924029
    ));
#4723 = CARTESIAN_POINT('',(-13.19380266332,0.762805667842,
    -15.36972690285));
#4724 = CARTESIAN_POINT('',(-19.65545399299,1.126555667918,
    -8.41247504964));
#4725 = CARTESIAN_POINT('',(-22.10285162733,1.490305667799,
    1.371582806236));
#4726 = CARTESIAN_POINT('',(-19.29490225087,1.85405566794,
    11.433533080445));
#4727 = CARTESIAN_POINT('',(-11.81764469226,2.217805667809,
    18.728602814483));
#4728 = CARTESIAN_POINT('',(-2.060333096702,2.581555667905,
    21.280545943688));
#4729 = CARTESIAN_POINT('',(7.145262452507,2.94530566785,18.953895596209
    ));
#4730 = CARTESIAN_POINT('',(13.639552436942,3.309055667873,
    13.077192905381));
#4731 = CARTESIAN_POINT('',(16.46833363185,3.672805667868,5.640996458551
    ));
#4732 = CARTESIAN_POINT('',(15.145158676627,4.400305667866,
    -8.582017380261));
#4733 = CARTESIAN_POINT('',(10.993206479196,4.764055667883,
    -15.36879228405));
#4734 = CARTESIAN_POINT('',(3.526320186111,5.127805667826,
    -19.94667891484));
#4735 = CARTESIAN_POINT('',(-5.950484245043,5.491555667947,
    -20.53529511308));
#4736 = CARTESIAN_POINT('',(-15.06960882518,5.85530566776,
    -16.22726653844));
#4737 = CARTESIAN_POINT('',(-21.07286789674,6.219055667982,
    -7.678096781058));
#4738 = CARTESIAN_POINT('',(-21.97655645937,6.582805667774,
    2.729149252581));
#4739 = CARTESIAN_POINT('',(-17.76634555098,6.946555667929,
    11.893846051377));
#4740 = CARTESIAN_POINT('',(-10.13221469511,7.310305667837,
    17.539759381458));
#4741 = CARTESIAN_POINT('',(-1.470529485123,7.67405566788,
    18.838468833691));
#4742 = CARTESIAN_POINT('',(6.074242020232,8.037805667865,
    16.313504759401));
#4743 = CARTESIAN_POINT('',(11.155685893578,8.401555667868,
    11.294525100412));
#4744 = PCURVE('',#2637,#4745);
#4745 = DEFINITIONAL_REPRESENTATION('',(#4746),#4750);
#4746 = LINE('',#4747,#4748);
#4747 = CARTESIAN_POINT('',(0.,0.));
#4748 = VECTOR('',#4749,1.);
#4749 = DIRECTION('',(1.,0.));
#4750 = ( GEOMETRIC_REPRESENTATION_CONTEXT(2) 
PARAMETRIC_REPRESENTATION_CONTEXT() REPRESENTATION_CONTEXT('2D SPACE',''
  ) );
#4751 = PCURVE('',#4326,#4752);
#4752 = DEFINITIONAL_REPRESENTATION('',(#4753),#4757);
#4753 = LINE('',#4754,#4755);
#4754 = CARTESIAN_POINT('',(0.,1.));
#4755 = VECTOR('',#4756,1.);
#4756 = DIRECTION('',(1.,0.));
#4757 = ( GEOMETRIC_REPRESENTATION_CONTEXT(2) 
PARAMETRIC_REPRESENTATION_CONTEXT() REPRESENTATION_CONTEXT('2D SPACE',''
  ) );
#4758 = ORIENTED_EDGE('',*,*,#4759,.T.);
#4759 = EDGE_CURVE('',#4650,#4760,#4762,.T.);
#4760 = VERTEX_POINT('',#4761);
#4761 = CARTESIAN_POINT('',(9.370776150605,9.058185816326,9.487401084346
    ));
#4762 = SURFACE_CURVE('',#4763,(#4766,#4773),.PCURVE_S1.);
#4763 = B_SPLINE_CURVE_WITH_KNOTS('',1,(#4764,#4765),.UNSPECIFIED.,.F.,
  .F.,(2,2),(0.,1.),.PIECEWISE_BEZIER_KNOTS.);
#4764 = CARTESIAN_POINT('',(11.155685893578,8.401555667868,
    11.294525100412));
#4765 = CARTESIAN_POINT('',(9.370073430234,9.058444332132,9.486689618198
    ));
#4766 = PCURVE('',#2637,#4767);
#4767 = DEFINITIONAL_REPRESENTATION('',(#4768),#4772);
#4768 = LINE('',#4769,#4770);
#4769 = CARTESIAN_POINT('',(55.541374132803,0.));
#4770 = VECTOR('',#4771,1.);
#4771 = DIRECTION('',(0.,1.));
#4772 = ( GEOMETRIC_REPRESENTATION_CONTEXT(2) 
PARAMETRIC_REPRESENTATION_CONTEXT() REPRESENTATION_CONTEXT('2D SPACE',''
  ) );
#4773 = PCURVE('',#4774,#4821);
#4774 = B_SPLINE_SURFACE_WITH_KNOTS('',6,1,(
    (#4775,#4776)
    ,(#4777,#4778)
    ,(#4779,#4780)
    ,(#4781,#4782)
    ,(#4783,#4784)
    ,(#4785,#4786)
    ,(#4787,#4788)
    ,(#4789,#4790)
    ,(#4791,#4792)
    ,(#4793,#4794)
    ,(#4795,#4796)
    ,(#4797,#4798)
    ,(#4799,#4800)
    ,(#4801,#4802)
    ,(#4803,#4804)
    ,(#4805,#4806)
    ,(#4807,#4808)
    ,(#4809,#4810)
    ,(#4811,#4812)
    ,(#4813,#4814)
    ,(#4815,#4816)
    ,(#4817,#4818)
    ,(#4819,#4820
    )),.UNSPECIFIED.,.F.,.F.,.F.,(7,4,4,4,4,7),(2,2),(0.,0.25978587286,
    0.5,0.512773096416,0.757936471741,1.),(0.,1.),.UNSPECIFIED.);
#4775 = CARTESIAN_POINT('',(11.155685887557,8.401555668021,
    11.294525107691));
#4776 = CARTESIAN_POINT('',(9.370073355182,9.058444332132,9.486689887186
    ));
#4777 = CARTESIAN_POINT('',(11.733765060685,8.450707561764,
    10.506428524816));
#4778 = CARTESIAN_POINT('',(10.015280400676,9.084990609384,
    8.849413254246));
#4779 = CARTESIAN_POINT('',(12.252897850529,8.500417653362,
    9.675129336271));
#4780 = CARTESIAN_POINT('',(10.608475725407,9.111536886637,
    8.159481775689));
#4781 = CARTESIAN_POINT('',(12.708989068581,8.550717628221,8.80609589567
    ));
#4782 = CARTESIAN_POINT('',(11.1442894941,9.138083163889,7.422195393956)
  );
#4783 = CARTESIAN_POINT('',(13.098650814377,8.601637194371,
    7.905353730335));
#4784 = CARTESIAN_POINT('',(11.618069438185,9.164629441142,
    6.643594983936));
#4785 = CARTESIAN_POINT('',(13.71590028837,8.700881965695,6.123087558148
    ));
#4786 = CARTESIAN_POINT('',(12.403270773672,9.215722052453,
    5.078274022732));
#4787 = CARTESIAN_POINT('',(14.071759332188,8.80257851187,4.271742542526
    ));
#4788 = CARTESIAN_POINT('',(12.9342193807,9.266814663764,3.410364824927)
  );
#4789 = CARTESIAN_POINT('',(14.181121166077,8.852015417712,
    3.371596476155));
#4790 = CARTESIAN_POINT('',(13.128384102504,9.291360997823,
    2.590911236495));
#4791 = CARTESIAN_POINT('',(14.228279568613,8.902037984015,
    2.466120885791));
#4792 = CARTESIAN_POINT('',(13.260093521188,9.315907331882,
    1.759131157394));
#4793 = CARTESIAN_POINT('',(14.212545871563,8.955333375834,
    1.512529932211));
#4794 = CARTESIAN_POINT('',(13.33219982579,9.341758887642,0.876424223102
    ));
#4795 = CARTESIAN_POINT('',(14.128757800736,9.009254002461,
    0.564742337892));
#4796 = CARTESIAN_POINT('',(13.334117555862,9.367610443402,
    -6.71677953906E-03));
#4797 = CARTESIAN_POINT('',(14.124354047524,9.011977997264,
    0.516904973969));
#4798 = CARTESIAN_POINT('',(13.33403545355,9.368915665103,
    -5.130598027288E-02));
#4799 = CARTESIAN_POINT('',(14.119777041742,9.014703580265,
    0.469083966477));
#4800 = CARTESIAN_POINT('',(13.333774424837,9.370220886804,
    -9.589449278798E-02));
#4801 = CARTESIAN_POINT('',(14.023854060063,9.069775281263,
    -0.49625455285));
#4802 = CARTESIAN_POINT('',(13.324890218479,9.396578182591,
    -0.996270896222));
#4803 = CARTESIAN_POINT('',(13.857382260151,9.125492143737,
    -1.454288010951));
#4804 = CARTESIAN_POINT('',(13.243049847828,9.422935478378,
    -1.895634792731));
#4805 = CARTESIAN_POINT('',(13.636313916487,9.179010738441,
    -2.352777375933));
#4806 = CARTESIAN_POINT('',(13.099440406797,9.447987552465,
    -2.743202251285));
#4807 = CARTESIAN_POINT('',(13.353985223579,9.233052196447,
    -3.233845893369));
#4808 = CARTESIAN_POINT('',(12.890912437243,9.473039626551,
    -3.577173992228));
#4809 = CARTESIAN_POINT('',(12.675447049064,9.341373199285,
    -4.940303416245));
#4810 = CARTESIAN_POINT('',(12.350884359321,9.522827016162,
    -5.195303831468));
#4811 = CARTESIAN_POINT('',(11.773748763727,9.451218536647,
    -6.539875758982));
#4812 = CARTESIAN_POINT('',(11.57096373418,9.572614405772,-6.71229711409
    ));
#4813 = CARTESIAN_POINT('',(11.273186303306,9.506093399005,
    -7.30371272167));
#4814 = CARTESIAN_POINT('',(11.126644932123,9.597349721296,
    -7.43537608809));
#4815 = CARTESIAN_POINT('',(10.722962445818,9.56117779076,
    -8.032536684068));
#4816 = CARTESIAN_POINT('',(10.628573007367,9.62208503682,-8.12253505759
    ));
#4817 = CARTESIAN_POINT('',(10.126293831946,9.616366714647,
    -8.722509149603));
#4818 = CARTESIAN_POINT('',(10.080490957297,9.646820352344,
    -8.768881256559));
#4819 = CARTESIAN_POINT('',(9.486689609095,9.67155566834,-9.37007341649)
  );
#4820 = CARTESIAN_POINT('',(9.486689546479,9.671555667868,
    -9.370073700131));
#4821 = DEFINITIONAL_REPRESENTATION('',(#4822),#4826);
#4822 = LINE('',#4823,#4824);
#4823 = CARTESIAN_POINT('',(0.,0.));
#4824 = VECTOR('',#4825,1.);
#4825 = DIRECTION('',(0.,1.));
#4826 = ( GEOMETRIC_REPRESENTATION_CONTEXT(2) 
PARAMETRIC_REPRESENTATION_CONTEXT() REPRESENTATION_CONTEXT('2D SPACE',''
  ) );
#4827 = ORIENTED_EDGE('',*,*,#4828,.T.);
#4828 = EDGE_CURVE('',#4760,#4829,#4831,.T.);
#4829 = VERTEX_POINT('',#4830);
#4830 = CARTESIAN_POINT('',(-3.266133013326E-15,8.428185864053,13.335));
#4831 = SURFACE_CURVE('',#4832,(#4842,#4855),.PCURVE_S1.);
#4832 = B_SPLINE_CURVE_WITH_KNOTS('',8,(#4833,#4834,#4835,#4836,#4837,
    #4838,#4839,#4840,#4841),.UNSPECIFIED.,.F.,.F.,(9,9),(0.,1.),
  .PIECEWISE_BEZIER_KNOTS.);
#4833 = CARTESIAN_POINT('',(9.370776150605,9.058185816326,9.487401084346
    ));
#4834 = CARTESIAN_POINT('',(8.446888655748,8.979453020839,
    10.399931589348));
#4835 = CARTESIAN_POINT('',(7.420889375304,8.90067284682,11.210188222971
    ));
#4836 = CARTESIAN_POINT('',(6.306798060676,8.82192033765,11.903899785213
    ));
#4837 = CARTESIAN_POINT('',(5.1202878295,8.743187010997,12.470339185467)
  );
#4838 = CARTESIAN_POINT('',(3.878063197812,8.664452466167,12.9011401817)
  );
#4839 = CARTESIAN_POINT('',(2.597889829736,8.585697112934,
    13.190493600078));
#4840 = CARTESIAN_POINT('',(1.298505675106,8.506914893342,13.335));
#4841 = CARTESIAN_POINT('',(1.809357735454E-14,8.428185864053,13.335));
#4842 = PCURVE('',#2637,#4843);
#4843 = DEFINITIONAL_REPRESENTATION('',(#4844),#4854);
#4844 = B_SPLINE_CURVE_WITH_KNOTS('',8,(#4845,#4846,#4847,#4848,#4849,
    #4850,#4851,#4852,#4853),.UNSPECIFIED.,.F.,.F.,(9,9),(0.,1.),
  .PIECEWISE_BEZIER_KNOTS.);
#4845 = CARTESIAN_POINT('',(55.541374132803,0.999606454152));
#4846 = CARTESIAN_POINT('',(55.416147109589,0.999606454152));
#4847 = CARTESIAN_POINT('',(55.290844963401,0.999606230097));
#4848 = CARTESIAN_POINT('',(55.165586587878,0.999606227288));
#4849 = CARTESIAN_POINT('',(55.040358487087,0.999606450047));
#4850 = CARTESIAN_POINT('',(54.915128561658,0.999606564737));
#4851 = CARTESIAN_POINT('',(54.789865615033,0.99960660742));
#4852 = CARTESIAN_POINT('',(54.664560012855,0.999606577124));
#4853 = CARTESIAN_POINT('',(54.539339038636,0.999606520906));
#4854 = ( GEOMETRIC_REPRESENTATION_CONTEXT(2) 
PARAMETRIC_REPRESENTATION_CONTEXT() REPRESENTATION_CONTEXT('2D SPACE',''
  ) );
#4855 = PCURVE('',#4138,#4856);
#4856 = DEFINITIONAL_REPRESENTATION('',(#4857),#4867);
#4857 = B_SPLINE_CURVE_WITH_KNOTS('',8,(#4858,#4859,#4860,#4861,#4862,
    #4863,#4864,#4865,#4866),.UNSPECIFIED.,.F.,.F.,(9,9),(0.,1.),
  .PIECEWISE_BEZIER_KNOTS.);
#4858 = CARTESIAN_POINT('',(0.77921392589,39.058185816326));
#4859 = CARTESIAN_POINT('',(0.681833464514,38.979453020839));
#4860 = CARTESIAN_POINT('',(0.584394651075,38.90067284682));
#4861 = CARTESIAN_POINT('',(0.486989763777,38.82192033765));
#4862 = CARTESIAN_POINT('',(0.389608440276,38.743187010997));
#4863 = CARTESIAN_POINT('',(0.292225710975,38.664452466167));
#4864 = CARTESIAN_POINT('',(0.19481731619,38.585697112934));
#4865 = CARTESIAN_POINT('',(9.737575366374E-02,38.506914893342));
#4866 = CARTESIAN_POINT('',(0.,38.428185864053));
#4867 = ( GEOMETRIC_REPRESENTATION_CONTEXT(2) 
PARAMETRIC_REPRESENTATION_CONTEXT() REPRESENTATION_CONTEXT('2D SPACE',''
  ) );
#4868 = ORIENTED_EDGE('',*,*,#4869,.T.);
#4869 = EDGE_CURVE('',#4829,#4870,#4872,.T.);
#4870 = VERTEX_POINT('',#4871);
#4871 = CARTESIAN_POINT('',(-3.266133013326E-15,3.34818585865,13.335));
#4872 = SURFACE_CURVE('',#4873,(#4946,#5022),.PCURVE_S1.);
#4873 = B_SPLINE_CURVE_WITH_KNOTS('',8,(#4874,#4875,#4876,#4877,#4878,
    #4879,#4880,#4881,#4882,#4883,#4884,#4885,#4886,#4887,#4888,#4889,
    #4890,#4891,#4892,#4893,#4894,#4895,#4896,#4897,#4898,#4899,#4900,
    #4901,#4902,#4903,#4904,#4905,#4906,#4907,#4908,#4909,#4910,#4911,
    #4912,#4913,#4914,#4915,#4916,#4917,#4918,#4919,#4920,#4921,#4922,
    #4923,#4924,#4925,#4926,#4927,#4928,#4929,#4930,#4931,#4932,#4933,
    #4934,#4935,#4936,#4937,#4938,#4939,#4940,#4941,#4942,#4943,#4944,
    #4945),.UNSPECIFIED.,.F.,.F.,(9,7,7,7,7,7,7,7,7,7,9),(0.,
    8.571112694818E-02,0.175369729001,0.269552047389,0.365047404594,
    0.491572104594,0.571086325991,0.65689981586,0.745514288971,
    0.842037966755,1.),.UNSPECIFIED.);
#4874 = CARTESIAN_POINT('',(1.7763568394E-14,8.428185864053,13.335));
#4875 = CARTESIAN_POINT('',(-0.897527479726,8.373768337359,13.335));
#4876 = CARTESIAN_POINT('',(-1.795208020308,8.319341656408,
    13.265960684442));
#4877 = CARTESIAN_POINT('',(-2.68663676937,8.264917897189,
    13.127842827959));
#4878 = CARTESIAN_POINT('',(-3.565602650556,8.210498521669,
    12.921357153254));
#4879 = CARTESIAN_POINT('',(-4.426067347555,8.156079557026,
    12.647851265358));
#4880 = CARTESIAN_POINT('',(-5.262162927264,8.101656734065,
    12.309268253636));
#4881 = CARTESIAN_POINT('',(-6.068208102094,8.047230584851,
    11.90817696154));
#4882 = CARTESIAN_POINT('',(-7.64476559339,7.935886112043,10.96637136634
    ));
#4883 = CARTESIAN_POINT('',(-8.41219222886,7.878950380767,
    10.419921620235));
#4884 = CARTESIAN_POINT('',(-9.134694525609,7.822018716809,
    9.812251540674));
#4885 = CARTESIAN_POINT('',(-9.806612434617,7.765092617538,
    9.147739234542));
#4886 = CARTESIAN_POINT('',(-10.42285617679,7.708167029629,
    8.431305418279));
#4887 = CARTESIAN_POINT('',(-10.97887753944,7.651236690951,
    7.668370298298));
#4888 = CARTESIAN_POINT('',(-11.47071066242,7.594302451337,
    6.864875974292));
#4889 = CARTESIAN_POINT('',(-12.34086559752,7.47758055366,5.147616691645
    ));
#4890 = CARTESIAN_POINT('',(-12.71238113226,7.417771079752,
    4.229991658021));
#4891 = CARTESIAN_POINT('',(-13.00572004278,7.357966940586,
    3.282085251705));
#4892 = CARTESIAN_POINT('',(-13.21809833423,7.298169656525,
    2.311709738465));
#4893 = CARTESIAN_POINT('',(-13.34766880491,7.238372567797,
    1.326855184608));
#4894 = CARTESIAN_POINT('',(-13.39345952691,7.178568937229,
    0.335663376579));
#4895 = CARTESIAN_POINT('',(-13.35543889486,7.118760066119,
    -0.653575861737));
#4896 = CARTESIAN_POINT('',(-13.1122924154,6.998333127986,-2.62488236472
    ));
#4897 = CARTESIAN_POINT('',(-12.90479405031,6.937691077752,
    -3.60706422422));
#4898 = CARTESIAN_POINT('',(-12.61324546638,6.877055349275,
    -4.570123369498));
#4899 = CARTESIAN_POINT('',(-12.23979658083,6.816426999189,
    -5.505695008245));
#4900 = CARTESIAN_POINT('',(-11.78751920514,6.755798572736,
    -6.405809444798));
#4901 = CARTESIAN_POINT('',(-11.26033788693,6.695162646803,
    -7.262879883282));
#4902 = CARTESIAN_POINT('',(-10.66308629764,6.634520407266,
    -8.069746307959));
#4903 = CARTESIAN_POINT('',(-9.125384012546,6.493559537402,
    -9.813511825428));
#4904 = CARTESIAN_POINT('',(-8.135647061513,6.413174599351,
    -10.7084145835));
#4905 = CARTESIAN_POINT('',(-7.046308351683,6.332818670242,
    -11.48826532158));
#4906 = CARTESIAN_POINT('',(-5.873274534216,6.252483757266,
    -12.14058943638));
#4907 = CARTESIAN_POINT('',(-4.633721046699,6.172148964636,
    -12.65540623038));
#4908 = CARTESIAN_POINT('',(-3.346128787278,6.091793009708,
    -13.0254507601));
#4909 = CARTESIAN_POINT('',(-2.030142734184,6.011407477425,
    -13.2459869415));
#4910 = CARTESIAN_POINT('',(0.124392729682,5.880592937349,
    -13.36039113909));
#4911 = CARTESIAN_POINT('',(0.959102396503,5.830104166066,
    -13.34521144215));
#4912 = CARTESIAN_POINT('',(1.791981645257,5.779617667094,
    -13.27041235619));
#4913 = CARTESIAN_POINT('',(2.618061560117,5.729133908774,-13.136251677)
  );
#4914 = CARTESIAN_POINT('',(3.43246005854,5.678650006526,-12.94346489382
    ));
#4915 = CARTESIAN_POINT('',(4.230382263859,5.628163248176,
    -12.69324288397));
#4916 = CARTESIAN_POINT('',(5.007130597363,5.577674666956,
    -12.38725640607));
#4917 = CARTESIAN_POINT('',(6.568613760601,5.472711376534,
    -11.63971580209));
#4918 = CARTESIAN_POINT('',(7.349343520626,5.418222032854,
    -11.18922849725));
#4919 = CARTESIAN_POINT('',(8.094512389572,5.363736003712,
    -10.67900457079));
#4920 = CARTESIAN_POINT('',(8.798813627517,5.309254346152,
    -10.11237607017));
#4921 = CARTESIAN_POINT('',(9.457368248395,5.254772915605,
    -9.493177572863));
#4922 = CARTESIAN_POINT('',(10.065706592759,5.20028749289,
    -8.825711962382));
#4923 = CARTESIAN_POINT('',(10.619798459866,5.14579892428,
    -8.114772404468));
#4924 = CARTESIAN_POINT('',(11.628665637407,5.035059356955,
    -6.592219318448));
#4925 = CARTESIAN_POINT('',(12.079772901571,4.978791178612,
    -5.777829329755));
#4926 = CARTESIAN_POINT('',(12.465508059188,4.922527250409,
    -4.928432114453));
#4927 = CARTESIAN_POINT('',(12.782766468063,4.866268776229,
    -4.050191037705));
#4928 = CARTESIAN_POINT('',(13.029155840559,4.810010748344,
    -3.14950221658));
#4929 = CARTESIAN_POINT('',(13.202953936901,4.753747989246,
    -2.232971584752));
#4930 = CARTESIAN_POINT('',(13.303152487434,4.697481139985,
    -1.307418077809));
#4931 = CARTESIAN_POINT('',(13.358381619435,4.5799427445,0.63039672458)
  );
#4932 = CARTESIAN_POINT('',(13.299668018746,4.518649329033,
    1.643418913818));
#4933 = CARTESIAN_POINT('',(13.153120195116,4.457361967411,
    2.649976900577));
#4934 = CARTESIAN_POINT('',(12.919643297819,4.396082027258,
    3.641193273414));
#4935 = CARTESIAN_POINT('',(12.601156038593,4.334801825142,4.60845564637
    ));
#4936 = CARTESIAN_POINT('',(12.200516566793,4.273513849823,
    5.543413073989));
#4937 = CARTESIAN_POINT('',(11.721592153158,4.212220008608,
    6.438013172457));
#4938 = CARTESIAN_POINT('',(10.265923250272,4.050656973636,8.6699955467)
  );
#4939 = CARTESIAN_POINT('',(9.164514382085,3.950210523591,9.929578228395
    ));
#4940 = CARTESIAN_POINT('',(7.887700188225,3.849861324019,
    11.026489026996));
#4941 = CARTESIAN_POINT('',(6.464548732717,3.749564126977,
    11.933951427834));
#4942 = CARTESIAN_POINT('',(4.927025758328,3.649267100767,
    12.630262733257));
#4943 = CARTESIAN_POINT('',(3.310770096199,3.548918831085,
    13.100526358539));
#4944 = CARTESIAN_POINT('',(1.654038728178,3.448470971652,13.335));
#4945 = CARTESIAN_POINT('',(1.42108547152E-14,3.34818585865,13.335));
#4946 = PCURVE('',#2637,#4947);
#4947 = DEFINITIONAL_REPRESENTATION('',(#4948),#5021);
#4948 = B_SPLINE_CURVE_WITH_KNOTS('',8,(#4949,#4950,#4951,#4952,#4953,
    #4954,#4955,#4956,#4957,#4958,#4959,#4960,#4961,#4962,#4963,#4964,
    #4965,#4966,#4967,#4968,#4969,#4970,#4971,#4972,#4973,#4974,#4975,
    #4976,#4977,#4978,#4979,#4980,#4981,#4982,#4983,#4984,#4985,#4986,
    #4987,#4988,#4989,#4990,#4991,#4992,#4993,#4994,#4995,#4996,#4997,
    #4998,#4999,#5000,#5001,#5002,#5003,#5004,#5005,#5006,#5007,#5008,
    #5009,#5010,#5011,#5012,#5013,#5014,#5015,#5016,#5017,#5018,#5019,
    #5020),.UNSPECIFIED.,.F.,.F.,(9,7,7,7,7,7,7,7,7,7,9),(0.,
    8.571112694818E-02,0.175369729001,0.269552047389,0.365047404594,
    0.491572104594,0.571086325991,0.65689981586,0.745514288971,
    0.842037966755,1.),.UNSPECIFIED.);
#4949 = CARTESIAN_POINT('',(54.539339038636,0.999606520906));
#4950 = CARTESIAN_POINT('',(54.45278626682,0.999606482048));
#4951 = CARTESIAN_POINT('',(54.366218948425,0.999606430215));
#4952 = CARTESIAN_POINT('',(54.279656276766,0.999606378736));
#4953 = CARTESIAN_POINT('',(54.193100561555,0.999606342539));
#4954 = CARTESIAN_POINT('',(54.106545475271,0.999606329872));
#4955 = CARTESIAN_POINT('',(54.019984228943,0.999606339474));
#4956 = CARTESIAN_POINT('',(53.933417677354,0.999606363194));
#4957 = CARTESIAN_POINT('',(53.756320674889,0.99960642635));
#4958 = CARTESIAN_POINT('',(53.665762535955,0.999606466347));
#4959 = CARTESIAN_POINT('',(53.575210867477,0.999606505139));
#4960 = CARTESIAN_POINT('',(53.484668061188,0.999606533045));
#4961 = CARTESIAN_POINT('',(53.394126085109,0.999606544799));
#4962 = CARTESIAN_POINT('',(53.303576568712,0.999606541308));
#4963 = CARTESIAN_POINT('',(53.213020858028,0.999606527979));
#4964 = CARTESIAN_POINT('',(53.027370995027,0.999606490362));
#4965 = CARTESIAN_POINT('',(52.932242144409,0.999606465602));
#4966 = CARTESIAN_POINT('',(52.837121778271,0.999606441412));
#4967 = CARTESIAN_POINT('',(52.742012307939,0.999606424358));
#4968 = CARTESIAN_POINT('',(52.646903137609,0.999606417527));
#4969 = CARTESIAN_POINT('',(52.551783553247,0.999606419338));
#4970 = CARTESIAN_POINT('',(52.456655629444,0.99960642516));
#4971 = CARTESIAN_POINT('',(52.26511272826,0.999606438394));
#4972 = CARTESIAN_POINT('',(52.168659604823,0.999606445799));
#4973 = CARTESIAN_POINT('',(52.072216539542,0.999606450144));
#4974 = CARTESIAN_POINT('',(51.975785216323,0.999606448269));
#4975 = CARTESIAN_POINT('',(51.879353777907,0.999606440397));
#4976 = CARTESIAN_POINT('',(51.782910413524,0.999606430424));
#4977 = CARTESIAN_POINT('',(51.686457003661,0.999606423792));
#4978 = CARTESIAN_POINT('',(51.462254244859,0.999606421767));
#4979 = CARTESIAN_POINT('',(51.334399426687,0.999606430857));
#4980 = CARTESIAN_POINT('',(51.206590730894,0.999606456475));
#4981 = CARTESIAN_POINT('',(51.07881544397,0.999606499285));
#4982 = CARTESIAN_POINT('',(50.951040348037,0.999606542497));
#4983 = CARTESIAN_POINT('',(50.823231624595,0.999606555275));
#4984 = CARTESIAN_POINT('',(50.695375891383,0.99960653555));
#4985 = CARTESIAN_POINT('',(50.487311257943,0.999606472163));
#4986 = CARTESIAN_POINT('',(50.407007289743,0.999606440209));
#4987 = CARTESIAN_POINT('',(50.326706940479,0.999606403708));
#4988 = CARTESIAN_POINT('',(50.246410948194,0.999606369231));
#4989 = CARTESIAN_POINT('',(50.166114716856,0.999606344449));
#4990 = CARTESIAN_POINT('',(50.085813926134,0.999606335617));
#4991 = CARTESIAN_POINT('',(50.005510216961,0.999606345083));
#4992 = CARTESIAN_POINT('',(49.838562703135,0.999606394398));
#4993 = CARTESIAN_POINT('',(49.751895619684,0.999606436349));
#4994 = CARTESIAN_POINT('',(49.665233794014,0.999606491791));
#4995 = CARTESIAN_POINT('',(49.578578921583,0.999606547141));
#4996 = CARTESIAN_POINT('',(49.491924428951,0.999606584565));
#4997 = CARTESIAN_POINT('',(49.405263620688,0.999606589409));
#4998 = CARTESIAN_POINT('',(49.318597846059,0.999606558571));
#4999 = CARTESIAN_POINT('',(49.14246313456,0.9996064595));
#5000 = CARTESIAN_POINT('',(49.052966849359,0.99960641384));
#5001 = CARTESIAN_POINT('',(48.963477401061,0.999606294559));
#5002 = CARTESIAN_POINT('',(48.873996553917,0.999606245763));
#5003 = CARTESIAN_POINT('',(48.784516269445,0.999606337831));
#5004 = CARTESIAN_POINT('',(48.69502841711,0.999606470786));
#5005 = CARTESIAN_POINT('',(48.605534191532,0.999606477119));
#5006 = CARTESIAN_POINT('',(48.418585739125,0.999606366371));
#5007 = CARTESIAN_POINT('',(48.321096697979,0.999606278565));
#5008 = CARTESIAN_POINT('',(48.223617174489,0.999606297172));
#5009 = CARTESIAN_POINT('',(48.126149374299,0.999606393096));
#5010 = CARTESIAN_POINT('',(48.028681152016,0.999606494219));
#5011 = CARTESIAN_POINT('',(47.93120060797,0.999606555369));
#5012 = CARTESIAN_POINT('',(47.833710776687,0.999606575692));
#5013 = CARTESIAN_POINT('',(47.576739648591,0.999606543397));
#5014 = CARTESIAN_POINT('',(47.416976475682,0.999606437481));
#5015 = CARTESIAN_POINT('',(47.257368036643,0.999606279987));
#5016 = CARTESIAN_POINT('',(47.097842166321,0.999606259327));
#5017 = CARTESIAN_POINT('',(46.938316429892,0.999606370579));
#5018 = CARTESIAN_POINT('',(46.77870920984,0.999606461966));
#5019 = CARTESIAN_POINT('',(46.618943627404,0.999606516703));
#5020 = CARTESIAN_POINT('',(46.459436940575,0.999606531035));
#5021 = ( GEOMETRIC_REPRESENTATION_CONTEXT(2) 
PARAMETRIC_REPRESENTATION_CONTEXT() REPRESENTATION_CONTEXT('2D SPACE',''
  ) );
#5022 = PCURVE('',#4138,#5023);
#5023 = DEFINITIONAL_REPRESENTATION('',(#5024),#5097);
#5024 = B_SPLINE_CURVE_WITH_KNOTS('',8,(#5025,#5026,#5027,#5028,#5029,
    #5030,#5031,#5032,#5033,#5034,#5035,#5036,#5037,#5038,#5039,#5040,
    #5041,#5042,#5043,#5044,#5045,#5046,#5047,#5048,#5049,#5050,#5051,
    #5052,#5053,#5054,#5055,#5056,#5057,#5058,#5059,#5060,#5061,#5062,
    #5063,#5064,#5065,#5066,#5067,#5068,#5069,#5070,#5071,#5072,#5073,
    #5074,#5075,#5076,#5077,#5078,#5079,#5080,#5081,#5082,#5083,#5084,
    #5085,#5086,#5087,#5088,#5089,#5090,#5091,#5092,#5093,#5094,#5095,
    #5096),.UNSPECIFIED.,.F.,.F.,(9,7,7,7,7,7,7,7,7,7,9),(0.,
    8.571112694818E-02,0.175369729001,0.269552047389,0.365047404594,
    0.491572104594,0.571086325991,0.65689981586,0.745514288971,
    0.842037966755,1.),.UNSPECIFIED.);
#5025 = CARTESIAN_POINT('',(6.28318530718,38.428185864053));
#5026 = CARTESIAN_POINT('',(6.215879159469,38.373768337359));
#5027 = CARTESIAN_POINT('',(6.148561699656,38.319341656408));
#5028 = CARTESIAN_POINT('',(6.081247851639,38.264917897189));
#5029 = CARTESIAN_POINT('',(6.013939411569,38.210498521669));
#5030 = CARTESIAN_POINT('',(5.946631459852,38.156079557026));
#5031 = CARTESIAN_POINT('',(5.879318718296,38.101656734065));
#5032 = CARTESIAN_POINT('',(5.812001852372,38.047230584851));
#5033 = CARTESIAN_POINT('',(5.674285670158,37.935886112043));
#5034 = CARTESIAN_POINT('',(5.603864822872,37.878950380767));
#5035 = CARTESIAN_POINT('',(5.533449008433,37.822018716809));
#5036 = CARTESIAN_POINT('',(5.463040085832,37.765092617538));
#5037 = CARTESIAN_POINT('',(5.392631807968,37.708167029629));
#5038 = CARTESIAN_POINT('',(5.322217664708,37.651236690951));
#5039 = CARTESIAN_POINT('',(5.251798702436,37.594302451337));
#5040 = CARTESIAN_POINT('',(5.10743153983,37.47758055366));
#5041 = CARTESIAN_POINT('',(5.033456356839,37.417771079752));
#5042 = CARTESIAN_POINT('',(4.95948777013,37.357966940586));
#5043 = CARTESIAN_POINT('',(4.885527656189,37.298169656525));
#5044 = CARTESIAN_POINT('',(4.811567776946,37.238372567797));
#5045 = CARTESIAN_POINT('',(4.737599801982,37.178568937229));
#5046 = CARTESIAN_POINT('',(4.663625344923,37.118760066119));
#5047 = CARTESIAN_POINT('',(4.51467558224,36.998333127986));
#5048 = CARTESIAN_POINT('',(4.439670613109,36.937691077752));
#5049 = CARTESIAN_POINT('',(4.364673467484,36.877055349275));
#5050 = CARTESIAN_POINT('',(4.289685453331,36.816426999189));
#5051 = CARTESIAN_POINT('',(4.214697348362,36.755798572736));
#5052 = CARTESIAN_POINT('',(4.139699966859,36.695162646803));
#5053 = CARTESIAN_POINT('',(4.064694770686,36.634520407266));
#5054 = CARTESIAN_POINT('',(3.89034766906,36.493559537402));
#5055 = CARTESIAN_POINT('',(3.790923745537,36.413174599351));
#5056 = CARTESIAN_POINT('',(3.691535685008,36.332818670241));
#5057 = CARTESIAN_POINT('',(3.592173604283,36.252483757267));
#5058 = CARTESIAN_POINT('',(3.492811677444,36.172148964635));
#5059 = CARTESIAN_POINT('',(3.393423606382,36.091793009708));
#5060 = CARTESIAN_POINT('',(3.293998981608,36.011407477425));
#5061 = CARTESIAN_POINT('',(3.132201402763,35.880592937349));
#5062 = CARTESIAN_POINT('',(3.069754520754,35.830104166066));
#5063 = CARTESIAN_POINT('',(3.007310452418,35.779617667094));
#5064 = CARTESIAN_POINT('',(2.944869771086,35.729133908774));
#5065 = CARTESIAN_POINT('',(2.882428902619,35.678650006526));
#5066 = CARTESIAN_POINT('',(2.819984487858,35.628163248176));
#5067 = CARTESIAN_POINT('',(2.757537803659,35.577674666956));
#5068 = CARTESIAN_POINT('',(2.627714179263,35.472711376534));
#5069 = CARTESIAN_POINT('',(2.560319136861,35.418222032854));
#5070 = CARTESIAN_POINT('',(2.492928184331,35.363736003712));
#5071 = CARTESIAN_POINT('',(2.425542640725,35.309254346152));
#5072 = CARTESIAN_POINT('',(2.35815739338,35.254772915605));
#5073 = CARTESIAN_POINT('',(2.290767233176,35.20028749289));
#5074 = CARTESIAN_POINT('',(2.223373206773,35.14579892428));
#5075 = CARTESIAN_POINT('',(2.086405319603,35.035059356955));
#5076 = CARTESIAN_POINT('',(2.016810199717,34.978791178612));
#5077 = CARTESIAN_POINT('',(1.947220369234,34.922527250409));
#5078 = CARTESIAN_POINT('',(1.877637240652,34.866268776229));
#5079 = CARTESIAN_POINT('',(1.808054583654,34.810010748344));
#5080 = CARTESIAN_POINT('',(1.73846604864,34.753747989246));
#5081 = CARTESIAN_POINT('',(1.668872526021,34.697481139985));
#5082 = CARTESIAN_POINT('',(1.523495572301,34.5799427445));
#5083 = CARTESIAN_POINT('',(1.447685051452,34.518649329033));
#5084 = CARTESIAN_POINT('',(1.371881904934,34.457361967411));
#5085 = CARTESIAN_POINT('',(1.2960878646,34.396082027258));
#5086 = CARTESIAN_POINT('',(1.220293504935,34.334801825142));
#5087 = CARTESIAN_POINT('',(1.144489574579,34.273513849823));
#5088 = CARTESIAN_POINT('',(1.068678422392,34.212220008608));
#5089 = CARTESIAN_POINT('',(0.868849617779,34.050656973636));
#5090 = CARTESIAN_POINT('',(0.744612771782,33.950210523591));
#5091 = CARTESIAN_POINT('',(0.62049624657,33.849861324019));
#5092 = CARTESIAN_POINT('',(0.496443911311,33.749564126978));
#5093 = CARTESIAN_POINT('',(0.372391695318,33.649267100767));
#5094 = CARTESIAN_POINT('',(0.248276121308,33.548918831085));
#5095 = CARTESIAN_POINT('',(0.124037399938,33.448470971652));
#5096 = CARTESIAN_POINT('',(0.,33.34818585865));
#5097 = ( GEOMETRIC_REPRESENTATION_CONTEXT(2) 
PARAMETRIC_REPRESENTATION_CONTEXT() REPRESENTATION_CONTEXT('2D SPACE',''
  ) );
#5098 = ORIENTED_EDGE('',*,*,#5099,.T.);
#5099 = EDGE_CURVE('',#4870,#5100,#5102,.T.);
#5100 = VERTEX_POINT('',#5101);
#5101 = CARTESIAN_POINT('',(-3.266133013326E-15,-1.731814184538,13.335)
  );
#5102 = SURFACE_CURVE('',#5103,(#5169,#5238),.PCURVE_S1.);
#5103 = B_SPLINE_CURVE_WITH_KNOTS('',8,(#5104,#5105,#5106,#5107,#5108,
    #5109,#5110,#5111,#5112,#5113,#5114,#5115,#5116,#5117,#5118,#5119,
    #5120,#5121,#5122,#5123,#5124,#5125,#5126,#5127,#5128,#5129,#5130,
    #5131,#5132,#5133,#5134,#5135,#5136,#5137,#5138,#5139,#5140,#5141,
    #5142,#5143,#5144,#5145,#5146,#5147,#5148,#5149,#5150,#5151,#5152,
    #5153,#5154,#5155,#5156,#5157,#5158,#5159,#5160,#5161,#5162,#5163,
    #5164,#5165,#5166,#5167,#5168),.UNSPECIFIED.,.F.,.F.,(9,7,7,7,7,7,7,
    7,7,9),(0.,8.271733699328E-02,0.173366932038,0.25116681255,
    0.347185578847,0.500110342387,0.634389086234,0.77256440008,
    0.888139713989,1.),.UNSPECIFIED.);
#5104 = CARTESIAN_POINT('',(1.42108547152E-14,3.34818585865,13.335));
#5105 = CARTESIAN_POINT('',(-0.866126968606,3.295672190475,13.335));
#5106 = CARTESIAN_POINT('',(-1.732367706935,3.243151721126,
    13.270707021366));
#5107 = CARTESIAN_POINT('',(-2.592992392982,3.190633794419,
    13.142092891398));
#5108 = CARTESIAN_POINT('',(-3.442427093327,3.138119225016,
    12.94977012981));
#5109 = CARTESIAN_POINT('',(-4.275237716703,3.08560454668,
    12.694903493226));
#5110 = CARTESIAN_POINT('',(-5.086128992245,3.033086278622,
    12.379179347951));
#5111 = CARTESIAN_POINT('',(-5.869958472421,2.980565209945,
    12.004832871001));
#5112 = CARTESIAN_POINT('',(-7.445667907797,2.870500265514,
    11.103388457454));
#5113 = CARTESIAN_POINT('',(-8.231352860162,2.812941184798,
    10.56494666929));
#5114 = CARTESIAN_POINT('',(-8.972236563006,2.755386765829,
    9.963129674719));
#5115 = CARTESIAN_POINT('',(-9.662408053951,2.697837472391,
    9.302346647749));
#5116 = CARTESIAN_POINT('',(-10.29652802978,2.640287507761,
    8.587584303791));
#5117 = CARTESIAN_POINT('',(-10.86980311339,2.582731511252,
    7.824367777925));
#5118 = CARTESIAN_POINT('',(-11.37803562085,2.525171369785,
    7.018792054273));
#5119 = CARTESIAN_POINT('',(-12.19513203705,2.418232465481,
    5.455692665411));
#5120 = CARTESIAN_POINT('',(-12.5221732232,2.36883396674,4.707298706703)
  );
#5121 = CARTESIAN_POINT('',(-12.79662808961,2.319436627003,
    3.936669173719));
#5122 = CARTESIAN_POINT('',(-13.01676165486,2.27004228186,3.148155159406
    ));
#5123 = CARTESIAN_POINT('',(-13.18128265011,2.220648969175,
    2.346209266996));
#5124 = CARTESIAN_POINT('',(-13.28931829966,2.171254169339,
    1.535373998413));
#5125 = CARTESIAN_POINT('',(-13.34042948535,2.121857940342,
    0.720281010377));
#5126 = CARTESIAN_POINT('',(-13.32755350214,2.01150752243,-1.09972315324
    ));
#5127 = CARTESIAN_POINT('',(-13.23380711075,1.950535016445,
    -2.104731952969));
#5128 = CARTESIAN_POINT('',(-13.05342438508,1.889568250707,
    -3.100306167761));
#5129 = CARTESIAN_POINT('',(-12.78760175451,1.828609134118,
    -4.077734512247));
#5130 = CARTESIAN_POINT('',(-12.43852227183,1.767650501919,
    -5.028605223708));
#5131 = CARTESIAN_POINT('',(-12.00927973593,1.706684986241,
    -5.944800743396));
#5132 = CARTESIAN_POINT('',(-11.5039394785,1.645713918788,
    -6.818535264358));
#5133 = CARTESIAN_POINT('',(-10.0100421975,1.487671757573,
    -8.954623371112));
#5134 = CARTESIAN_POINT('',(-8.911026246657,1.390455754092,
    -10.14265487449));
#5135 = CARTESIAN_POINT('',(-7.652032556997,1.293319932629,
    -11.17420942175));
#5136 = CARTESIAN_POINT('',(-6.259872759633,1.19622906764,
    -12.02554615515));
#5137 = CARTESIAN_POINT('',(-4.763969170397,1.099138269703,
    -12.67758445595));
#5138 = CARTESIAN_POINT('',(-3.196823111141,1.002002421324,
    -13.11717435948));
#5139 = CARTESIAN_POINT('',(-1.593254727086,0.904785672676,
    -13.3359547838));
#5140 = CARTESIAN_POINT('',(1.413960800577,0.722456760604,
    -13.33415715788));
#5141 = CARTESIAN_POINT('',(2.821047101902,0.637138323247,-13.1638962835
    ));
#5142 = CARTESIAN_POINT('',(4.203556704677,0.551859322031,
    -12.82372806457));
#5143 = CARTESIAN_POINT('',(5.537754784212,0.466606777225,
    -12.31841457314));
#5144 = CARTESIAN_POINT('',(6.801267029818,0.381357364006,
    -11.65591500619));
#5145 = CARTESIAN_POINT('',(7.973316293733,0.296080117317,
    -10.84769863966));
#5146 = CARTESIAN_POINT('',(9.034630246948,0.210762836557,
    -9.908310708689));
#5147 = CARTESIAN_POINT('',(10.92953666135,3.779177341902E-02,
    -7.775653903011));
#5148 = CARTESIAN_POINT('',(11.757336523441,-5.001364095818E-02,
    -6.573885372746));
#5149 = CARTESIAN_POINT('',(12.432823039781,-0.137772846904,
    -5.272543064093));
#5150 = CARTESIAN_POINT('',(12.942859447765,-0.225501188875,
    -3.894515118518));
#5151 = CARTESIAN_POINT('',(13.277953777906,-0.313229410895,
    -2.463854446073));
#5152 = CARTESIAN_POINT('',(13.432771643164,-0.40098796941,
    -1.005853539082));
#5153 = CARTESIAN_POINT('',(13.405607123177,-0.488795693805,
    0.453211668918));
#5154 = CARTESIAN_POINT('',(13.029892402668,-0.649897989269,
    3.083632900482));
#5155 = CARTESIAN_POINT('',(12.734433355572,-0.723303758351,
    4.264427587875));
#5156 = CARTESIAN_POINT('',(12.316729619313,-0.796690982528,
    5.412106034302));
#5157 = CARTESIAN_POINT('',(11.781380193531,-0.870065574317,
    6.512043125129));
#5158 = CARTESIAN_POINT('',(11.13475600974,-0.943442716127,
    7.550526416635));
#5159 = CARTESIAN_POINT('',(10.385057795792,-1.016836613483,
    8.51482957596));
#5160 = CARTESIAN_POINT('',(9.542251842666,-1.090249398522,
    9.393194934643));
#5161 = CARTESIAN_POINT('',(7.725113451817,-1.234634526812,
    10.932368007046));
#5162 = CARTESIAN_POINT('',(6.755030460666,-1.305676875348,
    11.599980560188));
#5163 = CARTESIAN_POINT('',(5.719552233978,-1.376703800924,
    12.168687389427));
#5164 = CARTESIAN_POINT('',(4.63057913631,-1.447718419441,
    12.631260858498));
#5165 = CARTESIAN_POINT('',(3.500654557478,-1.518733040731,
    12.982128549783));
#5166 = CARTESIAN_POINT('',(2.342950722029,-1.589760045604,
    13.217433821287));
#5167 = CARTESIAN_POINT('',(1.171228541955,-1.66080206596,13.335));
#5168 = CARTESIAN_POINT('',(-8.881784197001E-15,-1.731814184538,13.335)
  );
#5169 = PCURVE('',#2637,#5170);
#5170 = DEFINITIONAL_REPRESENTATION('',(#5171),#5237);
#5171 = B_SPLINE_CURVE_WITH_KNOTS('',8,(#5172,#5173,#5174,#5175,#5176,
    #5177,#5178,#5179,#5180,#5181,#5182,#5183,#5184,#5185,#5186,#5187,
    #5188,#5189,#5190,#5191,#5192,#5193,#5194,#5195,#5196,#5197,#5198,
    #5199,#5200,#5201,#5202,#5203,#5204,#5205,#5206,#5207,#5208,#5209,
    #5210,#5211,#5212,#5213,#5214,#5215,#5216,#5217,#5218,#5219,#5220,
    #5221,#5222,#5223,#5224,#5225,#5226,#5227,#5228,#5229,#5230,#5231,
    #5232,#5233,#5234,#5235,#5236),.UNSPECIFIED.,.F.,.F.,(9,7,7,7,7,7,7,
    7,7,9),(0.,8.271733699328E-02,0.173366932038,0.25116681255,
    0.347185578847,0.500110342387,0.634389086234,0.77256440008,
    0.888139713989,1.),.UNSPECIFIED.);
#5172 = CARTESIAN_POINT('',(46.459436940575,0.999606531035));
#5173 = CARTESIAN_POINT('',(46.375912268038,0.999606538539));
#5174 = CARTESIAN_POINT('',(46.292376789303,0.999606535242));
#5175 = CARTESIAN_POINT('',(46.208845366013,0.999606521137));
#5176 = CARTESIAN_POINT('',(46.125319289951,0.999606500016));
#5177 = CARTESIAN_POINT('',(46.041793042625,0.999606476985));
#5178 = CARTESIAN_POINT('',(45.958261082982,0.999606456585));
#5179 = CARTESIAN_POINT('',(45.87472466328,0.999606441531));
#5180 = CARTESIAN_POINT('',(45.699662878251,0.999606421678));
#5181 = CARTESIAN_POINT('',(45.608113327809,0.999606417967));
#5182 = CARTESIAN_POINT('',(45.516571184002,0.999606421935));
#5183 = CARTESIAN_POINT('',(45.425037187543,0.999606430664));
#5184 = CARTESIAN_POINT('',(45.333502123063,0.99960643984));
#5185 = CARTESIAN_POINT('',(45.24195746809,0.999606445759));
#5186 = CARTESIAN_POINT('',(45.150406225535,0.999606446792));
#5187 = CARTESIAN_POINT('',(44.980316491128,0.999606442192));
#5188 = CARTESIAN_POINT('',(44.901746607753,0.999606437458));
#5189 = CARTESIAN_POINT('',(44.823178570018,0.999606430612));
#5190 = CARTESIAN_POINT('',(44.744615295357,0.999606423692));
#5191 = CARTESIAN_POINT('',(44.666053660246,0.999606419268));
#5192 = CARTESIAN_POINT('',(44.587489654874,0.999606419534));
#5193 = CARTESIAN_POINT('',(44.508923370434,0.999606425485));
#5194 = CARTESIAN_POINT('',(44.333407484961,0.999606449434));
#5195 = CARTESIAN_POINT('',(44.236428747575,0.999606469794));
#5196 = CARTESIAN_POINT('',(44.139459133487,0.999606496612));
#5197 = CARTESIAN_POINT('',(44.042501685404,0.999606523631));
#5198 = CARTESIAN_POINT('',(43.945545016334,0.999606542442));
#5199 = CARTESIAN_POINT('',(43.848577414899,0.999606545912));
#5200 = CARTESIAN_POINT('',(43.751601001761,0.999606531608));
#5201 = CARTESIAN_POINT('',(43.500229973489,0.999606463153));
#5202 = CARTESIAN_POINT('',(43.345604895575,0.999606389142));
#5203 = CARTESIAN_POINT('',(43.191107356775,0.999606308376));
#5204 = CARTESIAN_POINT('',(43.036681293344,0.999606255691));
#5205 = CARTESIAN_POINT('',(42.88225516383,0.999606368328));
#5206 = CARTESIAN_POINT('',(42.727757326872,0.999606531961));
#5207 = CARTESIAN_POINT('',(42.573130925627,0.999606590146));
#5208 = CARTESIAN_POINT('',(42.283131032271,0.999606534106));
#5209 = CARTESIAN_POINT('',(42.14742951985,0.999606357703));
#5210 = CARTESIAN_POINT('',(42.011790217646,0.999606673475));
#5211 = CARTESIAN_POINT('',(41.876194789919,0.999605271493));
#5212 = CARTESIAN_POINT('',(41.740600659741,0.999607394907));
#5213 = CARTESIAN_POINT('',(41.604965674305,0.999606249981));
#5214 = CARTESIAN_POINT('',(41.469265746807,0.99960631734));
#5215 = CARTESIAN_POINT('',(41.194149707076,0.999606360523));
#5216 = CARTESIAN_POINT('',(41.054492261923,0.999606486985));
#5217 = CARTESIAN_POINT('',(40.914908250887,0.999606672665));
#5218 = CARTESIAN_POINT('',(40.775373552911,0.999606644975));
#5219 = CARTESIAN_POINT('',(40.635839148144,0.999606519259));
#5220 = CARTESIAN_POINT('',(40.496256471546,0.999606413321));
#5221 = CARTESIAN_POINT('',(40.356595543268,0.999606356945));
#5222 = CARTESIAN_POINT('',(40.100357218249,0.999606341695));
#5223 = CARTESIAN_POINT('',(39.983602972876,0.999606368127));
#5224 = CARTESIAN_POINT('',(39.866878191158,0.999606425768));
#5225 = CARTESIAN_POINT('',(39.750173492635,0.999606492043));
#5226 = CARTESIAN_POINT('',(39.633464763429,0.999606534193));
#5227 = CARTESIAN_POINT('',(39.516729414211,0.99960654742));
#5228 = CARTESIAN_POINT('',(39.39996404658,0.999606538586));
#5229 = CARTESIAN_POINT('',(39.170314935004,0.999606498752));
#5230 = CARTESIAN_POINT('',(39.05731984469,0.99960646845));
#5231 = CARTESIAN_POINT('',(38.944349286377,0.999606436913));
#5232 = CARTESIAN_POINT('',(38.831398290983,0.999606416718));
#5233 = CARTESIAN_POINT('',(38.718447272876,0.999606414042));
#5234 = CARTESIAN_POINT('',(38.605476547768,0.999606421429));
#5235 = CARTESIAN_POINT('',(38.492481937614,0.999606431156));
#5236 = CARTESIAN_POINT('',(38.379534889859,0.999606438329));
#5237 = ( GEOMETRIC_REPRESENTATION_CONTEXT(2) 
PARAMETRIC_REPRESENTATION_CONTEXT() REPRESENTATION_CONTEXT('2D SPACE',''
  ) );
#5238 = PCURVE('',#4036,#5239);
#5239 = DEFINITIONAL_REPRESENTATION('',(#5240),#5306);
#5240 = B_SPLINE_CURVE_WITH_KNOTS('',8,(#5241,#5242,#5243,#5244,#5245,
    #5246,#5247,#5248,#5249,#5250,#5251,#5252,#5253,#5254,#5255,#5256,
    #5257,#5258,#5259,#5260,#5261,#5262,#5263,#5264,#5265,#5266,#5267,
    #5268,#5269,#5270,#5271,#5272,#5273,#5274,#5275,#5276,#5277,#5278,
    #5279,#5280,#5281,#5282,#5283,#5284,#5285,#5286,#5287,#5288,#5289,
    #5290,#5291,#5292,#5293,#5294,#5295,#5296,#5297,#5298,#5299,#5300,
    #5301,#5302,#5303,#5304,#5305),.UNSPECIFIED.,.F.,.F.,(9,7,7,7,7,7,7,
    7,7,9),(0.,8.271733699328E-02,0.173366932038,0.25116681255,
    0.347185578847,0.500110342387,0.634389086234,0.77256440008,
    0.888139713989,1.),.UNSPECIFIED.);
#5241 = CARTESIAN_POINT('',(6.28318530718,33.34818585865));
#5242 = CARTESIAN_POINT('',(6.21823390346,33.295672190475));
#5243 = CARTESIAN_POINT('',(6.153274095445,33.243151721126));
#5244 = CARTESIAN_POINT('',(6.088317439443,33.190633794419));
#5245 = CARTESIAN_POINT('',(6.023364939744,33.138119225016));
#5246 = CARTESIAN_POINT('',(5.958412305282,33.08560454668));
#5247 = CARTESIAN_POINT('',(5.893455227954,33.033086278622));
#5248 = CARTESIAN_POINT('',(5.828494682563,32.980565209945));
#5249 = CARTESIAN_POINT('',(5.692361138526,32.870500265514));
#5250 = CARTESIAN_POINT('',(5.621169332967,32.812941184798));
#5251 = CARTESIAN_POINT('',(5.549983289157,32.755386765829));
#5252 = CARTESIAN_POINT('',(5.478803583796,32.697837472391));
#5253 = CARTESIAN_POINT('',(5.407623050641,32.640287507761));
#5254 = CARTESIAN_POINT('',(5.336435061435,32.582731511252));
#5255 = CARTESIAN_POINT('',(5.265241949953,32.525171369785));
#5256 = CARTESIAN_POINT('',(5.132974848026,32.418232465481));
#5257 = CARTESIAN_POINT('',(5.071876446708,32.36883396674));
#5258 = CARTESIAN_POINT('',(5.010779479452,32.319436627003));
#5259 = CARTESIAN_POINT('',(4.949686214329,32.27004228186));
#5260 = CARTESIAN_POINT('',(4.888594222133,32.220648969175));
#5261 = CARTESIAN_POINT('',(4.827500384907,32.171254169339));
#5262 = CARTESIAN_POINT('',(4.766404774131,32.121857940342));
#5263 = CARTESIAN_POINT('',(4.629918106721,32.01150752243));
#5264 = CARTESIAN_POINT('',(4.554504392433,31.950535016445));
#5265 = CARTESIAN_POINT('',(4.479097772929,31.889568250707));
#5266 = CARTESIAN_POINT('',(4.403700615932,31.828609134118));
#5267 = CARTESIAN_POINT('',(4.328304067488,31.767650501919));
#5268 = CARTESIAN_POINT('',(4.252899020239,31.706684986241));
#5269 = CARTESIAN_POINT('',(4.177487122154,31.645713918788));
#5270 = CARTESIAN_POINT('',(3.982013133496,31.487671757573));
#5271 = CARTESIAN_POINT('',(3.861771828326,31.390455754092));
#5272 = CARTESIAN_POINT('',(3.741629698269,31.293319932629));
#5273 = CARTESIAN_POINT('',(3.621543141422,31.19622906764));
#5274 = CARTESIAN_POINT('',(3.50145652926,31.099138269703));
#5275 = CARTESIAN_POINT('',(3.381314176148,31.002002421324));
#5276 = CARTESIAN_POINT('',(3.261071844643,30.904785672676));
#5277 = CARTESIAN_POINT('',(3.035558828899,30.722456760604));
#5278 = CARTESIAN_POINT('',(2.930033073755,30.637138323247));
#5279 = CARTESIAN_POINT('',(2.824555664218,30.551859322031));
#5280 = CARTESIAN_POINT('',(2.719112347672,30.466606777225));
#5281 = CARTESIAN_POINT('',(2.613670210319,30.381357364006));
#5282 = CARTESIAN_POINT('',(2.508196160489,30.296080117317));
#5283 = CARTESIAN_POINT('',(2.402671674811,30.210762836557));
#5284 = CARTESIAN_POINT('',(2.188732797369,30.037791773419));
#5285 = CARTESIAN_POINT('',(2.080130762287,29.949986359042));
#5286 = CARTESIAN_POINT('',(1.971585839373,29.862227153096));
#5287 = CARTESIAN_POINT('',(1.863079302975,29.774498811125));
#5288 = CARTESIAN_POINT('',(1.754572977622,29.686770589105));
#5289 = CARTESIAN_POINT('',(1.646029112833,29.59901203059));
#5290 = CARTESIAN_POINT('',(1.537424392456,29.511204306195));
#5291 = CARTESIAN_POINT('',(1.338165430904,29.350102010731));
#5292 = CARTESIAN_POINT('',(1.247373666405,29.276696241649));
#5293 = CARTESIAN_POINT('',(1.156604815711,29.203309017472));
#5294 = CARTESIAN_POINT('',(1.065851585943,29.129934425683));
#5295 = CARTESIAN_POINT('',(0.975095223233,29.056557283873));
#5296 = CARTESIAN_POINT('',(0.884318157732,28.983163386517));
#5297 = CARTESIAN_POINT('',(0.793517745606,28.909750601478));
#5298 = CARTESIAN_POINT('',(0.614935387778,28.765365473188));
#5299 = CARTESIAN_POINT('',(0.527066855837,28.694323124652));
#5300 = CARTESIAN_POINT('',(0.439217398324,28.623296199076));
#5301 = CARTESIAN_POINT('',(0.351383152935,28.552281580559));
#5302 = CARTESIAN_POINT('',(0.263548892614,28.481266959269));
#5303 = CARTESIAN_POINT('',(0.175699312038,28.410239954396));
#5304 = CARTESIAN_POINT('',(8.783116175143E-02,28.33919793404));
#5305 = CARTESIAN_POINT('',(0.,28.268185815462));
#5306 = ( GEOMETRIC_REPRESENTATION_CONTEXT(2) 
PARAMETRIC_REPRESENTATION_CONTEXT() REPRESENTATION_CONTEXT('2D SPACE',''
  ) );
#5307 = ORIENTED_EDGE('',*,*,#5308,.T.);
#5308 = EDGE_CURVE('',#5100,#5309,#5311,.T.);
#5309 = VERTEX_POINT('',#5310);
#5310 = CARTESIAN_POINT('',(-3.266133013326E-15,-6.811814159611,13.335)
  );
#5311 = SURFACE_CURVE('',#5312,(#5385,#5461),.PCURVE_S1.);
#5312 = B_SPLINE_CURVE_WITH_KNOTS('',8,(#5313,#5314,#5315,#5316,#5317,
    #5318,#5319,#5320,#5321,#5322,#5323,#5324,#5325,#5326,#5327,#5328,
    #5329,#5330,#5331,#5332,#5333,#5334,#5335,#5336,#5337,#5338,#5339,
    #5340,#5341,#5342,#5343,#5344,#5345,#5346,#5347,#5348,#5349,#5350,
    #5351,#5352,#5353,#5354,#5355,#5356,#5357,#5358,#5359,#5360,#5361,
    #5362,#5363,#5364,#5365,#5366,#5367,#5368,#5369,#5370,#5371,#5372,
    #5373,#5374,#5375,#5376,#5377,#5378,#5379,#5380,#5381,#5382,#5383,
    #5384),.UNSPECIFIED.,.F.,.F.,(9,7,7,7,7,7,7,7,7,7,9),(0.,
    9.242665464107E-02,0.189395658405,0.280250259531,0.375763224811,
    0.467618049644,0.563097393361,0.656600329082,0.753068823675,
    0.891471167664,1.),.UNSPECIFIED.);
#5313 = CARTESIAN_POINT('',(-8.881784197001E-15,-1.731814184538,13.335)
  );
#5314 = CARTESIAN_POINT('',(-0.967848928482,-1.790495304758,13.335));
#5315 = CARTESIAN_POINT('',(-1.935895783931,-1.849188201898,
    13.254718228589));
#5316 = CARTESIAN_POINT('',(-2.896083963298,-1.907876479053,
    13.094100555796));
#5317 = CARTESIAN_POINT('',(-3.840636004172,-1.966558658647,
    12.854115961296));
#5318 = CARTESIAN_POINT('',(-4.762017383113,-2.02524079834,
    12.536584818795));
#5319 = CARTESIAN_POINT('',(-5.652932309586,-2.083929075128,
    12.144118535252));
#5320 = CARTESIAN_POINT('',(-6.506351515484,-2.142622337647,
    11.680170544945));
#5321 = CARTESIAN_POINT('',(-8.164562068257,-2.26287088296,
    10.592131921863));
#5322 = CARTESIAN_POINT('',(-8.965285543016,-2.324452295892,
    9.961039932588));
#5323 = CARTESIAN_POINT('',(-9.709893769952,-2.386028018697,
    9.26098583401));
#5324 = CARTESIAN_POINT('',(-10.39152508207,-2.447596165758,
    8.49788370165));
#5325 = CARTESIAN_POINT('',(-11.00413625805,-2.50916433265,
    7.678338583691));
#5326 = CARTESIAN_POINT('',(-11.54245340351,-2.570740126158,
    6.80958430682));
#5327 = CARTESIAN_POINT('',(-12.00204229539,-2.632321704285,
    5.899519047343));
#5328 = CARTESIAN_POINT('',(-12.73315351616,-2.751572850856,
    4.073599213973));
#5329 = CARTESIAN_POINT('',(-13.01486417774,-2.809269351996,
    3.161336451687));
#5330 = CARTESIAN_POINT('',(-13.22173436438,-2.866962066491,
    2.227136801397));
#5331 = CARTESIAN_POINT('',(-13.35185273553,-2.924649250461,
    1.278201267345));
#5332 = CARTESIAN_POINT('',(-13.4041337183,-2.982336246942,
    0.321817597295));
#5333 = CARTESIAN_POINT('',(-13.37826367466,-3.040028589094,
    -0.634656553286));
#5334 = CARTESIAN_POINT('',(-13.27475193729,-3.09772513903,
    -1.58379945284));
#5335 = CARTESIAN_POINT('',(-12.90620956344,-3.216055110943,
    -3.500345968219));
#5336 = CARTESIAN_POINT('',(-12.63308601877,-3.276713676966,
    -4.466623967252));
#5337 = CARTESIAN_POINT('',(-12.2773332647,-3.337366959057,
    -5.408174777965));
#5338 = CARTESIAN_POINT('',(-11.84166494546,-3.39801274343,
    -6.316770478847));
#5339 = CARTESIAN_POINT('',(-11.32969344136,-3.458657883869,
    -7.184650637733));
#5340 = CARTESIAN_POINT('',(-10.74585612931,-3.519309586587,
    -8.004502757965));
#5341 = CARTESIAN_POINT('',(-10.09546562765,-3.579966699853,
    -8.769507100135));
#5342 = CARTESIAN_POINT('',(-8.701517652906,-3.698932643795,
    -10.15042384858));
#5343 = CARTESIAN_POINT('',(-7.962211082088,-3.757265129326,
    -10.77119323182));
#5344 = CARTESIAN_POINT('',(-7.172546378587,-3.815592606071,
    -11.33015521662));
#5345 = CARTESIAN_POINT('',(-6.338611976989,-3.873913690311,
    -11.82261064838));
#5346 = CARTESIAN_POINT('',(-5.466912851958,-3.93223437881,
    -12.24461704261));
#5347 = CARTESIAN_POINT('',(-4.564332493835,-3.990560907458,
    -12.5929435361));
#5348 = CARTESIAN_POINT('',(-3.638146688682,-4.048892563262,
    -12.86512377689));
#5349 = CARTESIAN_POINT('',(-1.716858668107,-4.167837671695,
    -13.26176387436));
#5350 = CARTESIAN_POINT('',(-0.720127558652,-4.228471563615,
    -13.3800434361));
#5351 = CARTESIAN_POINT('',(0.285431840225,-4.289099199285,
    -13.41260394773));
#5352 = CARTESIAN_POINT('',(1.291223391495,-4.349720211584,
    -13.35879947227));
#5353 = CARTESIAN_POINT('',(2.288719593599,-4.41034228318,
    -13.21897750611));
#5354 = CARTESIAN_POINT('',(3.269469527594,-4.470972466698,
    -12.99441675802));
#5355 = CARTESIAN_POINT('',(4.22512236434,-4.5316083343,-12.68740482727)
  );
#5356 = CARTESIAN_POINT('',(6.050718116129,-4.651594741328,
    -11.92349582192));
#5357 = CARTESIAN_POINT('',(6.92245404365,-4.710973533698,
    -11.46965387754));
#5358 = CARTESIAN_POINT('',(7.754942995252,-4.770347570314,
    -10.94309968299));
#5359 = CARTESIAN_POINT('',(8.541145333599,-4.829715065107,
    -10.34788111132));
#5360 = CARTESIAN_POINT('',(9.274604675577,-4.88908231727,
    -9.688768920194));
#5361 = CARTESIAN_POINT('',(9.9494178,-4.948455824614,-8.971198010518));
#5362 = CARTESIAN_POINT('',(10.560282790466,-5.007834402431,
    -8.201305197455));
#5363 = CARTESIAN_POINT('',(11.662169089519,-5.128451106611,
    -6.544965411424));
#5364 = CARTESIAN_POINT('',(12.149024987142,-5.18971529647,
    -5.655220117951));
#5365 = CARTESIAN_POINT('',(12.558044405749,-5.250973600477,
    -4.724443257294));
#5366 = CARTESIAN_POINT('',(12.88529189338,-5.31222407996,
    -3.760640087533));
#5367 = CARTESIAN_POINT('',(13.127836398308,-5.373474077719,
    -2.772124444232));
#5368 = CARTESIAN_POINT('',(13.283683502548,-5.434731140571,
    -1.7674795972));
#5369 = CARTESIAN_POINT('',(13.351848737157,-5.495993921235,
    -0.755561000448));
#5370 = CARTESIAN_POINT('',(13.304915815775,-5.645116560114,
    1.703524327662));
#5371 = CARTESIAN_POINT('',(13.097240267086,-5.733074137894,
    3.15054323733));
#5372 = CARTESIAN_POINT('',(12.709487078576,-5.820983251797,
    4.567215267247));
#5373 = CARTESIAN_POINT('',(12.147587750899,-5.90886158212,
    5.927722223818));
#5374 = CARTESIAN_POINT('',(11.420932863909,-5.996739695506,
    7.207830099805));
#5375 = CARTESIAN_POINT('',(10.542842284838,-6.084648723408,
    8.385226751916));
#5376 = CARTESIAN_POINT('',(9.530032480299,-6.172605366801,
    9.439344381483));
#5377 = CARTESIAN_POINT('',(7.522505635043,-6.329383826291,
    11.069134482082));
#5378 = CARTESIAN_POINT('',(6.570039622733,-6.398318291423,
    11.699802881985));
#5379 = CARTESIAN_POINT('',(5.557637850586,-6.467239666524,
    12.236341005457));
#5380 = CARTESIAN_POINT('',(4.496295540713,-6.536148921072,
    12.672305766759));
#5381 = CARTESIAN_POINT('',(3.397548452217,-6.605056423358,
    13.002758195407));
#5382 = CARTESIAN_POINT('',(2.273455264109,-6.673973595929,
    13.224291162013));
#5383 = CARTESIAN_POINT('',(1.13655804661,-6.742904149664,13.335));
#5384 = CARTESIAN_POINT('',(-3.552713678801E-15,-6.811814159611,13.335)
  );
#5385 = PCURVE('',#2637,#5386);
#5386 = DEFINITIONAL_REPRESENTATION('',(#5387),#5460);
#5387 = B_SPLINE_CURVE_WITH_KNOTS('',8,(#5388,#5389,#5390,#5391,#5392,
    #5393,#5394,#5395,#5396,#5397,#5398,#5399,#5400,#5401,#5402,#5403,
    #5404,#5405,#5406,#5407,#5408,#5409,#5410,#5411,#5412,#5413,#5414,
    #5415,#5416,#5417,#5418,#5419,#5420,#5421,#5422,#5423,#5424,#5425,
    #5426,#5427,#5428,#5429,#5430,#5431,#5432,#5433,#5434,#5435,#5436,
    #5437,#5438,#5439,#5440,#5441,#5442,#5443,#5444,#5445,#5446,#5447,
    #5448,#5449,#5450,#5451,#5452,#5453,#5454,#5455,#5456,#5457,#5458,
    #5459),.UNSPECIFIED.,.F.,.F.,(9,7,7,7,7,7,7,7,7,7,9),(0.,
    9.242665464107E-02,0.189395658405,0.280250259531,0.375763224811,
    0.467618049644,0.563097393361,0.656600329082,0.753068823675,
    0.891471167664,1.),.UNSPECIFIED.);
#5388 = CARTESIAN_POINT('',(38.379534889859,0.999606438329));
#5389 = CARTESIAN_POINT('',(38.286200689719,0.999606444256));
#5390 = CARTESIAN_POINT('',(38.192847759765,0.999606448503));
#5391 = CARTESIAN_POINT('',(38.099502182895,0.999606448109));
#5392 = CARTESIAN_POINT('',(38.006166310238,0.999606442118));
#5393 = CARTESIAN_POINT('',(37.912830504779,0.999606432553));
#5394 = CARTESIAN_POINT('',(37.819484937204,0.999606423821));
#5395 = CARTESIAN_POINT('',(37.726131433968,0.999606420542));
#5396 = CARTESIAN_POINT('',(37.534872279105,0.99960642722));
#5397 = CARTESIAN_POINT('',(37.436925065991,0.999606437818));
#5398 = CARTESIAN_POINT('',(37.338986893458,0.999606457746));
#5399 = CARTESIAN_POINT('',(37.24106076259,0.999606485136));
#5400 = CARTESIAN_POINT('',(37.143134598984,0.999606513671));
#5401 = CARTESIAN_POINT('',(37.045196313132,0.999606534426));
#5402 = CARTESIAN_POINT('',(36.94724884255,0.99960653997));
#5403 = CARTESIAN_POINT('',(36.757576107883,0.999606522075));
#5404 = CARTESIAN_POINT('',(36.665808004609,0.999606500432));
#5405 = CARTESIAN_POINT('',(36.574045938551,0.999606464972));
#5406 = CARTESIAN_POINT('',(36.482292678306,0.999606420574));
#5407 = CARTESIAN_POINT('',(36.390539715137,0.999606377261));
#5408 = CARTESIAN_POINT('',(36.298778235621,0.999606347238));
#5409 = CARTESIAN_POINT('',(36.207010040158,0.999606339548));
#5410 = CARTESIAN_POINT('',(36.018802417097,0.999606365755));
#5411 = CARTESIAN_POINT('',(35.92232299528,0.999606401386));
#5412 = CARTESIAN_POINT('',(35.82585195287,0.999606460807));
#5413 = CARTESIAN_POINT('',(35.729392826291,0.999606529348));
#5414 = CARTESIAN_POINT('',(35.632934739994,0.999606582496));
#5415 = CARTESIAN_POINT('',(35.53646625711,0.999606596471));
#5416 = CARTESIAN_POINT('',(35.439989218172,0.999606562976));
#5417 = CARTESIAN_POINT('',(35.250770201173,0.999606455316));
#5418 = CARTESIAN_POINT('',(35.157990564832,0.999606414149));
#5419 = CARTESIAN_POINT('',(35.065218997815,0.999606274695));
#5420 = CARTESIAN_POINT('',(34.972457497424,0.999606231775));
#5421 = CARTESIAN_POINT('',(34.87969644269,0.999606364755));
#5422 = CARTESIAN_POINT('',(34.786926080412,0.999606515537));
#5423 = CARTESIAN_POINT('',(34.694147773856,0.999606464726));
#5424 = CARTESIAN_POINT('',(34.504961909129,0.999606344882));
#5425 = CARTESIAN_POINT('',(34.408521836615,0.999606280632));
#5426 = CARTESIAN_POINT('',(34.312091608736,0.999606317963));
#5427 = CARTESIAN_POINT('',(34.215671849225,0.999606418765));
#5428 = CARTESIAN_POINT('',(34.119250410656,0.999606514027));
#5429 = CARTESIAN_POINT('',(34.022816115405,0.999606565657));
#5430 = CARTESIAN_POINT('',(33.926372820319,0.999606578156));
#5431 = CARTESIAN_POINT('',(33.735530648943,0.999606542549));
#5432 = CARTESIAN_POINT('',(33.641086833658,0.99960649615));
#5433 = CARTESIAN_POINT('',(33.546650601757,0.999606431371));
#5434 = CARTESIAN_POINT('',(33.452224768896,0.999606372273));
#5435 = CARTESIAN_POINT('',(33.357799296459,0.999606337569));
#5436 = CARTESIAN_POINT('',(33.263363844616,0.999606331907));
#5437 = CARTESIAN_POINT('',(33.16892030588,0.999606347439));
#5438 = CARTESIAN_POINT('',(32.977075529574,0.999606404862));
#5439 = CARTESIAN_POINT('',(32.879632836444,0.999606447462));
#5440 = CARTESIAN_POINT('',(32.78219950152,0.999606493342));
#5441 = CARTESIAN_POINT('',(32.68477862265,0.999606528792));
#5442 = CARTESIAN_POINT('',(32.587358529688,0.999606545376));
#5443 = CARTESIAN_POINT('',(32.489927218944,0.999606543321));
#5444 = CARTESIAN_POINT('',(32.392486826169,0.999606529464));
#5445 = CARTESIAN_POINT('',(32.155302561364,0.999606481481));
#5446 = CARTESIAN_POINT('',(32.015403269483,0.999606441388));
#5447 = CARTESIAN_POINT('',(31.875581053989,0.99960640795));
#5448 = CARTESIAN_POINT('',(31.735807768985,0.999606404927));
#5449 = CARTESIAN_POINT('',(31.596034802988,0.999606426825));
#5450 = CARTESIAN_POINT('',(31.456212672291,0.99960644315));
#5451 = CARTESIAN_POINT('',(31.316314819607,0.999606448018));
#5452 = CARTESIAN_POINT('',(31.066953684475,0.999606441557));
#5453 = CARTESIAN_POINT('',(30.957311226695,0.99960643353));
#5454 = CARTESIAN_POINT('',(30.847689592627,0.999606422057));
#5455 = CARTESIAN_POINT('',(30.738087234214,0.999606412951));
#5456 = CARTESIAN_POINT('',(30.628487650203,0.999606415927));
#5457 = CARTESIAN_POINT('',(30.518872669882,0.999606433657));
#5458 = CARTESIAN_POINT('',(30.409236397804,0.999606459608));
#5459 = CARTESIAN_POINT('',(30.299632801699,0.999606485154));
#5460 = ( GEOMETRIC_REPRESENTATION_CONTEXT(2) 
PARAMETRIC_REPRESENTATION_CONTEXT() REPRESENTATION_CONTEXT('2D SPACE',''
  ) );
#5461 = PCURVE('',#3822,#5462);
#5462 = DEFINITIONAL_REPRESENTATION('',(#5463),#5536);
#5463 = B_SPLINE_CURVE_WITH_KNOTS('',8,(#5464,#5465,#5466,#5467,#5468,
    #5469,#5470,#5471,#5472,#5473,#5474,#5475,#5476,#5477,#5478,#5479,
    #5480,#5481,#5482,#5483,#5484,#5485,#5486,#5487,#5488,#5489,#5490,
    #5491,#5492,#5493,#5494,#5495,#5496,#5497,#5498,#5499,#5500,#5501,
    #5502,#5503,#5504,#5505,#5506,#5507,#5508,#5509,#5510,#5511,#5512,
    #5513,#5514,#5515,#5516,#5517,#5518,#5519,#5520,#5521,#5522,#5523,
    #5524,#5525,#5526,#5527,#5528,#5529,#5530,#5531,#5532,#5533,#5534,
    #5535),.UNSPECIFIED.,.F.,.F.,(9,7,7,7,7,7,7,7,7,7,9),(0.,
    9.242665464107E-02,0.189395658405,0.280250259531,0.375763224811,
    0.467618049644,0.563097393361,0.656600329082,0.753068823675,
    0.891471167664,1.),.UNSPECIFIED.);
#5464 = CARTESIAN_POINT('',(6.28318530718,28.268185815462));
#5465 = CARTESIAN_POINT('',(6.210605709993,28.209504695242));
#5466 = CARTESIAN_POINT('',(6.138011549622,28.150811798102));
#5467 = CARTESIAN_POINT('',(6.065423108161,28.092123520947));
#5468 = CARTESIAN_POINT('',(5.992842212391,28.033441341353));
#5469 = CARTESIAN_POINT('',(5.920261366851,27.97475920166));
#5470 = CARTESIAN_POINT('',(5.847672927186,27.916070924872));
#5471 = CARTESIAN_POINT('',(5.775078313771,27.857377662353));
#5472 = CARTESIAN_POINT('',(5.626349189501,27.73712911704));
#5473 = CARTESIAN_POINT('',(5.550182358944,27.675547704108));
#5474 = CARTESIAN_POINT('',(5.474022557172,27.613971981303));
#5475 = CARTESIAN_POINT('',(5.397872119665,27.552403834242));
#5476 = CARTESIAN_POINT('',(5.321721658591,27.49083566735));
#5477 = CARTESIAN_POINT('',(5.245561773539,27.429259873842));
#5478 = CARTESIAN_POINT('',(5.169394748556,27.367678295715));
#5479 = CARTESIAN_POINT('',(5.021899284248,27.248427149144));
#5480 = CARTESIAN_POINT('',(4.950537531647,27.190730648004));
#5481 = CARTESIAN_POINT('',(4.879180474398,27.133037933509));
#5482 = CARTESIAN_POINT('',(4.807830264114,27.075350749539));
#5483 = CARTESIAN_POINT('',(4.736480283206,27.017663753058));
#5484 = CARTESIAN_POINT('',(4.665123678091,26.959971410906));
#5485 = CARTESIAN_POINT('',(4.593761849674,26.90227486097));
#5486 = CARTESIAN_POINT('',(4.447405696623,26.783944889057));
#5487 = CARTESIAN_POINT('',(4.372380271302,26.723286323034));
#5488 = CARTESIAN_POINT('',(4.297361363101,26.662633040943));
#5489 = CARTESIAN_POINT('',(4.222351723754,26.60198725657));
#5490 = CARTESIAN_POINT('',(4.147342895454,26.541342116131));
#5491 = CARTESIAN_POINT('',(4.072325981078,26.480690413413));
#5492 = CARTESIAN_POINT('',(3.997302407953,26.420033300147));
#5493 = CARTESIAN_POINT('',(3.850159753369,26.301067356205));
#5494 = CARTESIAN_POINT('',(3.778011393716,26.242734870674));
#5495 = CARTESIAN_POINT('',(3.70586928682,26.184407393929));
#5496 = CARTESIAN_POINT('',(3.63373502227,26.126086309689));
#5497 = CARTESIAN_POINT('',(3.561601135714,26.06776562119));
#5498 = CARTESIAN_POINT('',(3.489460017527,26.009439092542));
#5499 = CARTESIAN_POINT('',(3.417312693087,25.951107436738));
#5500 = CARTESIAN_POINT('',(3.270195857422,25.832162328305));
#5501 = CARTESIAN_POINT('',(3.19520104065,25.771528436385));
#5502 = CARTESIAN_POINT('',(3.120213857131,25.710900800715));
#5503 = CARTESIAN_POINT('',(3.045234807688,25.650279788416));
#5504 = CARTESIAN_POINT('',(2.970254461713,25.58965771682));
#5505 = CARTESIAN_POINT('',(2.895264128047,25.529027533302));
#5506 = CARTESIAN_POINT('',(2.820266796184,25.4683916657));
#5507 = CARTESIAN_POINT('',(2.671861941972,25.348405258672));
#5508 = CARTESIAN_POINT('',(2.598419472594,25.289026466302));
#5509 = CARTESIAN_POINT('',(2.524982899261,25.229652429686));
#5510 = CARTESIAN_POINT('',(2.451554410245,25.170284934893));
#5511 = CARTESIAN_POINT('',(2.37812619955,25.11091768273));
#5512 = CARTESIAN_POINT('',(2.304690228137,25.051544175386));
#5513 = CARTESIAN_POINT('',(2.231247969291,24.992165597569));
#5514 = CARTESIAN_POINT('',(2.082063454425,24.871548893389));
#5515 = CARTESIAN_POINT('',(2.006288961373,24.81028470353));
#5516 = CARTESIAN_POINT('',(1.930521747276,24.749026399523));
#5517 = CARTESIAN_POINT('',(1.854764220185,24.68777592004));
#5518 = CARTESIAN_POINT('',(1.779007303544,24.626525922281));
#5519 = CARTESIAN_POINT('',(1.703241661601,24.565268859429));
#5520 = CARTESIAN_POINT('',(1.62746895463,24.504006078765));
#5521 = CARTESIAN_POINT('',(1.443027023102,24.354883439886));
#5522 = CARTESIAN_POINT('',(1.334236937072,24.266925862106));
#5523 = CARTESIAN_POINT('',(1.225506785456,24.179016748203));
#5524 = CARTESIAN_POINT('',(1.116814685664,24.09113841788));
#5525 = CARTESIAN_POINT('',(1.00812284331,24.003260304494));
#5526 = CARTESIAN_POINT('',(0.89939277645,23.915351276592));
#5527 = CARTESIAN_POINT('',(0.790603828319,23.827394633199));
#5528 = CARTESIAN_POINT('',(0.596692803743,23.670616173709));
#5529 = CARTESIAN_POINT('',(0.511431395496,23.601681708577));
#5530 = CARTESIAN_POINT('',(0.426186177635,23.532760333476));
#5531 = CARTESIAN_POINT('',(0.340955944785,23.463851078928));
#5532 = CARTESIAN_POINT('',(0.255727865074,23.394943576642));
#5533 = CARTESIAN_POINT('',(0.170487810749,23.326026404071));
#5534 = CARTESIAN_POINT('',(8.523119959584E-02,23.257095850336));
#5535 = CARTESIAN_POINT('',(0.,23.188185840389));
#5536 = ( GEOMETRIC_REPRESENTATION_CONTEXT(2) 
PARAMETRIC_REPRESENTATION_CONTEXT() REPRESENTATION_CONTEXT('2D SPACE',''
  ) );
#5537 = ORIENTED_EDGE('',*,*,#5538,.T.);
#5538 = EDGE_CURVE('',#5309,#5539,#5541,.T.);
#5539 = VERTEX_POINT('',#5540);
#5540 = CARTESIAN_POINT('',(-3.266133013326E-15,-11.89181425018,13.335)
  );
#5541 = SURFACE_CURVE('',#5542,(#5608,#5677),.PCURVE_S1.);
#5542 = B_SPLINE_CURVE_WITH_KNOTS('',8,(#5543,#5544,#5545,#5546,#5547,
    #5548,#5549,#5550,#5551,#5552,#5553,#5554,#5555,#5556,#5557,#5558,
    #5559,#5560,#5561,#5562,#5563,#5564,#5565,#5566,#5567,#5568,#5569,
    #5570,#5571,#5572,#5573,#5574,#5575,#5576,#5577,#5578,#5579,#5580,
    #5581,#5582,#5583,#5584,#5585,#5586,#5587,#5588,#5589,#5590,#5591,
    #5592,#5593,#5594,#5595,#5596,#5597,#5598,#5599,#5600,#5601,#5602,
    #5603,#5604,#5605,#5606,#5607),.UNSPECIFIED.,.F.,.F.,(9,7,7,7,7,7,7,
    7,7,9),(0.,7.112152578436E-02,0.214725568066,0.319424484099,
    0.436305859009,0.594061332988,0.67570485773,0.76364633948,
    0.892644706463,1.),.UNSPECIFIED.);
#5543 = CARTESIAN_POINT('',(-3.552713678801E-15,-6.811814159611,13.335)
  );
#5544 = CARTESIAN_POINT('',(-0.744606639436,-6.856959984835,13.335));
#5545 = CARTESIAN_POINT('',(-1.489348027549,-6.90211394054,
    13.287482337435));
#5546 = CARTESIAN_POINT('',(-2.230536190443,-6.947267098598,
    13.19241816405));
#5547 = CARTESIAN_POINT('',(-2.964587465769,-6.99241670561,
    13.050144642855));
#5548 = CARTESIAN_POINT('',(-3.68801525709,-7.037563647808,
    12.861313519704));
#5549 = CARTESIAN_POINT('',(-4.397427230055,-7.082710269862,
    12.626863344602));
#5550 = CARTESIAN_POINT('',(-5.089526950396,-7.127858547573,
    12.348015342728));
#5551 = CARTESIAN_POINT('',(-7.117157681137,-7.26417274575,
    11.376691598589));
#5552 = CARTESIAN_POINT('',(-8.390981882306,-7.355437330142,
    10.551627857107));
#5553 = CARTESIAN_POINT('',(-9.553610858697,-7.44664334446,
    9.564163000865));
#5554 = CARTESIAN_POINT('',(-10.58172365005,-7.537813529856,
    8.432543677444));
#5555 = CARTESIAN_POINT('',(-11.45531015438,-7.628983640335,
    7.177782663292));
#5556 = CARTESIAN_POINT('',(-12.15835402785,-7.720189525972,
    5.824075649257));
#5557 = CARTESIAN_POINT('',(-12.67827415683,-7.811454044737,
    4.398227738523));
#5558 = CARTESIAN_POINT('',(-13.24979359101,-7.969084046824,
    1.861975203961));
#5559 = CARTESIAN_POINT('',(-13.39039003876,-8.035573780632,
    0.769520403673));
#5560 = CARTESIAN_POINT('',(-13.42786899308,-8.102054067542,
    -0.334436737702));
#5561 = CARTESIAN_POINT('',(-13.36134871053,-8.168525456516,
    -1.438504713479));
#5562 = CARTESIAN_POINT('',(-13.19133661824,-8.234996821748,
    -2.531429441951));
#5563 = CARTESIAN_POINT('',(-12.91973537637,-8.301477146109,
    -3.602114361524));
#5564 = CARTESIAN_POINT('',(-12.54981682018,-8.367968344588,
    -4.639632324824));
#5565 = CARTESIAN_POINT('',(-11.56967952524,-8.508640437665,
    -6.742593646323));
#5566 = CARTESIAN_POINT('',(-10.93607131129,-8.582878494332,
    -7.798177357724));
#5567 = CARTESIAN_POINT('',(-10.1926930847,-8.657096898667,
    -8.784910453815));
#5568 = CARTESIAN_POINT('',(-9.348537161295,-8.731301093659,
    -9.68970143634));
#5569 = CARTESIAN_POINT('',(-8.414066613426,-8.805507092969,
    -10.50092737437));
#5570 = CARTESIAN_POINT('',(-7.401269737052,-8.879729819053,
    -11.2085155124));
#5571 = CARTESIAN_POINT('',(-6.323581620203,-8.953972561361,
    -11.80391287377));
#5572 = CARTESIAN_POINT('',(-3.675216170842,-9.128327459238,
    -12.92453465584));
#5573 = CARTESIAN_POINT('',(-2.060436977065,-9.228636371296,
    -13.35388321764));
#5574 = CARTESIAN_POINT('',(-0.391122019327,-9.328848811332,
    -13.55100470449));
#5575 = CARTESIAN_POINT('',(1.293856494187,-9.429010076728,
    -13.50992198939));
#5576 = CARTESIAN_POINT('',(2.956014986555,-9.529172705474,
    -13.23044945746));
#5577 = CARTESIAN_POINT('',(4.557632157965,-9.629387401218,
    -12.72007971131));
#5578 = CARTESIAN_POINT('',(6.061657922857,-9.729703785834,
    -11.99195479215));
#5579 = CARTESIAN_POINT('',(8.142785409499,-9.881683936274,
    -10.59471839397));
#5580 = CARTESIAN_POINT('',(8.817704897562,-9.933521217431,
    -10.06615028928));
#5581 = CARTESIAN_POINT('',(9.45321520099,-9.98535605948,-9.488570304625
    ));
#5582 = CARTESIAN_POINT('',(10.045188680958,-10.03718754237,
    -8.865450041434));
#5583 = CARTESIAN_POINT('',(10.589901492664,-10.08901889238,
    -8.200622613353));
#5584 = CARTESIAN_POINT('',(11.084015815075,-10.14085345151,
    -7.498258805454));
#5585 = CARTESIAN_POINT('',(11.524603479706,-10.1926906641,
    -6.762880281204));
#5586 = CARTESIAN_POINT('',(12.323487025804,-10.30035175737,
    -5.177045512142));
#5587 = CARTESIAN_POINT('',(12.672928985104,-10.35619005747,
    -4.321858006611));
#5588 = CARTESIAN_POINT('',(12.95439552143,-10.41202456632,
    -3.43999927206));
#5589 = CARTESIAN_POINT('',(13.165579232696,-10.46785435279,
    -2.537802578212));
#5590 = CARTESIAN_POINT('',(13.304882622885,-10.52368421498,
    -1.621748874474));
#5591 = CARTESIAN_POINT('',(13.371378458939,-10.57951890057,
    -0.698449401676));
#5592 = CARTESIAN_POINT('',(13.364854531317,-10.63535730162,
    0.225355445839));
#5593 = CARTESIAN_POINT('',(13.170189911521,-10.77308075746,
    2.488521345215));
#5594 = CARTESIAN_POINT('',(12.898570441528,-10.85503323192,
    3.821822091056));
#5595 = CARTESIAN_POINT('',(12.47263768234,-10.93695266642,
    5.120098360652));
#5596 = CARTESIAN_POINT('',(11.898181953661,-11.01884912149,
    6.36273645162));
#5597 = CARTESIAN_POINT('',(11.183654061281,-11.10074579911,
    7.530473466403));
#5598 = CARTESIAN_POINT('',(10.340380339526,-11.182665784,8.605582259493
    ));
#5599 = CARTESIAN_POINT('',(9.382291214502,-11.26461893295,
    9.571793571368));
#5600 = CARTESIAN_POINT('',(7.449365865333,-11.41466631552,
    11.117227082686));
#5601 = CARTESIAN_POINT('',(6.50347161588,-11.48284377631,
    11.734848939457));
#5602 = CARTESIAN_POINT('',(5.49954137758,-11.55100856733,
    12.260054276883));
#5603 = CARTESIAN_POINT('',(4.448209737183,-11.61916351858,
    12.686685555188));
#5604 = CARTESIAN_POINT('',(3.360641386029,-11.6873190482,
    13.010000180141));
#5605 = CARTESIAN_POINT('',(2.248524654083,-11.75548520029,
    13.226715320335));
#5606 = CARTESIAN_POINT('',(1.124045802853,-11.82366285448,13.335));
#5607 = CARTESIAN_POINT('',(-7.105427357601E-15,-11.89181425018,13.335)
  );
#5608 = PCURVE('',#2637,#5609);
#5609 = DEFINITIONAL_REPRESENTATION('',(#5610),#5676);
#5610 = B_SPLINE_CURVE_WITH_KNOTS('',8,(#5611,#5612,#5613,#5614,#5615,
    #5616,#5617,#5618,#5619,#5620,#5621,#5622,#5623,#5624,#5625,#5626,
    #5627,#5628,#5629,#5630,#5631,#5632,#5633,#5634,#5635,#5636,#5637,
    #5638,#5639,#5640,#5641,#5642,#5643,#5644,#5645,#5646,#5647,#5648,
    #5649,#5650,#5651,#5652,#5653,#5654,#5655,#5656,#5657,#5658,#5659,
    #5660,#5661,#5662,#5663,#5664,#5665,#5666,#5667,#5668,#5669,#5670,
    #5671,#5672,#5673,#5674,#5675),.UNSPECIFIED.,.F.,.F.,(9,7,7,7,7,7,7,
    7,7,9),(0.,7.112152578436E-02,0.214725568066,0.319424484099,
    0.436305859009,0.594061332988,0.67570485773,0.76364633948,
    0.892644706463,1.),.UNSPECIFIED.);
#5611 = CARTESIAN_POINT('',(30.299632801699,0.999606485154));
#5612 = CARTESIAN_POINT('',(30.227826908803,0.99960650189));
#5613 = CARTESIAN_POINT('',(30.156008084327,0.999606518427));
#5614 = CARTESIAN_POINT('',(30.084190531164,0.999606532445));
#5615 = CARTESIAN_POINT('',(30.012378631906,0.999606540863));
#5616 = CARTESIAN_POINT('',(29.940570979601,0.999606541162));
#5617 = CARTESIAN_POINT('',(29.86876384609,0.999606532277));
#5618 = CARTESIAN_POINT('',(29.796954087942,0.99960651503));
#5619 = CARTESIAN_POINT('',(29.580142078872,0.999606445854));
#5620 = CARTESIAN_POINT('',(29.434982918641,0.99960637592));
#5621 = CARTESIAN_POINT('',(29.289916914776,0.999606307139));
#5622 = CARTESIAN_POINT('',(29.144907859565,0.999606275101));
#5623 = CARTESIAN_POINT('',(28.999898789416,0.999606371409));
#5624 = CARTESIAN_POINT('',(28.854832770478,0.999606512952));
#5625 = CARTESIAN_POINT('',(28.709673573694,0.999606577907));
#5626 = CARTESIAN_POINT('',(28.45895804991,0.999606555161));
#5627 = CARTESIAN_POINT('',(28.353204049511,0.99960651439));
#5628 = CARTESIAN_POINT('',(28.247465193867,0.999606359566));
#5629 = CARTESIAN_POINT('',(28.141740290105,0.999606396714));
#5630 = CARTESIAN_POINT('',(28.036015759774,0.999606112582));
#5631 = CARTESIAN_POINT('',(27.930276349637,0.999606431466));
#5632 = CARTESIAN_POINT('',(27.824519916182,0.999606489708));
#5633 = CARTESIAN_POINT('',(27.60077657252,0.999606385801));
#5634 = CARTESIAN_POINT('',(27.482698728798,0.999606238412));
#5635 = CARTESIAN_POINT('',(27.36465194235,0.999606282813));
#5636 = CARTESIAN_POINT('',(27.246627610733,0.99960646656));
#5637 = CARTESIAN_POINT('',(27.128600494779,0.999606568478));
#5638 = CARTESIAN_POINT('',(27.010546844922,0.999606602862));
#5639 = CARTESIAN_POINT('',(26.892461423223,0.999606575412));
#5640 = CARTESIAN_POINT('',(26.615144522803,0.999606453383));
#5641 = CARTESIAN_POINT('',(26.455600118257,0.999606338081));
#5642 = CARTESIAN_POINT('',(26.296209125213,0.999606251803));
#5643 = CARTESIAN_POINT('',(26.136899354795,0.999606330418));
#5644 = CARTESIAN_POINT('',(25.977587369257,0.99960645369));
#5645 = CARTESIAN_POINT('',(25.818192625407,0.999606523456));
#5646 = CARTESIAN_POINT('',(25.658636193676,0.999606543916));
#5647 = CARTESIAN_POINT('',(25.416906935204,0.999606524989));
#5648 = CARTESIAN_POINT('',(25.334458101453,0.999606509855));
#5649 = CARTESIAN_POINT('',(25.252013153621,0.999606488556));
#5650 = CARTESIAN_POINT('',(25.169573550013,0.999606465939));
#5651 = CARTESIAN_POINT('',(25.087134154394,0.999606446531));
#5652 = CARTESIAN_POINT('',(25.004689648446,0.999606432993));
#5653 = CARTESIAN_POINT('',(24.922240915567,0.999606425702));
#5654 = CARTESIAN_POINT('',(24.751002516665,0.999606421013));
#5655 = CARTESIAN_POINT('',(24.662189915291,0.999606424384));
#5656 = CARTESIAN_POINT('',(24.573383339156,0.999606432409));
#5657 = CARTESIAN_POINT('',(24.484584273302,0.999606441233));
#5658 = CARTESIAN_POINT('',(24.395785090043,0.999606447138));
#5659 = CARTESIAN_POINT('',(24.306978240045,0.999606448239));
#5660 = CARTESIAN_POINT('',(24.218165484973,0.999606445043));
#5661 = CARTESIAN_POINT('',(23.99911194774,0.999606432227));
#5662 = CARTESIAN_POINT('',(23.868763934982,0.999606420184));
#5663 = CARTESIAN_POINT('',(23.738468470757,0.999606410607));
#5664 = CARTESIAN_POINT('',(23.608209540609,0.99960641579));
#5665 = CARTESIAN_POINT('',(23.477950226677,0.999606449523));
#5666 = CARTESIAN_POINT('',(23.347653831482,0.99960649312));
#5667 = CARTESIAN_POINT('',(23.217304701126,0.999606523951));
#5668 = CARTESIAN_POINT('',(22.978649535816,0.999606539288));
#5669 = CARTESIAN_POINT('',(22.870211118182,0.999606530695));
#5670 = CARTESIAN_POINT('',(22.761792874457,0.999606500826));
#5671 = CARTESIAN_POINT('',(22.653390303099,0.99960644999));
#5672 = CARTESIAN_POINT('',(22.54498682135,0.999606390053));
#5673 = CARTESIAN_POINT('',(22.436566425909,0.999606347624));
#5674 = CARTESIAN_POINT('',(22.328127703436,0.999606336394));
#5675 = CARTESIAN_POINT('',(22.21973071594,0.999606353854));
#5676 = ( GEOMETRIC_REPRESENTATION_CONTEXT(2) 
PARAMETRIC_REPRESENTATION_CONTEXT() REPRESENTATION_CONTEXT('2D SPACE',''
  ) );
#5677 = PCURVE('',#3601,#5678);
#5678 = DEFINITIONAL_REPRESENTATION('',(#5679),#5745);
#5679 = B_SPLINE_CURVE_WITH_KNOTS('',8,(#5680,#5681,#5682,#5683,#5684,
    #5685,#5686,#5687,#5688,#5689,#5690,#5691,#5692,#5693,#5694,#5695,
    #5696,#5697,#5698,#5699,#5700,#5701,#5702,#5703,#5704,#5705,#5706,
    #5707,#5708,#5709,#5710,#5711,#5712,#5713,#5714,#5715,#5716,#5717,
    #5718,#5719,#5720,#5721,#5722,#5723,#5724,#5725,#5726,#5727,#5728,
    #5729,#5730,#5731,#5732,#5733,#5734,#5735,#5736,#5737,#5738,#5739,
    #5740,#5741,#5742,#5743,#5744),.UNSPECIFIED.,.F.,.F.,(9,7,7,7,7,7,7,
    7,7,9),(0.,7.112152578436E-02,0.214725568066,0.319424484099,
    0.436305859009,0.594061332988,0.67570485773,0.76364633948,
    0.892644706463,1.),.UNSPECIFIED.);
#5680 = CARTESIAN_POINT('',(6.28318530718,23.188185840389));
#5681 = CARTESIAN_POINT('',(6.227346789037,23.143040015165));
#5682 = CARTESIAN_POINT('',(6.171498215616,23.09788605946));
#5683 = CARTESIAN_POINT('',(6.115650631925,23.052732901402));
#5684 = CARTESIAN_POINT('',(6.059807446221,23.00758329439));
#5685 = CARTESIAN_POINT('',(6.00396756434,22.962436352192));
#5686 = CARTESIAN_POINT('',(5.948128086798,22.917289730138));
#5687 = CARTESIAN_POINT('',(5.892286568659,22.872141452427));
#5688 = CARTESIAN_POINT('',(5.723686756426,22.73582725425));
#5689 = CARTESIAN_POINT('',(5.610806444661,22.644562669858));
#5690 = CARTESIAN_POINT('',(5.497998570759,22.55335665554));
#5691 = CARTESIAN_POINT('',(5.385234975442,22.462186470144));
#5692 = CARTESIAN_POINT('',(5.272471366754,22.371016359665));
#5693 = CARTESIAN_POINT('',(5.15966348823,22.279810474028));
#5694 = CARTESIAN_POINT('',(5.046783151234,22.188545955263));
#5695 = CARTESIAN_POINT('',(4.851818896385,22.030915953176));
#5696 = CARTESIAN_POINT('',(4.769581271532,21.964426219368));
#5697 = CARTESIAN_POINT('',(4.687355372366,21.897945932458));
#5698 = CARTESIAN_POINT('',(4.605140450576,21.831474543484));
#5699 = CARTESIAN_POINT('',(4.52292556932,21.765003178252));
#5700 = CARTESIAN_POINT('',(4.440699435461,21.698522853891));
#5701 = CARTESIAN_POINT('',(4.358459883344,21.632031655412));
#5702 = CARTESIAN_POINT('',(4.184470068286,21.491359562335));
#5703 = CARTESIAN_POINT('',(4.092649067176,21.417121505668));
#5704 = CARTESIAN_POINT('',(4.000852146337,21.342903101333));
#5705 = CARTESIAN_POINT('',(3.909072703203,21.268698906341));
#5706 = CARTESIAN_POINT('',(3.817291106733,21.194492907031));
#5707 = CARTESIAN_POINT('',(3.72548888705,21.120270180947));
#5708 = CARTESIAN_POINT('',(3.633661962989,21.046027438639));
#5709 = CARTESIAN_POINT('',(3.41801165085,20.871672540762));
#5710 = CARTESIAN_POINT('',(3.293944921534,20.771363628704));
#5711 = CARTESIAN_POINT('',(3.169997480929,20.671151188668));
#5712 = CARTESIAN_POINT('',(3.046113196039,20.570989923272));
#5713 = CARTESIAN_POINT('',(2.922227207032,20.470827294526));
#5714 = CARTESIAN_POINT('',(2.798276863162,20.370612598782));
#5715 = CARTESIAN_POINT('',(2.674200782125,20.270296214166));
#5716 = CARTESIAN_POINT('',(2.48622452764,20.118316063726));
#5717 = CARTESIAN_POINT('',(2.422109726612,20.066478782569));
#5718 = CARTESIAN_POINT('',(2.357997945709,20.01464394052));
#5719 = CARTESIAN_POINT('',(2.29389031924,19.962812457628));
#5720 = CARTESIAN_POINT('',(2.229782853827,19.910981107611));
#5721 = CARTESIAN_POINT('',(2.165671414731,19.859146548481));
#5722 = CARTESIAN_POINT('',(2.101556689804,19.807309335897));
#5723 = CARTESIAN_POINT('',(1.968396334406,19.699648242629));
#5724 = CARTESIAN_POINT('',(1.89933286894,19.643809942525));
#5725 = CARTESIAN_POINT('',(1.83027409134,19.587975433671));
#5726 = CARTESIAN_POINT('',(1.76122115646,19.532145647207));
#5727 = CARTESIAN_POINT('',(1.69216813213,19.476315785012));
#5728 = CARTESIAN_POINT('',(1.623109146577,19.420481099427));
#5729 = CARTESIAN_POINT('',(1.554045568428,19.364642698375));
#5730 = CARTESIAN_POINT('',(1.383702678176,19.226919242534));
#5731 = CARTESIAN_POINT('',(1.282339978577,19.144966768077));
#5732 = CARTESIAN_POINT('',(1.181018136819,19.06304733358));
#5733 = CARTESIAN_POINT('',(1.079724698555,18.981150878502));
#5734 = CARTESIAN_POINT('',(0.978430958935,18.899254200885));
#5735 = CARTESIAN_POINT('',(0.877108386828,18.817334215997));
#5736 = CARTESIAN_POINT('',(0.775744810653,18.735381067047));
#5737 = CARTESIAN_POINT('',(0.590159067999,18.585333684475));
#5738 = CARTESIAN_POINT('',(0.505833955477,18.517156223684));
#5739 = CARTESIAN_POINT('',(0.421524532812,18.448991432665));
#5740 = CARTESIAN_POINT('',(0.337227297868,18.380836481412));
#5741 = CARTESIAN_POINT('',(0.252929352692,18.312680951799));
#5742 = CARTESIAN_POINT('',(0.16861825203,18.244514799702));
#5743 = CARTESIAN_POINT('',(8.429289860165E-02,18.176337145519));
#5744 = CARTESIAN_POINT('',(0.,18.108185749817));
#5745 = ( GEOMETRIC_REPRESENTATION_CONTEXT(2) 
PARAMETRIC_REPRESENTATION_CONTEXT() REPRESENTATION_CONTEXT('2D SPACE',''
  ) );
#5746 = ORIENTED_EDGE('',*,*,#5747,.T.);
#5747 = EDGE_CURVE('',#5539,#5748,#5750,.T.);
#5748 = VERTEX_POINT('',#5749);
#5749 = CARTESIAN_POINT('',(-3.266133013326E-15,-16.97181423961,13.335)
  );
#5750 = SURFACE_CURVE('',#5751,(#5824,#5900),.PCURVE_S1.);
#5751 = B_SPLINE_CURVE_WITH_KNOTS('',8,(#5752,#5753,#5754,#5755,#5756,
    #5757,#5758,#5759,#5760,#5761,#5762,#5763,#5764,#5765,#5766,#5767,
    #5768,#5769,#5770,#5771,#5772,#5773,#5774,#5775,#5776,#5777,#5778,
    #5779,#5780,#5781,#5782,#5783,#5784,#5785,#5786,#5787,#5788,#5789,
    #5790,#5791,#5792,#5793,#5794,#5795,#5796,#5797,#5798,#5799,#5800,
    #5801,#5802,#5803,#5804,#5805,#5806,#5807,#5808,#5809,#5810,#5811,
    #5812,#5813,#5814,#5815,#5816,#5817,#5818,#5819,#5820,#5821,#5822,
    #5823),.UNSPECIFIED.,.F.,.F.,(9,7,7,7,7,7,7,7,7,7,9),(0.,
    8.260837280853E-02,0.179090455946,0.262555191088,0.362029421284,
    0.454177139266,0.551052908626,0.693949637095,0.770624883354,
    0.860586665344,1.),.UNSPECIFIED.);
#5752 = CARTESIAN_POINT('',(-7.105427357601E-15,-11.89181425018,13.335)
  );
#5753 = CARTESIAN_POINT('',(-0.864969973029,-11.94425776338,13.335));
#5754 = CARTESIAN_POINT('',(-1.730084663945,-11.99670993819,
    13.270878650425));
#5755 = CARTESIAN_POINT('',(-2.589618242006,-12.04916032126,
    13.142599912158));
#5756 = CARTESIAN_POINT('',(-3.438006563672,-12.10160744428,
    12.950772490215));
#5757 = CARTESIAN_POINT('',(-4.269830024108,-12.15405441019,
    12.696557841787));
#5758 = CARTESIAN_POINT('',(-5.07981128342,-12.20650453002,
    12.381636831463));
#5759 = CARTESIAN_POINT('',(-5.862827867603,-12.25895701063,
    12.008235033609));
#5760 = CARTESIAN_POINT('',(-7.491197316948,-12.37265639558,
    11.078124918787));
#5761 = CARTESIAN_POINT('',(-8.325278755037,-12.43392448136,
    10.500965473036));
#5762 = CARTESIAN_POINT('',(-9.108166681416,-12.49518666151,
    9.852229151904));
#5763 = CARTESIAN_POINT('',(-9.832755866637,-12.5564411318,
    9.137307360405));
#5764 = CARTESIAN_POINT('',(-10.49269950857,-12.61769536557,
    8.362316780516));
#5765 = CARTESIAN_POINT('',(-11.08236496621,-12.67895693355,
    7.534035641323));
#5766 = CARTESIAN_POINT('',(-11.59689884756,-12.74022435046,
    6.659941580142));
#5767 = CARTESIAN_POINT('',(-12.40914611054,-12.85446722023,
    4.959752258835));
#5768 = CARTESIAN_POINT('',(-12.72688006847,-12.9074645026,
    4.142813944627));
#5769 = CARTESIAN_POINT('',(-12.9830283376,-12.96045911372,
    3.302848539629));
#5770 = CARTESIAN_POINT('',(-13.17569430708,-13.01344981075,
    2.445304768119));
#5771 = CARTESIAN_POINT('',(-13.30356464417,-13.06644020054,
    1.575740703853));
#5772 = CARTESIAN_POINT('',(-13.36587598554,-13.11943421111,
    0.699809840679));
#5773 = CARTESIAN_POINT('',(-13.36244341882,-13.17243162381,
    -0.176739779098));
#5774 = CARTESIAN_POINT('',(-13.21188204741,-13.28858019099,
    -2.086494936259));
#5775 = CARTESIAN_POINT('',(-13.03728631167,-13.3517522586,
    -3.117882644943));
#5776 = CARTESIAN_POINT('',(-12.77068047854,-13.41491627869,
    -4.132167550383));
#5777 = CARTESIAN_POINT('',(-12.41413341988,-13.47807334374,
    -5.119795038551));
#5778 = CARTESIAN_POINT('',(-11.97081076438,-13.54123091302,
    -6.071644749527));
#5779 = CARTESIAN_POINT('',(-11.44489216735,-13.60439624094,
    -6.979008960379));
#5780 = CARTESIAN_POINT('',(-10.84165074663,-13.66756969774,
    -7.83363860824));
#5781 = CARTESIAN_POINT('',(-9.543357264368,-13.78923094187,
    -9.363635433986));
#5782 = CARTESIAN_POINT('',(-8.858063342792,-13.84774683213,
    -10.04789544166));
#5783 = CARTESIAN_POINT('',(-8.116924147175,-13.90625808595,
    -10.67455252801));
#5784 = CARTESIAN_POINT('',(-7.325652314677,-13.96476350371,
    -11.23835168723));
#5785 = CARTESIAN_POINT('',(-6.49044962091,-14.02326908124,
    -11.73476107759));
#5786 = CARTESIAN_POINT('',(-5.617966551528,-14.08178068049,
    -12.15993235107));
#5787 = CARTESIAN_POINT('',(-4.715323430294,-14.14029669083,
    -12.51075676287));
#5788 = CARTESIAN_POINT('',(-2.817594822115,-14.26030648018,
    -13.07334951103));
#5789 = CARTESIAN_POINT('',(-1.819678816968,-14.32182775922,
    -13.27719659222));
#5790 = CARTESIAN_POINT('',(-0.80535582551,-14.38334350375,
    -13.39383937342));
#5791 = CARTESIAN_POINT('',(0.216451571373,-14.44485168019,
    -13.42185911875));
#5792 = CARTESIAN_POINT('',(1.236822809602,-14.50635978277,
    -13.36090522649));
#5793 = CARTESIAN_POINT('',(2.246855122786,-14.56787539413,
    -13.21161691578));
#5794 = CARTESIAN_POINT('',(3.237681243632,-14.62939675948,
    -12.97569866087));
#5795 = CARTESIAN_POINT('',(5.620679886153,-14.78162878588,
    -12.18479778321));
#5796 = CARTESIAN_POINT('',(6.981993732258,-14.87245436135,
    -11.53079321264));
#5797 = CARTESIAN_POINT('',(8.25450860532,-14.96322588486,
    -10.70328991512));
#5798 = CARTESIAN_POINT('',(9.413068315875,-15.05396164154,
    -9.717195696553));
#5799 = CARTESIAN_POINT('',(10.435441004433,-15.1446950641,
    -8.590586291396));
#5800 = CARTESIAN_POINT('',(11.302919383243,-15.23545980803,
    -7.345124930966));
#5801 = CARTESIAN_POINT('',(11.999869641374,-15.32628005567,
    -6.005386081028));
#5802 = CARTESIAN_POINT('',(12.793203309013,-15.46569274098,
    -3.847194664928));
#5803 = CARTESIAN_POINT('',(13.018395844687,-15.51437970288,
    -3.074426014262));
#5804 = CARTESIAN_POINT('',(13.190169795101,-15.56306479234,
    -2.286784511983));
#5805 = CARTESIAN_POINT('',(13.307415912476,-15.61174792626,
    -1.488584604416));
#5806 = CARTESIAN_POINT('',(13.369439088461,-15.66043153904,
    -0.684198921713));
#5807 = CARTESIAN_POINT('',(13.375944199157,-15.70911762415,
    0.121946421571));
#5808 = CARTESIAN_POINT('',(13.327060837165,-15.75780468877,
    0.925373314383));
#5809 = CARTESIAN_POINT('',(13.10179153855,-15.86359997117,
    2.655690606027));
#5810 = CARTESIAN_POINT('',(12.904733808616,-15.9207265052,
    3.580198457732));
#5811 = CARTESIAN_POINT('',(12.633142264543,-15.97784942484,
    4.487707261037));
#5812 = CARTESIAN_POINT('',(12.288801773491,-16.03496717601,
    5.371212150619));
#5813 = CARTESIAN_POINT('',(11.874231356042,-16.09208485475,
    6.224019410006));
#5814 = CARTESIAN_POINT('',(11.392633309494,-16.14920763788,
    7.039735839569));
#5815 = CARTESIAN_POINT('',(10.847933644502,-16.20633423906,
    7.812297697942));
#5816 = CARTESIAN_POINT('',(9.310416978315,-16.35196301076,
    9.657617917878));
#5817 = CARTESIAN_POINT('',(8.234653023066,-16.44056437515,
    10.663402576969));
#5818 = CARTESIAN_POINT('',(7.035682589629,-16.52911536078,
    11.530722594281));
#5819 = CARTESIAN_POINT('',(5.734788730134,-16.61763403231,
    12.242813608796));
#5820 = CARTESIAN_POINT('',(4.354985263609,-16.70615192593,
    12.786411256173));
#5821 = CARTESIAN_POINT('',(2.921194304969,-16.79470104221,
    13.152337857296));
#5822 = CARTESIAN_POINT('',(1.459903730056,-16.88329962858,
    13.335000000025));
#5823 = CARTESIAN_POINT('',(-5.329070518201E-15,-16.97181423961,13.335)
  );
#5824 = PCURVE('',#2637,#5825);
#5825 = DEFINITIONAL_REPRESENTATION('',(#5826),#5899);
#5826 = B_SPLINE_CURVE_WITH_KNOTS('',8,(#5827,#5828,#5829,#5830,#5831,
    #5832,#5833,#5834,#5835,#5836,#5837,#5838,#5839,#5840,#5841,#5842,
    #5843,#5844,#5845,#5846,#5847,#5848,#5849,#5850,#5851,#5852,#5853,
    #5854,#5855,#5856,#5857,#5858,#5859,#5860,#5861,#5862,#5863,#5864,
    #5865,#5866,#5867,#5868,#5869,#5870,#5871,#5872,#5873,#5874,#5875,
    #5876,#5877,#5878,#5879,#5880,#5881,#5882,#5883,#5884,#5885,#5886,
    #5887,#5888,#5889,#5890,#5891,#5892,#5893,#5894,#5895,#5896,#5897,
    #5898),.UNSPECIFIED.,.F.,.F.,(9,7,7,7,7,7,7,7,7,7,9),(0.,
    8.260837280853E-02,0.179090455946,0.262555191088,0.362029421284,
    0.454177139266,0.551052908626,0.693949637095,0.770624883354,
    0.860586665344,1.),.UNSPECIFIED.);
#5827 = CARTESIAN_POINT('',(22.21973071594,0.999606353854));
#5828 = CARTESIAN_POINT('',(22.136317620929,0.999606367289));
#5829 = CARTESIAN_POINT('',(22.052890731768,0.999606397557));
#5830 = CARTESIAN_POINT('',(21.969466675317,0.999606444206));
#5831 = CARTESIAN_POINT('',(21.886047795017,0.999606499513));
#5832 = CARTESIAN_POINT('',(21.802629170083,0.999606549595));
#5833 = CARTESIAN_POINT('',(21.719205550615,0.999606578728));
#5834 = CARTESIAN_POINT('',(21.635778208619,0.999606576891));
#5835 = CARTESIAN_POINT('',(21.454935768954,0.999606519733));
#5836 = CARTESIAN_POINT('',(21.357486973219,0.999606472389));
#5837 = CARTESIAN_POINT('',(21.260047649312,0.99960634967));
#5838 = CARTESIAN_POINT('',(21.162620555258,0.999606258473));
#5839 = CARTESIAN_POINT('',(21.065193716007,0.999606283459));
#5840 = CARTESIAN_POINT('',(20.967755116096,0.999606399719));
#5841 = CARTESIAN_POINT('',(20.870307244516,0.999606486086));
#5842 = CARTESIAN_POINT('',(20.688600406798,0.999606398404));
#5843 = CARTESIAN_POINT('',(20.604306627847,0.999606312697));
#5844 = CARTESIAN_POINT('',(20.52001703464,0.999606287242));
#5845 = CARTESIAN_POINT('',(20.435733596775,0.999606328933));
#5846 = CARTESIAN_POINT('',(20.351450612709,0.999606404008));
#5847 = CARTESIAN_POINT('',(20.267161872459,0.999606476416));
#5848 = CARTESIAN_POINT('',(20.182867744021,0.999606526796));
#5849 = CARTESIAN_POINT('',(19.998129684238,0.999606582242));
#5850 = CARTESIAN_POINT('',(19.897652501364,0.999606576316));
#5851 = CARTESIAN_POINT('',(19.797188165881,0.999606524889));
#5852 = CARTESIAN_POINT('',(19.696734917294,0.999606449823));
#5853 = CARTESIAN_POINT('',(19.596280857257,0.999606383826));
#5854 = CARTESIAN_POINT('',(19.49581442589,0.999606347459));
#5855 = CARTESIAN_POINT('',(19.395335036148,0.99960633897));
#5856 = CARTESIAN_POINT('',(19.201828918936,0.999606364604));
#5857 = CARTESIAN_POINT('',(19.10875749633,0.999606395402));
#5858 = CARTESIAN_POINT('',(19.01569343427,0.999606439473));
#5859 = CARTESIAN_POINT('',(18.92263865402,0.999606484142));
#5860 = CARTESIAN_POINT('',(18.829583630878,0.999606518071));
#5861 = CARTESIAN_POINT('',(18.736519046791,0.999606535922));
#5862 = CARTESIAN_POINT('',(18.643447462298,0.999606538865));
#5863 = CARTESIAN_POINT('',(18.452568080388,0.999606522588));
#5864 = CARTESIAN_POINT('',(18.354716544456,0.999606502259));
#5865 = CARTESIAN_POINT('',(18.256873819414,0.999606474218));
#5866 = CARTESIAN_POINT('',(18.159043130367,0.9996064474));
#5867 = CARTESIAN_POINT('',(18.061212550102,0.999606428899));
#5868 = CARTESIAN_POINT('',(17.963370015977,0.999606420843));
#5869 = CARTESIAN_POINT('',(17.865518321725,0.999606420662));
#5870 = CARTESIAN_POINT('',(17.62338841621,0.999606430734));
#5871 = CARTESIAN_POINT('',(17.478927424679,0.99960644597));
#5872 = CARTESIAN_POINT('',(17.334552406639,0.999606459195));
#5873 = CARTESIAN_POINT('',(17.190234298355,0.999606451844));
#5874 = CARTESIAN_POINT('',(17.045919925179,0.999606422872));
#5875 = CARTESIAN_POINT('',(16.901555717769,0.999606409775));
#5876 = CARTESIAN_POINT('',(16.757103206348,0.999606419244));
#5877 = CARTESIAN_POINT('',(16.535362843706,0.99960645625));
#5878 = CARTESIAN_POINT('',(16.457924659577,0.999606473335));
#5879 = CARTESIAN_POINT('',(16.380489450468,0.999606493445));
#5880 = CARTESIAN_POINT('',(16.303057351647,0.999606513616));
#5881 = CARTESIAN_POINT('',(16.225624495166,0.999606529969));
#5882 = CARTESIAN_POINT('',(16.148187714228,0.999606538798));
#5883 = CARTESIAN_POINT('',(16.070749385605,0.999606537815));
#5884 = CARTESIAN_POINT('',(15.902478636808,0.99960651552));
#5885 = CARTESIAN_POINT('',(15.811617087619,0.999606490799));
#5886 = CARTESIAN_POINT('',(15.72076130054,0.999606453352));
#5887 = CARTESIAN_POINT('',(15.629913741286,0.999606408997));
#5888 = CARTESIAN_POINT('',(15.539066293672,0.999606368056));
#5889 = CARTESIAN_POINT('',(15.448210711668,0.999606342128));
#5890 = CARTESIAN_POINT('',(15.357349033117,0.999606338999));
#5891 = CARTESIAN_POINT('',(15.125721780988,0.999606381511));
#5892 = CARTESIAN_POINT('',(14.98479840627,0.999606455744));
#5893 = CARTESIAN_POINT('',(14.843955122054,0.999606568238));
#5894 = CARTESIAN_POINT('',(14.703163237636,0.999606673974));
#5895 = CARTESIAN_POINT('',(14.562372745324,0.999606637319));
#5896 = CARTESIAN_POINT('',(14.421532796747,0.999606399358));
#5897 = CARTESIAN_POINT('',(14.280614008422,0.999606314128));
#5898 = CARTESIAN_POINT('',(14.139828669033,0.99960633946));
#5899 = ( GEOMETRIC_REPRESENTATION_CONTEXT(2) 
PARAMETRIC_REPRESENTATION_CONTEXT() REPRESENTATION_CONTEXT('2D SPACE',''
  ) );
#5900 = PCURVE('',#3366,#5901);
#5901 = DEFINITIONAL_REPRESENTATION('',(#5902),#5975);
#5902 = B_SPLINE_CURVE_WITH_KNOTS('',8,(#5903,#5904,#5905,#5906,#5907,
    #5908,#5909,#5910,#5911,#5912,#5913,#5914,#5915,#5916,#5917,#5918,
    #5919,#5920,#5921,#5922,#5923,#5924,#5925,#5926,#5927,#5928,#5929,
    #5930,#5931,#5932,#5933,#5934,#5935,#5936,#5937,#5938,#5939,#5940,
    #5941,#5942,#5943,#5944,#5945,#5946,#5947,#5948,#5949,#5950,#5951,
    #5952,#5953,#5954,#5955,#5956,#5957,#5958,#5959,#5960,#5961,#5962,
    #5963,#5964,#5965,#5966,#5967,#5968,#5969,#5970,#5971,#5972,#5973,
    #5974),.UNSPECIFIED.,.F.,.F.,(9,7,7,7,7,7,7,7,7,7,9),(0.,
    8.260837280853E-02,0.179090455946,0.262555191088,0.362029421284,
    0.454177139266,0.551052908626,0.693949637095,0.770624883354,
    0.860586665344,1.),.UNSPECIFIED.);
#5903 = CARTESIAN_POINT('',(6.28318530718,18.108185749817));
#5904 = CARTESIAN_POINT('',(6.218320667282,18.055742236615));
#5905 = CARTESIAN_POINT('',(6.153445300891,18.003290061805));
#5906 = CARTESIAN_POINT('',(6.088572138109,17.950839678739));
#5907 = CARTESIAN_POINT('',(6.023703002187,17.898392555712));
#5908 = CARTESIAN_POINT('',(5.958834066411,17.845945589807));
#5909 = CARTESIAN_POINT('',(5.893961246719,17.793495469974));
#5910 = CARTESIAN_POINT('',(5.829085530053,17.741042989368));
#5911 = CARTESIAN_POINT('',(5.688456772481,17.627343604413));
#5912 = CARTESIAN_POINT('',(5.6126775351,17.566075518639));
#5913 = CARTESIAN_POINT('',(5.53690563171,17.504813338483));
#5914 = CARTESIAN_POINT('',(5.461143244846,17.443558868195));
#5915 = CARTESIAN_POINT('',(5.385381087509,17.382304634424));
#5916 = CARTESIAN_POINT('',(5.309609798268,17.321043066443));
#5917 = CARTESIAN_POINT('',(5.233831278107,17.259775649538));
#5918 = CARTESIAN_POINT('',(5.092530364225,17.145532779764));
#5919 = CARTESIAN_POINT('',(5.026980896565,17.092535497397));
#5920 = CARTESIAN_POINT('',(4.961434663734,17.039540886271));
#5921 = CARTESIAN_POINT('',(4.895893204648,16.986550189244));
#5922 = CARTESIAN_POINT('',(4.830352099209,16.933559799459));
#5923 = CARTESIAN_POINT('',(4.764806523377,16.88056578889));
#5924 = CARTESIAN_POINT('',(4.699256759548,16.827568376189));
#5925 = CARTESIAN_POINT('',(4.555598645862,16.711419809008));
#5926 = CARTESIAN_POINT('',(4.477464439274,16.648247741393));
#5927 = CARTESIAN_POINT('',(4.39934022623,16.585083721307));
#5928 = CARTESIAN_POINT('',(4.321224632821,16.521926656251));
#5929 = CARTESIAN_POINT('',(4.243108405093,16.458769086976));
#5930 = CARTESIAN_POINT('',(4.164982555328,16.395603759058));
#5931 = CARTESIAN_POINT('',(4.086846628671,16.332430302256));
#5932 = CARTESIAN_POINT('',(3.936370201017,16.210769058124));
#5933 = CARTESIAN_POINT('',(3.863994943533,16.152253167862));
#5934 = CARTESIAN_POINT('',(3.791625411395,16.093741914046));
#5935 = CARTESIAN_POINT('',(3.719263098603,16.035236496285));
#5936 = CARTESIAN_POINT('',(3.646900597607,15.976730918759));
#5937 = CARTESIAN_POINT('',(3.574530661089,15.918219319509));
#5938 = CARTESIAN_POINT('',(3.50215527906,15.859703309168));
#5939 = CARTESIAN_POINT('',(3.353721483532,15.739693519813));
#5940 = CARTESIAN_POINT('',(3.277629057391,15.678172240771));
#5941 = CARTESIAN_POINT('',(3.201543480403,15.616656496249));
#5942 = CARTESIAN_POINT('',(3.125467261276,15.555148319808));
#5943 = CARTESIAN_POINT('',(3.04939112654,15.493640217223));
#5944 = CARTESIAN_POINT('',(2.973305697591,15.432124605863));
#5945 = CARTESIAN_POINT('',(2.897213148129,15.370603240516));
#5946 = CARTESIAN_POINT('',(2.708925338594,15.218371214119));
#5947 = CARTESIAN_POINT('',(2.59658794605,15.127545638642));
#5948 = CARTESIAN_POINT('',(2.484317415266,15.036774115139));
#5949 = CARTESIAN_POINT('',(2.372091142061,14.946038358452));
#5950 = CARTESIAN_POINT('',(2.259867766313,14.855304935898));
#5951 = CARTESIAN_POINT('',(2.147605628478,14.76454019197));
#5952 = CARTESIAN_POINT('',(2.035274817423,14.673719944324));
#5953 = CARTESIAN_POINT('',(1.862842543451,14.53430725902));
#5954 = CARTESIAN_POINT('',(1.802624177738,14.485620297117));
#5955 = CARTESIAN_POINT('',(1.742408125815,14.436935207658));
#5956 = CARTESIAN_POINT('',(1.682194493589,14.388252073739));
#5957 = CARTESIAN_POINT('',(1.621980273694,14.339568460957));
#5958 = CARTESIAN_POINT('',(1.561763003592,14.290882375845));
#5959 = CARTESIAN_POINT('',(1.501544531223,14.242195311227));
#5960 = CARTESIAN_POINT('',(1.370691922609,14.136400028825));
#5961 = CARTESIAN_POINT('',(1.300035135,14.079273494792));
#5962 = CARTESIAN_POINT('',(1.229382828561,14.022150575157));
#5963 = CARTESIAN_POINT('',(1.158736919434,13.965032823985));
#5964 = CARTESIAN_POINT('',(1.088091095437,13.907915145247));
#5965 = CARTESIAN_POINT('',(1.017438944362,13.850792362114));
#5966 = CARTESIAN_POINT('',(0.946782051852,13.793665760931));
#5967 = CARTESIAN_POINT('',(0.766661433012,13.648036989235));
#5968 = CARTESIAN_POINT('',(0.657074995713,13.559435624846));
#5969 = CARTESIAN_POINT('',(0.547550845707,13.47088463922));
#5970 = CARTESIAN_POINT('',(0.438066665248,13.382365967687));
#5971 = CARTESIAN_POINT('',(0.32858358393,13.293848074065));
#5972 = CARTESIAN_POINT('',(0.219061988117,13.205298957787));
#5973 = CARTESIAN_POINT('',(0.109479094867,13.116700371415));
#5974 = CARTESIAN_POINT('',(0.,13.028185760389));
#5975 = ( GEOMETRIC_REPRESENTATION_CONTEXT(2) 
PARAMETRIC_REPRESENTATION_CONTEXT() REPRESENTATION_CONTEXT('2D SPACE',''
  ) );
#5976 = ORIENTED_EDGE('',*,*,#5977,.T.);
#5977 = EDGE_CURVE('',#5748,#2526,#5978,.T.);
#5978 = SURFACE_CURVE('',#5979,(#6052,#6128),.PCURVE_S1.);
#5979 = B_SPLINE_CURVE_WITH_KNOTS('',8,(#5980,#5981,#5982,#5983,#5984,
    #5985,#5986,#5987,#5988,#5989,#5990,#5991,#5992,#5993,#5994,#5995,
    #5996,#5997,#5998,#5999,#6000,#6001,#6002,#6003,#6004,#6005,#6006,
    #6007,#6008,#6009,#6010,#6011,#6012,#6013,#6014,#6015,#6016,#6017,
    #6018,#6019,#6020,#6021,#6022,#6023,#6024,#6025,#6026,#6027,#6028,
    #6029,#6030,#6031,#6032,#6033,#6034,#6035,#6036,#6037,#6038,#6039,
    #6040,#6041,#6042,#6043,#6044,#6045,#6046,#6047,#6048,#6049,#6050,
    #6051),.UNSPECIFIED.,.F.,.F.,(9,7,7,7,7,7,7,7,7,7,9),(0.,
    0.154108244187,0.225722967325,0.317411196991,0.406621572223,
    0.488669342833,0.641272128836,0.729398098233,0.813944754476,
    0.902076730957,1.),.UNSPECIFIED.);
#5980 = CARTESIAN_POINT('',(-5.329070518201E-15,-16.97181423961,13.335)
  );
#5981 = CARTESIAN_POINT('',(-1.613735081847,-17.06965571376,
    13.334999999972));
#5982 = CARTESIAN_POINT('',(-3.229853442193,-17.16764113961,
    13.111814690681));
#5983 = CARTESIAN_POINT('',(-4.808517522512,-17.26554208725,
    12.664302251457));
#5984 = CARTESIAN_POINT('',(-6.314091157363,-17.36339644392,
    12.001177567432));
#5985 = CARTESIAN_POINT('',(-7.713371321592,-17.4612498508,
    11.135993415411));
#5986 = CARTESIAN_POINT('',(-8.976370493479,-17.55915202924,
    10.088448815024));
#5987 = CARTESIAN_POINT('',(-10.07571982995,-17.65714150795,
    8.882921881152));
#5988 = CARTESIAN_POINT('',(-11.41451111465,-17.80045220322,
    6.934950536092));
#5989 = CARTESIAN_POINT('',(-11.79956882368,-17.84592255809,
    6.289588286725));
#5990 = CARTESIAN_POINT('',(-12.14283803479,-17.89139166776,
    5.619919011515));
#5991 = CARTESIAN_POINT('',(-12.4425521748,-17.93685951544,
    4.929109695873));
#5992 = CARTESIAN_POINT('',(-12.69723692097,-17.98232775636,
    4.220454303308));
#5993 = CARTESIAN_POINT('',(-12.90570312591,-18.02779763061,
    3.497368567662));
#5994 = CARTESIAN_POINT('',(-13.06706412832,-18.07326777175,
    2.763393754714));
#5995 = CARTESIAN_POINT('',(-13.32636445498,-18.17693958476,
    1.073272093798));
#5996 = CARTESIAN_POINT('',(-13.39390406903,-18.23515929132,
    0.11215617638));
#5997 = CARTESIAN_POINT('',(-13.38214928338,-18.29337486468,
    -0.853372248701));
#5998 = CARTESIAN_POINT('',(-13.29087391523,-18.35158466699,
    -1.81566375055));
#5999 = CARTESIAN_POINT('',(-13.12070442801,-18.40979436599,
    -2.767175474036));
#6000 = CARTESIAN_POINT('',(-12.87306179866,-18.46800973876,
    -3.700475509035));
#6001 = CARTESIAN_POINT('',(-12.55021343139,-18.52622950165,
    -4.608261732655));
#6002 = CARTESIAN_POINT('',(-11.77132560262,-18.64107375502,
    -6.334878226982));
#6003 = CARTESIAN_POINT('',(-11.31898345959,-18.69771880697,
    -7.155755471612));
#6004 = CARTESIAN_POINT('',(-10.80133996908,-18.75435977028,
    -7.939427058998));
#6005 = CARTESIAN_POINT('',(-10.22203244989,-18.81099555236,
    -8.679865820711));
#6006 = CARTESIAN_POINT('',(-9.585290229635,-18.86763130272,
    -9.371534240111));
#6007 = CARTESIAN_POINT('',(-8.895891997379,-18.92427219778,
    -10.00936193772));
#6008 = CARTESIAN_POINT('',(-8.159194538784,-18.98091722784,
    -10.5887836211));
#6009 = CARTESIAN_POINT('',(-6.665732871663,-19.08964152088,
    -11.58137768021));
#6010 = CARTESIAN_POINT('',(-5.91510489343,-19.1417382679,
    -12.00431182069));
#6011 = CARTESIAN_POINT('',(-5.134005337077,-19.1938327886,
    -12.3715046031));
#6012 = CARTESIAN_POINT('',(-4.327305892497,-19.24592350267,
    -12.68043236754));
#6013 = CARTESIAN_POINT('',(-3.500056613764,-19.29801342921,
    -12.9290998398));
#6014 = CARTESIAN_POINT('',(-2.657468298933,-19.35010602688,
    -13.11601038805));
#6015 = CARTESIAN_POINT('',(-1.80491415731,-19.40220113309,
    -13.2401898081));
#6016 = CARTESIAN_POINT('',(0.645937775662,-19.55117430742,
    -13.41485644324));
#6017 = CARTESIAN_POINT('',(2.257663400706,-19.64819587262,
    -13.31032995563));
#6018 = CARTESIAN_POINT('',(3.848747620352,-19.7451348969,
    -12.98385634506));
#6019 = CARTESIAN_POINT('',(5.384093263425,-19.84202800969,
    -12.44132227815));
#6020 = CARTESIAN_POINT('',(6.830580296622,-19.93892139915,
    -11.69344361881));
#6021 = CARTESIAN_POINT('',(8.157708690291,-20.03586058197,
    -10.75702794795));
#6022 = CARTESIAN_POINT('',(9.337162834563,-20.13288151854,
    -9.653651896114));
#6023 = CARTESIAN_POINT('',(10.927652532105,-20.28571347306,
    -7.698062216501));
#6024 = CARTESIAN_POINT('',(11.453374177717,-20.34167098655,
    -6.935997844466));
#6025 = CARTESIAN_POINT('',(11.918153124113,-20.39762464656,
    -6.133142339849));
#6026 = CARTESIAN_POINT('',(12.318355545109,-20.45357345645,
    -5.295225197861));
#6027 = CARTESIAN_POINT('',(12.651015654452,-20.50952224745,
    -4.428274101056));
#6028 = CARTESIAN_POINT('',(12.913799792346,-20.56547582687,
    -3.538589131617));
#6029 = CARTESIAN_POINT('',(13.105050697169,-20.62143310375,
    -2.632751425576));
#6030 = CARTESIAN_POINT('',(13.337945573557,-20.73105689947,
    -0.839748094535));
#6031 = CARTESIAN_POINT('',(13.385386097961,-20.78474062869,
    4.695553366242E-02));
#6032 = CARTESIAN_POINT('',(13.365409374172,-20.83842129923,
    0.936362256587));
#6033 = CARTESIAN_POINT('',(13.277914832483,-20.89209767202,
    1.822477003945));
#6034 = CARTESIAN_POINT('',(13.123420780231,-20.9457735139,
    2.699386192915));
#6035 = CARTESIAN_POINT('',(12.903026843204,-20.99945281677,
    3.561260759368));
#6036 = CARTESIAN_POINT('',(12.618443563121,-21.05313507085,
    4.402368021598));
#6037 = CARTESIAN_POINT('',(11.911047091746,-21.16276229996,
    6.066366267237));
#6038 = CARTESIAN_POINT('',(11.482780936898,-21.21872230516,
    6.887213714431));
#6039 = CARTESIAN_POINT('',(10.989976843237,-21.27467833311,
    7.673224443507));
#6040 = CARTESIAN_POINT('',(10.436000840906,-21.33062962561,
    8.418513243628));
#6041 = CARTESIAN_POINT('',(9.824795304923,-21.38658109263,
    9.117641967947));
#6042 = CARTESIAN_POINT('',(9.160842726291,-21.44253739203,
    9.765599411807));
#6043 = CARTESIAN_POINT('',(8.44919678287,-21.49849693752,
    10.357839068931));
#6044 = CARTESIAN_POINT('',(6.858239345337,-21.61661054653,
    11.482074150847));
#6045 = CARTESIAN_POINT('',(5.968696481429,-21.67879065779,
    12.000340259172));
#6046 = CARTESIAN_POINT('',(5.034757871692,-21.74096337775,
    12.439567195091));
#6047 = CARTESIAN_POINT('',(4.064683585099,-21.80312940077,
    12.795423824744));
#6048 = CARTESIAN_POINT('',(3.067081166262,-21.86529561673,
    13.064634116534));
#6049 = CARTESIAN_POINT('',(2.050871533854,-21.9274688222,
    13.244903460838));
#6050 = CARTESIAN_POINT('',(1.025304400851,-21.98964942152,
    13.335000000022));
#6051 = CARTESIAN_POINT('',(-3.552713678801E-15,-22.05181410727,13.335)
  );
#6052 = PCURVE('',#2637,#6053);
#6053 = DEFINITIONAL_REPRESENTATION('',(#6054),#6127);
#6054 = B_SPLINE_CURVE_WITH_KNOTS('',8,(#6055,#6056,#6057,#6058,#6059,
    #6060,#6061,#6062,#6063,#6064,#6065,#6066,#6067,#6068,#6069,#6070,
    #6071,#6072,#6073,#6074,#6075,#6076,#6077,#6078,#6079,#6080,#6081,
    #6082,#6083,#6084,#6085,#6086,#6087,#6088,#6089,#6090,#6091,#6092,
    #6093,#6094,#6095,#6096,#6097,#6098,#6099,#6100,#6101,#6102,#6103,
    #6104,#6105,#6106,#6107,#6108,#6109,#6110,#6111,#6112,#6113,#6114,
    #6115,#6116,#6117,#6118,#6119,#6120,#6121,#6122,#6123,#6124,#6125,
    #6126),.UNSPECIFIED.,.F.,.F.,(9,7,7,7,7,7,7,7,7,7,9),(0.,
    0.154108244187,0.225722967325,0.317411196991,0.406621572223,
    0.488669342833,0.641272128836,0.729398098233,0.813944754476,
    0.902076730957,1.),.UNSPECIFIED.);
#6055 = CARTESIAN_POINT('',(14.139828669033,0.99960633946));
#6056 = CARTESIAN_POINT('',(13.984208653476,0.999606367462));
#6057 = CARTESIAN_POINT('',(13.828359341837,0.999606716261));
#6058 = CARTESIAN_POINT('',(13.672645061612,0.999606431507));
#6059 = CARTESIAN_POINT('',(13.517005498434,0.999605553565));
#6060 = CARTESIAN_POINT('',(13.361365073302,0.999606953541));
#6061 = CARTESIAN_POINT('',(13.205649008599,0.999606498727));
#6062 = CARTESIAN_POINT('',(13.049793518242,0.999606592898));
#6063 = CARTESIAN_POINT('',(12.821853387908,0.999606494461));
#6064 = CARTESIAN_POINT('',(12.749531380641,0.999606453388));
#6065 = CARTESIAN_POINT('',(12.677211356413,0.999606409933));
#6066 = CARTESIAN_POINT('',(12.604893332623,0.999606372972));
#6067 = CARTESIAN_POINT('',(12.532574669929,0.999606348895));
#6068 = CARTESIAN_POINT('',(12.460253393669,0.999606339838));
#6069 = CARTESIAN_POINT('',(12.387931679049,0.99960634404));
#6070 = CARTESIAN_POINT('',(12.223038318714,0.999606376646));
#6071 = CARTESIAN_POINT('',(12.130437981588,0.999606411417));
#6072 = CARTESIAN_POINT('',(12.037844208136,0.999606456053));
#6073 = CARTESIAN_POINT('',(11.945259616458,0.999606498075));
#6074 = CARTESIAN_POINT('',(11.852675202433,0.999606527328));
#6075 = CARTESIAN_POINT('',(11.760081781405,0.999606540026));
#6076 = CARTESIAN_POINT('',(11.667481392459,0.99960653863));
#6077 = CARTESIAN_POINT('',(11.484817966169,0.999606516784));
#6078 = CARTESIAN_POINT('',(11.394722224552,0.999606496887));
#6079 = CARTESIAN_POINT('',(11.304632991444,0.999606471819));
#6080 = CARTESIAN_POINT('',(11.214551997738,0.999606448205));
#6081 = CARTESIAN_POINT('',(11.12447104753,0.999606431242));
#6082 = CARTESIAN_POINT('',(11.034381905712,0.999606422707));
#6083 = CARTESIAN_POINT('',(10.944286179846,0.999606421066));
#6084 = CARTESIAN_POINT('',(10.771356717611,0.99960642611));
#6085 = CARTESIAN_POINT('',(10.688495173043,0.999606432119));
#6086 = CARTESIAN_POINT('',(10.605637167747,0.999606439807));
#6087 = CARTESIAN_POINT('',(10.522785218509,0.999606446068));
#6088 = CARTESIAN_POINT('',(10.439934525766,0.999606448584));
#6089 = CARTESIAN_POINT('',(10.35707958898,0.999606446832));
#6090 = CARTESIAN_POINT('',(10.274220665382,0.999606442094));
#6091 = CARTESIAN_POINT('',(10.03727409528,0.999606426106));
#6092 = CARTESIAN_POINT('',(9.882958214359,0.999606412685));
#6093 = CARTESIAN_POINT('',(9.728773606412,0.999606409777));
#6094 = CARTESIAN_POINT('',(9.574661988713,0.999606438879));
#6095 = CARTESIAN_POINT('',(9.420549884525,0.999606512414));
#6096 = CARTESIAN_POINT('',(9.266364976886,0.999606555009));
#6097 = CARTESIAN_POINT('',(9.112050088551,0.999606548539));
#6098 = CARTESIAN_POINT('',(8.868966052938,0.999606487085));
#6099 = CARTESIAN_POINT('',(8.779963877032,0.999606453925));
#6100 = CARTESIAN_POINT('',(8.690967838796,0.999606412563));
#6101 = CARTESIAN_POINT('',(8.60197951444,0.999606371559));
#6102 = CARTESIAN_POINT('',(8.512991208457,0.999606341728));
#6103 = CARTESIAN_POINT('',(8.423995265183,0.999606332143));
#6104 = CARTESIAN_POINT('',(8.33499341653,0.999606345973));
#6105 = CARTESIAN_POINT('',(8.160633210048,0.999606405125));
#6106 = CARTESIAN_POINT('',(8.075247480121,0.999606448977));
#6107 = CARTESIAN_POINT('',(7.989866603491,0.999606503945));
#6108 = CARTESIAN_POINT('',(7.904492565632,0.999606555998));
#6109 = CARTESIAN_POINT('',(7.819119393084,0.99960658805));
#6110 = CARTESIAN_POINT('',(7.733740750012,0.999606587294));
#6111 = CARTESIAN_POINT('',(7.648357448341,0.999606552655));
#6112 = CARTESIAN_POINT('',(7.473991950011,0.999606449984));
#6113 = CARTESIAN_POINT('',(7.384985821887,0.999606406377));
#6114 = CARTESIAN_POINT('',(7.29598610014,0.999606285786));
#6115 = CARTESIAN_POINT('',(7.20699382751,0.999606244406));
#6116 = CARTESIAN_POINT('',(7.118001122212,0.999606351466));
#6117 = CARTESIAN_POINT('',(7.029000700074,0.999606487983));
#6118 = CARTESIAN_POINT('',(6.939995273014,0.999606473194));
#6119 = CARTESIAN_POINT('',(6.752131929699,0.999606358095));
#6120 = CARTESIAN_POINT('',(6.653232564649,0.999606274915));
#6121 = CARTESIAN_POINT('',(6.55434484042,0.99960630655));
#6122 = CARTESIAN_POINT('',(6.455467688785,0.999606407236));
#6123 = CARTESIAN_POINT('',(6.356590232629,0.999606507448));
#6124 = CARTESIAN_POINT('',(6.25770170869,0.999606567461));
#6125 = CARTESIAN_POINT('',(6.15880146671,0.999606577827));
#6126 = CARTESIAN_POINT('',(6.059926569739,0.999606559555));
#6127 = ( GEOMETRIC_REPRESENTATION_CONTEXT(2) 
PARAMETRIC_REPRESENTATION_CONTEXT() REPRESENTATION_CONTEXT('2D SPACE',''
  ) );
#6128 = PCURVE('',#2887,#6129);
#6129 = DEFINITIONAL_REPRESENTATION('',(#6130),#6203);
#6130 = B_SPLINE_CURVE_WITH_KNOTS('',8,(#6131,#6132,#6133,#6134,#6135,
    #6136,#6137,#6138,#6139,#6140,#6141,#6142,#6143,#6144,#6145,#6146,
    #6147,#6148,#6149,#6150,#6151,#6152,#6153,#6154,#6155,#6156,#6157,
    #6158,#6159,#6160,#6161,#6162,#6163,#6164,#6165,#6166,#6167,#6168,
    #6169,#6170,#6171,#6172,#6173,#6174,#6175,#6176,#6177,#6178,#6179,
    #6180,#6181,#6182,#6183,#6184,#6185,#6186,#6187,#6188,#6189,#6190,
    #6191,#6192,#6193,#6194,#6195,#6196,#6197,#6198,#6199,#6200,#6201,
    #6202),.UNSPECIFIED.,.F.,.F.,(9,7,7,7,7,7,7,7,7,7,9),(0.,
    0.154108244187,0.225722967325,0.317411196991,0.406621572223,
    0.488669342833,0.641272128836,0.729398098233,0.813944754476,
    0.902076730957,1.),.UNSPECIFIED.);
#6131 = CARTESIAN_POINT('',(6.28318530718,13.028185760389));
#6132 = CARTESIAN_POINT('',(6.162170302917,12.930344286237));
#6133 = CARTESIAN_POINT('',(6.040977040339,12.832358860388));
#6134 = CARTESIAN_POINT('',(5.919888677929,12.734457912751));
#6135 = CARTESIAN_POINT('',(5.798858664691,12.636603556072));
#6136 = CARTESIAN_POINT('',(5.677827512883,12.538750149198));
#6137 = CARTESIAN_POINT('',(5.556737932808,12.440847970751));
#6138 = CARTESIAN_POINT('',(5.435539795837,12.342858492041));
#6139 = CARTESIAN_POINT('',(5.258286407478,12.19954779678));
#6140 = CARTESIAN_POINT('',(5.202046548165,12.154077441901));
#6141 = CARTESIAN_POINT('',(5.145808230014,12.108608332235));
#6142 = CARTESIAN_POINT('',(5.089571466341,12.063140484551));
#6143 = CARTESIAN_POINT('',(5.03333420499,12.017672243638));
#6144 = CARTESIAN_POINT('',(4.97709491098,11.972202369388));
#6145 = CARTESIAN_POINT('',(4.920855276406,11.926732228243));
#6146 = CARTESIAN_POINT('',(4.792629026672,11.823060415236));
#6147 = CARTESIAN_POINT('',(4.720620100501,11.764840708678));
#6148 = CARTESIAN_POINT('',(4.648616280035,11.706625135316));
#6149 = CARTESIAN_POINT('',(4.576619600915,11.648415333007));
#6150 = CARTESIAN_POINT('',(4.504623060263,11.590205634004));
#6151 = CARTESIAN_POINT('',(4.432619514521,11.531990261239));
#6152 = CARTESIAN_POINT('',(4.360610548367,11.473770498344));
#6153 = CARTESIAN_POINT('',(4.218565736515,11.35892624498));
#6154 = CARTESIAN_POINT('',(4.148504459036,11.302281193028));
#6155 = CARTESIAN_POINT('',(4.078448240827,11.245640229713));
#6156 = CARTESIAN_POINT('',(4.008398428542,11.189004447634));
#6157 = CARTESIAN_POINT('',(3.938348649948,11.132368697272));
#6158 = CARTESIAN_POINT('',(3.868292502444,11.075727802213));
#6159 = CARTESIAN_POINT('',(3.798231237074,11.019082772157));
#6160 = CARTESIAN_POINT('',(3.663755861648,10.910358479114));
#6161 = CARTESIAN_POINT('',(3.599320126731,10.858261732098));
#6162 = CARTESIAN_POINT('',(3.534887146143,10.806167211399));
#6163 = CARTESIAN_POINT('',(3.470458876685,10.75407649733));
#6164 = CARTESIAN_POINT('',(3.406031585295,10.701986570785));
#6165 = CARTESIAN_POINT('',(3.341600993565,10.649893973119));
#6166 = CARTESIAN_POINT('',(3.277167300568,10.597798866903));
#6167 = CARTESIAN_POINT('',(3.092910225466,10.448825692571));
#6168 = CARTESIAN_POINT('',(2.972909357393,10.351804127376));
#6169 = CARTESIAN_POINT('',(2.853010562885,10.254865103098));
#6170 = CARTESIAN_POINT('',(2.733168519158,10.157971990307));
#6171 = CARTESIAN_POINT('',(2.613326100532,10.061078600842));
#6172 = CARTESIAN_POINT('',(2.493427078117,9.964139418029));
#6173 = CARTESIAN_POINT('',(2.373426983936,9.86711848146));
#6174 = CARTESIAN_POINT('',(2.184397220302,9.714286526935));
#6175 = CARTESIAN_POINT('',(2.11518633964,9.658329013442));
#6176 = CARTESIAN_POINT('',(2.045980231434,9.60237535344));
#6177 = CARTESIAN_POINT('',(1.976780120407,9.546426543547));
#6178 = CARTESIAN_POINT('',(1.907580022,9.490477752545));
#6179 = CARTESIAN_POINT('',(1.838373983586,9.434524173122));
#6180 = CARTESIAN_POINT('',(1.769163353147,9.378566896246));
#6181 = CARTESIAN_POINT('',(1.633575386731,9.268943100522));
#6182 = CARTESIAN_POINT('',(1.567176765299,9.215259371308));
#6183 = CARTESIAN_POINT('',(1.500781919245,9.161578700762));
#6184 = CARTESIAN_POINT('',(1.434392392924,9.107902327978));
#6185 = CARTESIAN_POINT('',(1.368003540082,9.054226486094));
#6186 = CARTESIAN_POINT('',(1.301610431265,9.000547183228));
#6187 = CARTESIAN_POINT('',(1.235213695491,8.946864929148));
#6188 = CARTESIAN_POINT('',(1.099621603131,8.837237700031));
#6189 = CARTESIAN_POINT('',(1.030407643073,8.781277694834));
#6190 = CARTESIAN_POINT('',(0.961198641113,8.725321666889));
#6191 = CARTESIAN_POINT('',(0.891995445809,8.669370374389));
#6192 = CARTESIAN_POINT('',(0.822791946066,8.61341890737));
#6193 = CARTESIAN_POINT('',(0.753582451192,8.557462607965));
#6194 = CARTESIAN_POINT('',(0.684369034104,8.501503062473));
#6195 = CARTESIAN_POINT('',(0.538280632945,8.383389453468));
#6196 = CARTESIAN_POINT('',(0.461373399488,8.321209342209));
#6197 = CARTESIAN_POINT('',(0.384475186009,8.259036622241));
#6198 = CARTESIAN_POINT('',(0.307585192105,8.196870599229));
#6199 = CARTESIAN_POINT('',(0.230694971309,8.134704383269));
#6200 = CARTESIAN_POINT('',(0.153796148392,8.072531177794));
#6201 = CARTESIAN_POINT('',(7.688821903647E-02,8.010350578476));
#6202 = CARTESIAN_POINT('',(0.,7.94818589273));
#6203 = ( GEOMETRIC_REPRESENTATION_CONTEXT(2) 
PARAMETRIC_REPRESENTATION_CONTEXT() REPRESENTATION_CONTEXT('2D SPACE',''
  ) );
#6204 = ORIENTED_EDGE('',*,*,#2525,.T.);
#6205 = ADVANCED_FACE('',(#6206),#2887,.F.);
#6206 = FACE_BOUND('',#6207,.F.);
#6207 = EDGE_LOOP('',(#6208,#6209,#6210,#6211));
#6208 = ORIENTED_EDGE('',*,*,#2982,.T.);
#6209 = ORIENTED_EDGE('',*,*,#2873,.F.);
#6210 = ORIENTED_EDGE('',*,*,#5977,.F.);
#6211 = ORIENTED_EDGE('',*,*,#6212,.T.);
#6212 = EDGE_CURVE('',#5748,#2983,#6213,.T.);
#6213 = SURFACE_CURVE('',#6214,(#6218,#6225),.PCURVE_S1.);
#6214 = LINE('',#6215,#6216);
#6215 = CARTESIAN_POINT('',(-3.266133013326E-15,-30.,13.335));
#6216 = VECTOR('',#6217,1.);
#6217 = DIRECTION('',(0.,1.,0.));
#6218 = PCURVE('',#2887,#6219);
#6219 = DEFINITIONAL_REPRESENTATION('',(#6220),#6224);
#6220 = LINE('',#6221,#6222);
#6221 = CARTESIAN_POINT('',(6.28318530718,-0.));
#6222 = VECTOR('',#6223,1.);
#6223 = DIRECTION('',(0.,1.));
#6224 = ( GEOMETRIC_REPRESENTATION_CONTEXT(2) 
PARAMETRIC_REPRESENTATION_CONTEXT() REPRESENTATION_CONTEXT('2D SPACE',''
  ) );
#6225 = PCURVE('',#3366,#6226);
#6226 = DEFINITIONAL_REPRESENTATION('',(#6227),#6231);
#6227 = LINE('',#6228,#6229);
#6228 = CARTESIAN_POINT('',(0.,-0.));
#6229 = VECTOR('',#6230,1.);
#6230 = DIRECTION('',(0.,1.));
#6231 = ( GEOMETRIC_REPRESENTATION_CONTEXT(2) 
PARAMETRIC_REPRESENTATION_CONTEXT() REPRESENTATION_CONTEXT('2D SPACE',''
  ) );
#6232 = ADVANCED_FACE('',(#6233,#6236),#2940,.T.);
#6233 = FACE_BOUND('',#6234,.T.);
#6234 = EDGE_LOOP('',(#6235));
#6235 = ORIENTED_EDGE('',*,*,#2925,.T.);
#6236 = FACE_BOUND('',#6237,.T.);
#6237 = EDGE_LOOP('',(#6238));
#6238 = ORIENTED_EDGE('',*,*,#6239,.F.);
#6239 = EDGE_CURVE('',#6240,#6240,#6242,.T.);
#6240 = VERTEX_POINT('',#6241);
#6241 = CARTESIAN_POINT('',(-3.266133013326E-15,10.,13.335));
#6242 = SURFACE_CURVE('',#6243,(#6248,#6255),.PCURVE_S1.);
#6243 = CIRCLE('',#6244,13.335);
#6244 = AXIS2_PLACEMENT_3D('',#6245,#6246,#6247);
#6245 = CARTESIAN_POINT('',(0.,10.,0.));
#6246 = DIRECTION('',(0.,1.,0.));
#6247 = DIRECTION('',(0.,-0.,1.));
#6248 = PCURVE('',#2940,#6249);
#6249 = DEFINITIONAL_REPRESENTATION('',(#6250),#6254);
#6250 = CIRCLE('',#6251,13.335);
#6251 = AXIS2_PLACEMENT_2D('',#6252,#6253);
#6252 = CARTESIAN_POINT('',(0.,0.));
#6253 = DIRECTION('',(1.,0.));
#6254 = ( GEOMETRIC_REPRESENTATION_CONTEXT(2) 
PARAMETRIC_REPRESENTATION_CONTEXT() REPRESENTATION_CONTEXT('2D SPACE',''
  ) );
#6255 = PCURVE('',#4138,#6256);
#6256 = DEFINITIONAL_REPRESENTATION('',(#6257),#6261);
#6257 = LINE('',#6258,#6259);
#6258 = CARTESIAN_POINT('',(0.,40.));
#6259 = VECTOR('',#6260,1.);
#6260 = DIRECTION('',(1.,0.));
#6261 = ( GEOMETRIC_REPRESENTATION_CONTEXT(2) 
PARAMETRIC_REPRESENTATION_CONTEXT() REPRESENTATION_CONTEXT('2D SPACE',''
  ) );
#6262 = ADVANCED_FACE('',(#6263),#4326,.F.);
#6263 = FACE_BOUND('',#6264,.F.);
#6264 = EDGE_LOOP('',(#6265,#6266,#6325,#6326));
#6265 = ORIENTED_EDGE('',*,*,#4225,.T.);
#6266 = ORIENTED_EDGE('',*,*,#6267,.T.);
#6267 = EDGE_CURVE('',#4157,#4650,#6268,.T.);
#6268 = SURFACE_CURVE('',#6269,(#6272,#6279),.PCURVE_S1.);
#6269 = B_SPLINE_CURVE_WITH_KNOTS('',1,(#6270,#6271),.UNSPECIFIED.,.F.,
  .F.,(2,2),(0.,1.),.PIECEWISE_BEZIER_KNOTS.);
#6270 = CARTESIAN_POINT('',(11.155685887557,6.518444332285,
    11.294525107691));
#6271 = CARTESIAN_POINT('',(11.155685887557,8.401555668021,
    11.294525107691));
#6272 = PCURVE('',#4326,#6273);
#6273 = DEFINITIONAL_REPRESENTATION('',(#6274),#6278);
#6274 = LINE('',#6275,#6276);
#6275 = CARTESIAN_POINT('',(55.541374132803,0.));
#6276 = VECTOR('',#6277,1.);
#6277 = DIRECTION('',(0.,1.));
#6278 = ( GEOMETRIC_REPRESENTATION_CONTEXT(2) 
PARAMETRIC_REPRESENTATION_CONTEXT() REPRESENTATION_CONTEXT('2D SPACE',''
  ) );
#6279 = PCURVE('',#6280,#6319);
#6280 = B_SPLINE_SURFACE_WITH_KNOTS('',6,1,(
    (#6281,#6282)
    ,(#6283,#6284)
    ,(#6285,#6286)
    ,(#6287,#6288)
    ,(#6289,#6290)
    ,(#6291,#6292)
    ,(#6293,#6294)
    ,(#6295,#6296)
    ,(#6297,#6298)
    ,(#6299,#6300)
    ,(#6301,#6302)
    ,(#6303,#6304)
    ,(#6305,#6306)
    ,(#6307,#6308)
    ,(#6309,#6310)
    ,(#6311,#6312)
    ,(#6313,#6314)
    ,(#6315,#6316)
    ,(#6317,#6318
    )),.UNSPECIFIED.,.F.,.F.,.F.,(7,4,4,4,7),(2,2),(0.,0.25978587286,
    0.512773096416,0.757936471741,1.),(0.,1.),.UNSPECIFIED.);
#6281 = CARTESIAN_POINT('',(11.155685887557,6.518444332285,
    11.294525107691));
#6282 = CARTESIAN_POINT('',(11.155685887557,8.401555668021,
    11.294525107691));
#6283 = CARTESIAN_POINT('',(11.733765060685,6.567596226028,
    10.506428524816));
#6284 = CARTESIAN_POINT('',(11.733765060685,8.450707561764,
    10.506428524816));
#6285 = CARTESIAN_POINT('',(12.252897850529,6.617306317626,
    9.675129336271));
#6286 = CARTESIAN_POINT('',(12.252897850529,8.500417653362,
    9.675129336271));
#6287 = CARTESIAN_POINT('',(12.708989068581,6.667606292485,8.80609589567
    ));
#6288 = CARTESIAN_POINT('',(12.708989068581,8.550717628221,8.80609589567
    ));
#6289 = CARTESIAN_POINT('',(13.098650814377,6.718525858635,
    7.905353730335));
#6290 = CARTESIAN_POINT('',(13.098650814377,8.601637194371,
    7.905353730335));
#6291 = CARTESIAN_POINT('',(13.731668662459,6.820305956025,
    6.077557442834));
#6292 = CARTESIAN_POINT('',(13.731668662459,8.703417291761,
    6.077557442834));
#6293 = CARTESIAN_POINT('',(14.08977043422,6.92466469534,4.177107827583)
  );
#6294 = CARTESIAN_POINT('',(14.08977043422,8.807776031076,4.177107827583
    ));
#6295 = CARTESIAN_POINT('',(14.198043987896,6.976795238814,
    3.227913894232));
#6296 = CARTESIAN_POINT('',(14.198043987896,8.85990657455,3.227913894232
    ));
#6297 = CARTESIAN_POINT('',(14.237254314057,7.029576146252,
    2.273443418767));
#6298 = CARTESIAN_POINT('',(14.237254314057,8.912687481988,
    2.273443418767));
#6299 = CARTESIAN_POINT('',(14.178887886181,7.134775287069,
    0.395954173412));
#6300 = CARTESIAN_POINT('',(14.178887886181,9.017886622805,
    0.395954173412));
#6301 = CARTESIAN_POINT('',(13.857382260151,7.242380808001,
    -1.454288010951));
#6302 = CARTESIAN_POINT('',(13.857382260151,9.125492143737,
    -1.454288010951));
#6303 = CARTESIAN_POINT('',(13.636313916487,7.295899402705,
    -2.352777375933));
#6304 = CARTESIAN_POINT('',(13.636313916487,9.179010738441,
    -2.352777375933));
#6305 = CARTESIAN_POINT('',(13.353985223579,7.349940860711,
    -3.233845893369));
#6306 = CARTESIAN_POINT('',(13.353985223579,9.233052196447,
    -3.233845893369));
#6307 = CARTESIAN_POINT('',(12.675447049064,7.458261863548,
    -4.940303416245));
#6308 = CARTESIAN_POINT('',(12.675447049064,9.341373199285,
    -4.940303416245));
#6309 = CARTESIAN_POINT('',(11.773748763727,7.568107200911,
    -6.539875758982));
#6310 = CARTESIAN_POINT('',(11.773748763727,9.451218536647,
    -6.539875758982));
#6311 = CARTESIAN_POINT('',(11.273186303306,7.622982063269,
    -7.30371272167));
#6312 = CARTESIAN_POINT('',(11.273186303306,9.506093399005,
    -7.30371272167));
#6313 = CARTESIAN_POINT('',(10.722962445818,7.678066455024,
    -8.032536684068));
#6314 = CARTESIAN_POINT('',(10.722962445818,9.56117779076,
    -8.032536684068));
#6315 = CARTESIAN_POINT('',(10.126293831946,7.733255378911,
    -8.722509149603));
#6316 = CARTESIAN_POINT('',(10.126293831946,9.616366714647,
    -8.722509149603));
#6317 = CARTESIAN_POINT('',(9.486689609095,7.788444332603,-9.37007341649
    ));
#6318 = CARTESIAN_POINT('',(9.486689609095,9.67155566834,-9.37007341649)
  );
#6319 = DEFINITIONAL_REPRESENTATION('',(#6320),#6324);
#6320 = LINE('',#6321,#6322);
#6321 = CARTESIAN_POINT('',(0.,0.));
#6322 = VECTOR('',#6323,1.);
#6323 = DIRECTION('',(0.,1.));
#6324 = ( GEOMETRIC_REPRESENTATION_CONTEXT(2) 
PARAMETRIC_REPRESENTATION_CONTEXT() REPRESENTATION_CONTEXT('2D SPACE',''
  ) );
#6325 = ORIENTED_EDGE('',*,*,#4649,.F.);
#6326 = ORIENTED_EDGE('',*,*,#4559,.F.);
#6327 = ADVANCED_FACE('',(#6328),#4171,.F.);
#6328 = FACE_BOUND('',#6329,.F.);
#6329 = EDGE_LOOP('',(#6330,#6331,#6729));
#6330 = ORIENTED_EDGE('',*,*,#4156,.F.);
#6331 = ORIENTED_EDGE('',*,*,#6332,.F.);
#6332 = EDGE_CURVE('',#6333,#4111,#6335,.T.);
#6333 = VERTEX_POINT('',#6334);
#6334 = CARTESIAN_POINT('',(9.746538979246,7.765760892152,
    -9.100945166632));
#6335 = SURFACE_CURVE('',#6336,(#6465,#6597),.PCURVE_S1.);
#6336 = B_SPLINE_CURVE_WITH_KNOTS('',7,(#6337,#6338,#6339,#6340,#6341,
    #6342,#6343,#6344,#6345,#6346,#6347,#6348,#6349,#6350,#6351,#6352,
    #6353,#6354,#6355,#6356,#6357,#6358,#6359,#6360,#6361,#6362,#6363,
    #6364,#6365,#6366,#6367,#6368,#6369,#6370,#6371,#6372,#6373,#6374,
    #6375,#6376,#6377,#6378,#6379,#6380,#6381,#6382,#6383,#6384,#6385,
    #6386,#6387,#6388,#6389,#6390,#6391,#6392,#6393,#6394,#6395,#6396,
    #6397,#6398,#6399,#6400,#6401,#6402,#6403,#6404,#6405,#6406,#6407,
    #6408,#6409,#6410,#6411,#6412,#6413,#6414,#6415,#6416,#6417,#6418,
    #6419,#6420,#6421,#6422,#6423,#6424,#6425,#6426,#6427,#6428,#6429,
    #6430,#6431,#6432,#6433,#6434,#6435,#6436,#6437,#6438,#6439,#6440,
    #6441,#6442,#6443,#6444,#6445,#6446,#6447,#6448,#6449,#6450,#6451,
    #6452,#6453,#6454,#6455,#6456,#6457,#6458,#6459,#6460,#6461,#6462,
    #6463,#6464),.UNSPECIFIED.,.F.,.F.,(8,6,6,6,6,6,6,6,6,6,6,6,6,6,6,6,
    6,6,6,6,6,8),(0.,1.887296417151E-02,2.668496649106E-02,
    3.017051108684E-02,3.648274012458E-02,4.509365793791E-02,
    5.08877790816E-02,5.956140545491E-02,6.815247054893E-02,
    7.69081662541E-02,9.392589324166E-02,0.121777576444,0.142616601519,
    0.167416739484,0.196185680777,0.211067310657,0.239840556654,
    0.262662347019,0.280523680161,0.491908146845,0.704303620428,1.),
  .UNSPECIFIED.);
#6337 = CARTESIAN_POINT('',(9.746538979246,7.765760892152,
    -9.100945166632));
#6338 = CARTESIAN_POINT('',(9.752949006972,7.764572647512,
    -9.094080430723));
#6339 = CARTESIAN_POINT('',(9.759994858525,7.763287476509,
    -9.086523402701));
#6340 = CARTESIAN_POINT('',(9.767798998578,7.761887370128,
    -9.078139149806));
#6341 = CARTESIAN_POINT('',(9.776520399712,7.760349347001,
    -9.068750800041));
#6342 = CARTESIAN_POINT('',(9.78636329202,7.758644273886,-9.058130992344
    ));
#6343 = CARTESIAN_POINT('',(9.797611817888,7.756732069391,
    -9.045960454914));
#6344 = CARTESIAN_POINT('',(9.816104230907,7.753651438853,-9.02587317749
    ));
#6345 = CARTESIAN_POINT('',(9.821829750233,7.75270420083,-9.019645611571
    ));
#6346 = CARTESIAN_POINT('',(9.827895883474,7.751707572532,-9.01303807061
    ));
#6347 = CARTESIAN_POINT('',(9.834334315615,7.75065719407,-9.006013978629
    ));
#6348 = CARTESIAN_POINT('',(9.841178226468,7.749548557232,
    -8.998534584827));
#6349 = CARTESIAN_POINT('',(9.848460834042,7.748377212702,
    -8.990560421422));
#6350 = CARTESIAN_POINT('',(9.859673203291,7.746586503707,
    -8.978256829693));
#6351 = CARTESIAN_POINT('',(9.863225914679,7.746020747055,
    -8.974354932082));
#6352 = CARTESIAN_POINT('',(9.866874838591,7.745441346199,
    -8.970343692443));
#6353 = CARTESIAN_POINT('',(9.870622429348,7.744847987171,
    -8.966220047022));
#6354 = CARTESIAN_POINT('',(9.87447082907,7.74424040316,-8.961981244534)
  );
#6355 = CARTESIAN_POINT('',(9.878421867672,7.743618374506,
    -8.957624846162));
#6356 = CARTESIAN_POINT('',(9.889820914065,7.741828780009,
    -8.945042589575));
#6357 = CARTESIAN_POINT('',(9.897507002004,7.740627788066,
    -8.936543092647));
#6358 = CARTESIAN_POINT('',(9.905542505696,7.739378005646,
    -8.927639674284));
#6359 = CARTESIAN_POINT('',(9.913930125509,7.738079326893,
    -8.918326334131));
#6360 = CARTESIAN_POINT('',(9.92266643605,7.736732505822,-8.90860363928)
  );
#6361 = CARTESIAN_POINT('',(9.931740239046,7.735339374825,
    -8.898480731579));
#6362 = CARTESIAN_POINT('',(9.953941343246,7.731943697999,
    -8.873648975712));
#6363 = CARTESIAN_POINT('',(9.967345639312,7.729903332869,
    -8.858607924993));
#6364 = CARTESIAN_POINT('',(9.981290698405,7.72779006676,-8.842905024079
    ));
#6365 = CARTESIAN_POINT('',(9.995709682356,7.725613565611,-8.82660726491
    ));
#6366 = CARTESIAN_POINT('',(10.010528518554,7.723384225564,
    -8.809790917157));
#6367 = CARTESIAN_POINT('',(10.025672397652,7.721112336208,
    -8.792534655313));
#6368 = CARTESIAN_POINT('',(10.051434550341,7.717256191455,
    -8.763055201069));
#6369 = CARTESIAN_POINT('',(10.061914987379,7.715689770347,
    -8.751029541349));
#6370 = CARTESIAN_POINT('',(10.072495153477,7.71411043967,
    -8.738855246193));
#6371 = CARTESIAN_POINT('',(10.083158399823,7.712520384887,
    -8.726550143144));
#6372 = CARTESIAN_POINT('',(10.093890128827,7.71092148731,
    -8.714129979018));
#6373 = CARTESIAN_POINT('',(10.104678065224,7.709315293656,
    -8.701608051209));
#6374 = CARTESIAN_POINT('',(10.13173139331,7.705289408596,
    -8.670113236881));
#6375 = CARTESIAN_POINT('',(10.148052499716,7.702862430516,
    -8.651029421481));
#6376 = CARTESIAN_POINT('',(10.164444239962,7.700425872723,
    -8.631777536148));
#6377 = CARTESIAN_POINT('',(10.180881151479,7.697982741371,
    -8.61238547928));
#6378 = CARTESIAN_POINT('',(10.197343700629,7.695535253884,
    -8.592874879651));
#6379 = CARTESIAN_POINT('',(10.213818067749,7.693084865432,
    -8.573261071741));
#6380 = CARTESIAN_POINT('',(10.246616949515,7.688203070539,
    -8.534032664093));
#6381 = CARTESIAN_POINT('',(10.262939610387,7.685771970185,
    -8.514421985182));
#6382 = CARTESIAN_POINT('',(10.279254366528,7.683339907738,
    -8.494731578722));
#6383 = CARTESIAN_POINT('',(10.295553615967,7.680907578306,
    -8.474969945087));
#6384 = CARTESIAN_POINT('',(10.311831536049,7.67847547192,-8.45514365577
    ));
#6385 = CARTESIAN_POINT('',(10.328083916421,7.676043886753,
    -8.435257468523));
#6386 = CARTESIAN_POINT('',(10.360842969653,7.671135413718,
    -8.394989248188));
#6387 = CARTESIAN_POINT('',(10.377348026328,7.668658628671,
    -8.374605656774));
#6388 = CARTESIAN_POINT('',(10.393819835526,7.666182774997,
    -8.354167413085));
#6389 = CARTESIAN_POINT('',(10.410255708336,7.663707986186,
    -8.333677581229));
#6390 = CARTESIAN_POINT('',(10.426653533883,7.661234343394,
    -8.313138588848));
#6391 = CARTESIAN_POINT('',(10.443011719745,7.65876187741,
    -8.292552271364));
#6392 = CARTESIAN_POINT('',(10.49104394781,7.651487294511,
    -8.231818501286));
#6393 = CARTESIAN_POINT('',(10.522603749462,7.646688544368,
    -8.191544417475));
#6394 = CARTESIAN_POINT('',(10.554000209266,7.641894210227,
    -8.151107190463));
#6395 = CARTESIAN_POINT('',(10.585227212256,7.63710413476,
    -8.110514019745));
#6396 = CARTESIAN_POINT('',(10.616280510695,7.63231809524,
    -8.069770039393));
#6397 = CARTESIAN_POINT('',(10.647157378214,7.62753578549,
    -8.028878578808));
#6398 = CARTESIAN_POINT('',(10.728098910386,7.614935374326,
    -7.920678878726));
#6399 = CARTESIAN_POINT('',(10.777862798395,7.607123170866,
    -7.853128801637));
#6400 = CARTESIAN_POINT('',(10.82713917891,7.599318767886,
    -7.785201855427));
#6401 = CARTESIAN_POINT('',(10.875921401962,7.591521149335,
    -7.716906592271));
#6402 = CARTESIAN_POINT('',(10.924204262566,7.583729487128,
    -7.648250015492));
#6403 = CARTESIAN_POINT('',(10.971983639767,7.575943018694,-7.5792378256
    ));
#6404 = CARTESIAN_POINT('',(11.054626601259,7.562338413823,
    -7.457975612378));
#6405 = CARTESIAN_POINT('',(11.089712867984,7.556518360155,
    -7.405880663441));
#6406 = CARTESIAN_POINT('',(11.124513652166,7.550700598308,
    -7.353591738661));
#6407 = CARTESIAN_POINT('',(11.159027462766,7.5448849117,-7.301111006264
    ));
#6408 = CARTESIAN_POINT('',(11.193252884188,7.539071116479,
    -7.248440574578));
#6409 = CARTESIAN_POINT('',(11.227188565904,7.533259052549,
    -7.195582499208));
#6410 = CARTESIAN_POINT('',(11.300873082667,7.520533632367,
    -7.079412454081));
#6411 = CARTESIAN_POINT('',(11.34050074,7.513620940197,-7.016023240009)
  );
#6412 = CARTESIAN_POINT('',(11.37971398415,7.506710259837,
    -6.952374564133));
#6413 = CARTESIAN_POINT('',(11.418510680998,7.499801392867,
    -6.888469824745));
#6414 = CARTESIAN_POINT('',(11.456888756868,7.492894172518,
    -6.824312406018));
#6415 = CARTESIAN_POINT('',(11.494846193151,7.485988455493,
    -6.759905681731));
#6416 = CARTESIAN_POINT('',(11.575922603556,7.471074859886,
    -6.620253893524));
#6417 = CARTESIAN_POINT('',(11.618895484561,7.463067455024,
    -6.544923829056));
#6418 = CARTESIAN_POINT('',(11.661296587268,7.45506171126,-6.46926809218
    ));
#6419 = CARTESIAN_POINT('',(11.703122906505,7.447057463509,
    -6.393291967553));
#6420 = CARTESIAN_POINT('',(11.744371508596,7.439054569533,
    -6.317000757895));
#6421 = CARTESIAN_POINT('',(11.785039531363,7.431052909941,
    -6.240399783991));
#6422 = CARTESIAN_POINT('',(11.84585921779,7.418913869418,
    -6.123712674383));
#6423 = CARTESIAN_POINT('',(11.86643815264,7.414775654347,
    -6.083849507145));
#6424 = CARTESIAN_POINT('',(11.88686060175,7.410637728876,
    -6.043905622791));
#6425 = CARTESIAN_POINT('',(11.907126182874,7.406500079821,
    -6.003881762945));
#6426 = CARTESIAN_POINT('',(11.927234518441,7.402362694915,
    -5.96377867104));
#6427 = CARTESIAN_POINT('',(11.947185235562,7.39822556281,
    -5.923597092314));
#6428 = CARTESIAN_POINT('',(12.005246697809,7.386090103899,
    -5.805497424049));
#6429 = CARTESIAN_POINT('',(12.042924824424,7.378092439671,
    -5.727366457865));
#6430 = CARTESIAN_POINT('',(12.080009684394,7.370095606277,
    -5.648950275318));
#6431 = CARTESIAN_POINT('',(12.116498680259,7.362099537287,
    -5.570254302585));
#6432 = CARTESIAN_POINT('',(12.152389278572,7.354104173959,
    -5.491283991958));
#6433 = CARTESIAN_POINT('',(12.187679009896,7.346109465238,
    -5.412044821847));
#6434 = CARTESIAN_POINT('',(12.249877383656,7.331774768675,
    -5.269484066891));
#6435 = CARTESIAN_POINT('',(12.277009778072,7.325434553484,
    -5.206260159379));
#6436 = CARTESIAN_POINT('',(12.303761451644,7.319094699976,
    -5.142873321019));
#6437 = CARTESIAN_POINT('',(12.330131229289,7.312755187692,
    -5.079326308488));
#6438 = CARTESIAN_POINT('',(12.356117961248,7.306415997918,
    -5.015621888356));
#6439 = CARTESIAN_POINT('',(12.381720523089,7.300077113681,
    -4.95176283709));
#6440 = CARTESIAN_POINT('',(12.426673973874,7.288777658404,
    -4.837654208989));
#6441 = CARTESIAN_POINT('',(12.446174142614,7.283816974767,
    -4.787463467088));
#6442 = CARTESIAN_POINT('',(12.465437795024,7.278856461461,
    -4.737181051076));
#6443 = CARTESIAN_POINT('',(12.484464413767,7.273896111538,
    -4.686808300165));
#6444 = CARTESIAN_POINT('',(12.50325349107,7.268935918494,
    -4.636346557047));
#6445 = CARTESIAN_POINT('',(12.521804528723,7.263975876259,
    -4.585797167897));
#6446 = CARTESIAN_POINT('',(12.756841063884,7.200316822448,
    -3.935900649195));
#6447 = CARTESIAN_POINT('',(12.940161907474,7.141636511894,
    -3.324538010013));
#6448 = CARTESIAN_POINT('',(13.089257187041,7.08296831522,
    -2.703335827928));
#6449 = CARTESIAN_POINT('',(13.203512388137,7.024309093624,
    -2.074594730554));
#6450 = CARTESIAN_POINT('',(13.282502784202,6.965655047912,
    -1.440650262398));
#6451 = CARTESIAN_POINT('',(13.325993823175,6.90700453484,
    -0.803871856223));
#6452 = CARTESIAN_POINT('',(13.341961163633,6.789433139345,
    0.473589990126));
#6453 = CARTESIAN_POINT('',(13.31409722964,6.730509293581,1.114310134287
    ));
#6454 = CARTESIAN_POINT('',(13.250332770169,6.671589313354,
    1.753055585442));
#6455 = CARTESIAN_POINT('',(13.150846358884,6.612672180874,
    2.387417759507));
#6456 = CARTESIAN_POINT('',(13.016010971835,6.553756066653,
    3.015017973103));
#6457 = CARTESIAN_POINT('',(12.846393788889,6.494840283873,
    3.633508621403));
#6458 = CARTESIAN_POINT('',(12.359294727327,6.353908622971,
    5.085736244283));
#6459 = CARTESIAN_POINT('',(12.009873721081,6.271884645213,
    5.908867652506));
#6460 = CARTESIAN_POINT('',(11.59660643494,6.189868172572,6.703651232044
    ));
#6461 = CARTESIAN_POINT('',(11.122314768901,6.107856667899,
    7.464203633686));
#6462 = CARTESIAN_POINT('',(10.590432834579,6.02584271592,8.185017946764
    ));
#6463 = CARTESIAN_POINT('',(10.005002131676,5.943824205031,
    8.860971419504));
#6464 = CARTESIAN_POINT('',(9.370775978196,5.861814147849,9.487401254635
    ));
#6465 = PCURVE('',#4171,#6466);
#6466 = DEFINITIONAL_REPRESENTATION('',(#6467),#6596);
#6467 = B_SPLINE_CURVE_WITH_KNOTS('',7,(#6468,#6469,#6470,#6471,#6472,
    #6473,#6474,#6475,#6476,#6477,#6478,#6479,#6480,#6481,#6482,#6483,
    #6484,#6485,#6486,#6487,#6488,#6489,#6490,#6491,#6492,#6493,#6494,
    #6495,#6496,#6497,#6498,#6499,#6500,#6501,#6502,#6503,#6504,#6505,
    #6506,#6507,#6508,#6509,#6510,#6511,#6512,#6513,#6514,#6515,#6516,
    #6517,#6518,#6519,#6520,#6521,#6522,#6523,#6524,#6525,#6526,#6527,
    #6528,#6529,#6530,#6531,#6532,#6533,#6534,#6535,#6536,#6537,#6538,
    #6539,#6540,#6541,#6542,#6543,#6544,#6545,#6546,#6547,#6548,#6549,
    #6550,#6551,#6552,#6553,#6554,#6555,#6556,#6557,#6558,#6559,#6560,
    #6561,#6562,#6563,#6564,#6565,#6566,#6567,#6568,#6569,#6570,#6571,
    #6572,#6573,#6574,#6575,#6576,#6577,#6578,#6579,#6580,#6581,#6582,
    #6583,#6584,#6585,#6586,#6587,#6588,#6589,#6590,#6591,#6592,#6593,
    #6594,#6595),.UNSPECIFIED.,.F.,.F.,(8,6,6,6,6,6,6,6,6,6,6,6,6,6,6,6,
    6,6,6,6,6,8),(0.,1.887296417151E-02,2.668496649106E-02,
    3.017051108684E-02,3.648274012458E-02,4.509365793791E-02,
    5.08877790816E-02,5.956140545491E-02,6.815247054893E-02,
    7.69081662541E-02,9.392589324166E-02,0.121777576444,0.142616601519,
    0.167416739484,0.196185680777,0.211067310657,0.239840556654,
    0.262662347019,0.280523680161,0.491908146845,0.704303620428,1.),
  .UNSPECIFIED.);
#6468 = CARTESIAN_POINT('',(0.983417585028,1.));
#6469 = CARTESIAN_POINT('',(0.982933838091,0.943191870493));
#6470 = CARTESIAN_POINT('',(0.982404076551,0.886584719752));
#6471 = CARTESIAN_POINT('',(0.981819465566,0.830173527791));
#6472 = CARTESIAN_POINT('',(0.981168531742,0.774024058151));
#6473 = CARTESIAN_POINT('',(0.980436574571,0.718275638564));
#6474 = CARTESIAN_POINT('',(0.979603108338,0.663154841045));
#6475 = CARTESIAN_POINT('',(0.978237576038,0.586584013743));
#6476 = CARTESIAN_POINT('',(0.977815274639,0.564341135127));
#6477 = CARTESIAN_POINT('',(0.977368345594,0.542297658272));
#6478 = CARTESIAN_POINT('',(0.976894489182,0.520490668917));
#6479 = CARTESIAN_POINT('',(0.976391290827,0.498967053001));
#6480 = CARTESIAN_POINT('',(0.975856321247,0.47778244385));
#6481 = CARTESIAN_POINT('',(0.975033323473,0.447727572964));
#6482 = CARTESIAN_POINT('',(0.974772634739,0.438535399481));
#6483 = CARTESIAN_POINT('',(0.974504966597,0.429429632607));
#6484 = CARTESIAN_POINT('',(0.974230137012,0.420416540862));
#6485 = CARTESIAN_POINT('',(0.973947985715,0.411502677589));
#6486 = CARTESIAN_POINT('',(0.973658374202,0.402694880959));
#6487 = CARTESIAN_POINT('',(0.97282298529,0.378254570743));
#6488 = CARTESIAN_POINT('',(0.972259887581,0.362878128243));
#6489 = CARTESIAN_POINT('',(0.971671333773,0.347915556572));
#6490 = CARTESIAN_POINT('',(0.971057075585,0.333410083774));
#6491 = CARTESIAN_POINT('',(0.970417296888,0.319401312107));
#6492 = CARTESIAN_POINT('',(0.969752735302,0.30592297433));
#6493 = CARTESIAN_POINT('',(0.968126352152,0.275372570366));
#6494 = CARTESIAN_POINT('',(0.967144105121,0.258773356683));
#6495 = CARTESIAN_POINT('',(0.966121707528,0.243273570764));
#6496 = CARTESIAN_POINT('',(0.965063773028,0.228886969479));
#6497 = CARTESIAN_POINT('',(0.963975436612,0.215585312228));
#6498 = CARTESIAN_POINT('',(0.962861907117,0.203313128425));
#6499 = CARTESIAN_POINT('',(0.960965048703,0.18439177035));
#6500 = CARTESIAN_POINT('',(0.960192694158,0.177214824887));
#6501 = CARTESIAN_POINT('',(0.959412235056,0.170449152529));
#6502 = CARTESIAN_POINT('',(0.958624827567,0.164070343553));
#6503 = CARTESIAN_POINT('',(0.957831484603,0.158053180685));
#6504 = CARTESIAN_POINT('',(0.957033055331,0.152372745204));
#6505 = CARTESIAN_POINT('',(0.955028361265,0.138970951705));
#6506 = CARTESIAN_POINT('',(0.953816759512,0.131639226239));
#6507 = CARTESIAN_POINT('',(0.952597564116,0.124929594743));
#6508 = CARTESIAN_POINT('',(0.951372520905,0.118770812669));
#6509 = CARTESIAN_POINT('',(0.950142964432,0.113100477722));
#6510 = CARTESIAN_POINT('',(0.948909825543,0.107864364766));
#6511 = CARTESIAN_POINT('',(0.94644921921,9.82133088761E-02));
#6512 = CARTESIAN_POINT('',(0.945221943411,9.379144785656E-02));
#6513 = CARTESIAN_POINT('',(0.943992441479,8.97049788658E-02));
#6514 = CARTESIAN_POINT('',(0.942761213195,8.591599908397E-02));
#6515 = CARTESIAN_POINT('',(0.941528637056,8.239262283294E-02));
#6516 = CARTESIAN_POINT('',(0.940294979114,7.910770274224E-02));
#6517 = CARTESIAN_POINT('',(0.937802166341,7.290856575743E-02));
#6518 = CARTESIAN_POINT('',(0.936543015592,7.000277055661E-02));
#6519 = CARTESIAN_POINT('',(0.935283152552,6.729537401833E-02));
#6520 = CARTESIAN_POINT('',(0.934022739129,6.476554879776E-02));
#6521 = CARTESIAN_POINT('',(0.932761899113,6.239571506716E-02));
#6522 = CARTESIAN_POINT('',(0.931500721123,6.017082408363E-02));
#6523 = CARTESIAN_POINT('',(0.927787466107,5.400929509728E-02));
#6524 = CARTESIAN_POINT('',(0.925334682861,5.043831732197E-02));
#6525 = CARTESIAN_POINT('',(0.922881330083,4.726970474151E-02));
#6526 = CARTESIAN_POINT('',(0.920427700096,4.443350730831E-02));
#6527 = CARTESIAN_POINT('',(0.917973973179,4.187828425957E-02));
#6528 = CARTESIAN_POINT('',(0.915520231485,3.95645597604E-02));
#6529 = CARTESIAN_POINT('',(0.909050583803,3.401108039067E-02));
#6530 = CARTESIAN_POINT('',(0.905034812425,3.112045066964E-02));
#6531 = CARTESIAN_POINT('',(0.901019319328,2.864362634922E-02));
#6532 = CARTESIAN_POINT('',(0.89700419734,2.649237812803E-02));
#6533 = CARTESIAN_POINT('',(0.892989480335,2.460564246828E-02));
#6534 = CARTESIAN_POINT('',(0.888975145605,2.29356404527E-02));
#6535 = CARTESIAN_POINT('',(0.881957751303,2.033402326927E-02));
#6536 = CARTESIAN_POINT('',(0.878954585901,1.932227249436E-02));
#6537 = CARTESIAN_POINT('',(0.875951602836,1.839748508668E-02));
#6538 = CARTESIAN_POINT('',(0.87294879189,1.754800057458E-02));
#6539 = CARTESIAN_POINT('',(0.869946142938,1.676455597035E-02));
#6540 = CARTESIAN_POINT('',(0.866943645424,1.603959766909E-02));
#6541 = CARTESIAN_POINT('',(0.860368237669,1.456566336353E-02));
#6542 = CARTESIAN_POINT('',(0.856795387611,1.383833136083E-02));
#6543 = CARTESIAN_POINT('',(0.853222720215,1.317386254035E-02));
#6544 = CARTESIAN_POINT('',(0.849650220457,1.256378078656E-02));
#6545 = CARTESIAN_POINT('',(0.846077875097,1.200136297178E-02));
#6546 = CARTESIAN_POINT('',(0.842505672039,1.148113326039E-02));
#6547 = CARTESIAN_POINT('',(0.834789883241,1.043832222177E-02));
#6548 = CARTESIAN_POINT('',(0.830646343135,9.928535522935E-03));
#6549 = CARTESIAN_POINT('',(0.826502962922,9.462186124017E-03));
#6550 = CARTESIAN_POINT('',(0.822359727926,9.033458423625E-03));
#6551 = CARTESIAN_POINT('',(0.81821662525,8.637532411522E-03));
#6552 = CARTESIAN_POINT('',(0.814073643774,8.270583668622E-03));
#6553 = CARTESIAN_POINT('',(0.807787745958,7.753493808725E-03));
#6554 = CARTESIAN_POINT('',(0.805644747669,7.584157827201E-03));
#6555 = CARTESIAN_POINT('',(0.803501777958,7.421342775274E-03));
#6556 = CARTESIAN_POINT('',(0.801358835577,7.26465053381E-03));
#6557 = CARTESIAN_POINT('',(0.799215919359,7.113717511678E-03));
#6558 = CARTESIAN_POINT('',(0.797073028219,6.96821464575E-03));
#6559 = CARTESIAN_POINT('',(0.790786983165,6.556450967971E-03));
#6560 = CARTESIAN_POINT('',(0.786643895069,6.304207020284E-03));
#6561 = CARTESIAN_POINT('',(0.782500889717,6.069035973621E-03));
#6562 = CARTESIAN_POINT('',(0.778357960675,5.849116396717E-03));
#6563 = CARTESIAN_POINT('',(0.774215102224,5.642885011264E-03));
#6564 = CARTESIAN_POINT('',(0.770072309359,5.449036691909E-03));
#6565 = CARTESIAN_POINT('',(0.762643728439,5.121763053056E-03));
#6566 = CARTESIAN_POINT('',(0.759357917592,4.984108039715E-03));
#6567 = CARTESIAN_POINT('',(0.756072143057,4.853012981139E-03));
#6568 = CARTESIAN_POINT('',(0.752786402813,4.727983276293E-03));
#6569 = CARTESIAN_POINT('',(0.749500695009,4.608576168205E-03));
#6570 = CARTESIAN_POINT('',(0.746215017963,4.494400743968E-03));
#6571 = CARTESIAN_POINT('',(0.740357878218,4.299588419688E-03));
#6572 = CARTESIAN_POINT('',(0.737786404176,4.217052108935E-03));
#6573 = CARTESIAN_POINT('',(0.735214947299,4.137343346442E-03));
#6574 = CARTESIAN_POINT('',(0.732643506896,4.060308458756E-03));
#6575 = CARTESIAN_POINT('',(0.730072082318,3.985805755007E-03));
#6576 = CARTESIAN_POINT('',(0.727500672961,3.913705526906E-03));
#6577 = CARTESIAN_POINT('',(0.694497457039,3.017641106449E-03));
#6578 = CARTESIAN_POINT('',(0.664066924829,2.510746003614E-03));
#6579 = CARTESIAN_POINT('',(0.633638089041,2.129311194303E-03));
#6580 = CARTESIAN_POINT('',(0.603210418279,1.848524598234E-03));
#6581 = CARTESIAN_POINT('',(0.572783021746,1.623110423999E-03));
#6582 = CARTESIAN_POINT('',(0.542355500627,1.443276311007E-03));
#6583 = CARTESIAN_POINT('',(0.481357177229,1.146699985833E-03));
#6584 = CARTESIAN_POINT('',(0.450784832098,1.030471925641E-03));
#6585 = CARTESIAN_POINT('',(0.420213345023,9.356829671097E-04));
#6586 = CARTESIAN_POINT('',(0.389642433371,8.565891281972E-04));
#6587 = CARTESIAN_POINT('',(0.359071317146,7.896523493981E-04));
#6588 = CARTESIAN_POINT('',(0.328499761314,7.321275642162E-04));
#6589 = CARTESIAN_POINT('',(0.255368699988,6.128385978845E-04));
#6590 = CARTESIAN_POINT('',(0.212804512314,5.581820821714E-04));
#6591 = CARTESIAN_POINT('',(0.170243417375,5.134741368153E-04));
#6592 = CARTESIAN_POINT('',(0.127684352323,4.759072813396E-04));
#6593 = CARTESIAN_POINT('',(8.512348722651E-02,4.441254647447E-04));
#6594 = CARTESIAN_POINT('',(4.255965067029E-02,4.172501093679E-04));
#6595 = CARTESIAN_POINT('',(0.,3.934913103253E-04));
#6596 = ( GEOMETRIC_REPRESENTATION_CONTEXT(2) 
PARAMETRIC_REPRESENTATION_CONTEXT() REPRESENTATION_CONTEXT('2D SPACE',''
  ) );
#6597 = PCURVE('',#4138,#6598);
#6598 = DEFINITIONAL_REPRESENTATION('',(#6599),#6728);
#6599 = B_SPLINE_CURVE_WITH_KNOTS('',7,(#6600,#6601,#6602,#6603,#6604,
    #6605,#6606,#6607,#6608,#6609,#6610,#6611,#6612,#6613,#6614,#6615,
    #6616,#6617,#6618,#6619,#6620,#6621,#6622,#6623,#6624,#6625,#6626,
    #6627,#6628,#6629,#6630,#6631,#6632,#6633,#6634,#6635,#6636,#6637,
    #6638,#6639,#6640,#6641,#6642,#6643,#6644,#6645,#6646,#6647,#6648,
    #6649,#6650,#6651,#6652,#6653,#6654,#6655,#6656,#6657,#6658,#6659,
    #6660,#6661,#6662,#6663,#6664,#6665,#6666,#6667,#6668,#6669,#6670,
    #6671,#6672,#6673,#6674,#6675,#6676,#6677,#6678,#6679,#6680,#6681,
    #6682,#6683,#6684,#6685,#6686,#6687,#6688,#6689,#6690,#6691,#6692,
    #6693,#6694,#6695,#6696,#6697,#6698,#6699,#6700,#6701,#6702,#6703,
    #6704,#6705,#6706,#6707,#6708,#6709,#6710,#6711,#6712,#6713,#6714,
    #6715,#6716,#6717,#6718,#6719,#6720,#6721,#6722,#6723,#6724,#6725,
    #6726,#6727),.UNSPECIFIED.,.F.,.F.,(8,6,6,6,6,6,6,6,6,6,6,6,6,6,6,6,
    6,6,6,6,6,8),(0.,1.887296417151E-02,2.668496649106E-02,
    3.017051108684E-02,3.648274012458E-02,4.509365793791E-02,
    5.08877790816E-02,5.956140545491E-02,6.815247054893E-02,
    7.69081662541E-02,9.392589324166E-02,0.121777576444,0.142616601519,
    0.167416739484,0.196185680777,0.211067310657,0.239840556654,
    0.262662347019,0.280523680161,0.491908146845,0.704303620428,1.),
  .UNSPECIFIED.);
#6600 = CARTESIAN_POINT('',(2.321954297082,37.765760892152));
#6601 = CARTESIAN_POINT('',(2.321249971585,37.764572647512));
#6602 = CARTESIAN_POINT('',(2.320475159614,37.763287476509));
#6603 = CARTESIAN_POINT('',(2.319616197449,37.761887370128));
#6604 = CARTESIAN_POINT('',(2.318655252641,37.760349347001));
#6605 = CARTESIAN_POINT('',(2.317569409361,37.758644273886));
#6606 = CARTESIAN_POINT('',(2.316326621503,37.756732069391));
#6607 = CARTESIAN_POINT('',(2.314279132874,37.753651438853));
#6608 = CARTESIAN_POINT('',(2.313644745348,37.75270420083));
#6609 = CARTESIAN_POINT('',(2.312972093623,37.751707572532));
#6610 = CARTESIAN_POINT('',(2.312257549942,37.75065719407));
#6611 = CARTESIAN_POINT('',(2.31149729032,37.749548557232));
#6612 = CARTESIAN_POINT('',(2.310687448762,37.748377212702));
#6613 = CARTESIAN_POINT('',(2.309439140659,37.746586503707));
#6614 = CARTESIAN_POINT('',(2.309043416338,37.746020747055));
#6615 = CARTESIAN_POINT('',(2.308636771558,37.745441346199));
#6616 = CARTESIAN_POINT('',(2.308218912414,37.744847987171));
#6617 = CARTESIAN_POINT('',(2.30778957806,37.74424040316));
#6618 = CARTESIAN_POINT('',(2.307348540705,37.743618374506));
#6619 = CARTESIAN_POINT('',(2.306075352161,37.741828780009));
#6620 = CARTESIAN_POINT('',(2.305216006412,37.740627788066));
#6621 = CARTESIAN_POINT('',(2.30431661914,37.739378005646));
#6622 = CARTESIAN_POINT('',(2.303376719604,37.738079326893));
#6623 = CARTESIAN_POINT('',(2.302396509975,37.736732505822));
#6624 = CARTESIAN_POINT('',(2.301377059763,37.735339374825));
#6625 = CARTESIAN_POINT('',(2.298879179383,37.731943697999));
#6626 = CARTESIAN_POINT('',(2.297368332577,37.729903332869));
#6627 = CARTESIAN_POINT('',(2.295793451716,37.72779006676));
#6628 = CARTESIAN_POINT('',(2.294161615483,37.725613565611));
#6629 = CARTESIAN_POINT('',(2.292480780915,37.723384225564));
#6630 = CARTESIAN_POINT('',(2.290759074984,37.721112336208));
#6631 = CARTESIAN_POINT('',(2.287823187915,37.717256191455));
#6632 = CARTESIAN_POINT('',(2.286626962652,37.715689770347));
#6633 = CARTESIAN_POINT('',(2.285417420424,37.71411043967));
#6634 = CARTESIAN_POINT('',(2.284196386464,37.712520384887));
#6635 = CARTESIAN_POINT('',(2.282965467066,37.71092148731));
#6636 = CARTESIAN_POINT('',(2.281726015464,37.709315293656));
#6637 = CARTESIAN_POINT('',(2.278612499046,37.705289408596));
#6638 = CARTESIAN_POINT('',(2.276729401589,37.702862430516));
#6639 = CARTESIAN_POINT('',(2.274833281299,37.700425872723));
#6640 = CARTESIAN_POINT('',(2.272926957999,37.697982741371));
#6641 = CARTESIAN_POINT('',(2.271012604685,37.695535253884));
#6642 = CARTESIAN_POINT('',(2.269091756847,37.693084865432));
#6643 = CARTESIAN_POINT('',(2.265257223818,37.688203070539));
#6644 = CARTESIAN_POINT('',(2.263343853351,37.685771970185));
#6645 = CARTESIAN_POINT('',(2.261426264944,37.683339907738));
#6646 = CARTESIAN_POINT('',(2.259505301698,37.680907578306));
#6647 = CARTESIAN_POINT('',(2.257581609998,37.67847547192));
#6648 = CARTESIAN_POINT('',(2.25565565424,37.676043886753));
#6649 = CARTESIAN_POINT('',(2.251762864083,37.671135413718));
#6650 = CARTESIAN_POINT('',(2.249796015513,37.668658628671));
#6651 = CARTESIAN_POINT('',(2.247827548718,37.666182774997));
#6652 = CARTESIAN_POINT('',(2.245857756703,37.663707986186));
#6653 = CARTESIAN_POINT('',(2.243886868026,37.661234343394));
#6654 = CARTESIAN_POINT('',(2.241915052219,37.65876187741));
#6655 = CARTESIAN_POINT('',(2.23610839203,37.651487294511));
#6656 = CARTESIAN_POINT('',(2.232271413577,37.646688544368));
#6657 = CARTESIAN_POINT('',(2.2284323454,37.641894210227));
#6658 = CARTESIAN_POINT('',(2.224591802854,37.63710413476));
#6659 = CARTESIAN_POINT('',(2.220750192687,37.63231809524));
#6660 = CARTESIAN_POINT('',(2.216907744617,37.62753578549));
#6661 = CARTESIAN_POINT('',(2.206774652599,37.614935374326));
#6662 = CARTESIAN_POINT('',(2.200482997777,37.607123170866));
#6663 = CARTESIAN_POINT('',(2.194190205307,37.599318767886));
#6664 = CARTESIAN_POINT('',(2.187896680011,37.591521149335));
#6665 = CARTESIAN_POINT('',(2.181602668751,37.583729487128));
#6666 = CARTESIAN_POINT('',(2.175308291679,37.575943018694));
#6667 = CARTESIAN_POINT('',(2.164303718548,37.562338413823));
#6668 = CARTESIAN_POINT('',(2.159593727683,37.556518360155));
#6669 = CARTESIAN_POINT('',(2.154883602548,37.550700598308));
#6670 = CARTESIAN_POINT('',(2.150173369781,37.5448849117));
#6671 = CARTESIAN_POINT('',(2.145463049108,37.539071116479));
#6672 = CARTESIAN_POINT('',(2.140752654252,37.533259052549));
#6673 = CARTESIAN_POINT('',(2.130436362115,37.520533632367));
#6674 = CARTESIAN_POINT('',(2.124830440546,37.513620940197));
#6675 = CARTESIAN_POINT('',(2.119224446093,37.506710259837));
#6676 = CARTESIAN_POINT('',(2.113618391906,37.499801392867));
#6677 = CARTESIAN_POINT('',(2.108012287822,37.492894172518));
#6678 = CARTESIAN_POINT('',(2.102406140869,37.485988455493));
#6679 = CARTESIAN_POINT('',(2.09029660443,37.471074859886));
#6680 = CARTESIAN_POINT('',(2.083793203016,37.463067455024));
#6681 = CARTESIAN_POINT('',(2.077289759566,37.45506171126));
#6682 = CARTESIAN_POINT('',(2.070786280704,37.447057463509));
#6683 = CARTESIAN_POINT('',(2.064282771637,37.439054569533));
#6684 = CARTESIAN_POINT('',(2.057779236147,37.431052909941));
#6685 = CARTESIAN_POINT('',(2.047911508096,37.418913869418));
#6686 = CARTESIAN_POINT('',(2.044547333275,37.414775654347));
#6687 = CARTESIAN_POINT('',(2.04118315255,37.410637728876));
#6688 = CARTESIAN_POINT('',(2.0378189663,37.406500079821));
#6689 = CARTESIAN_POINT('',(2.034454774865,37.402362694915));
#6690 = CARTESIAN_POINT('',(2.031090578546,37.39822556281));
#6691 = CARTESIAN_POINT('',(2.021221782214,37.386090103899));
#6692 = CARTESIAN_POINT('',(2.014717169591,37.378092439671));
#6693 = CARTESIAN_POINT('',(2.008212541605,37.370095606277));
#6694 = CARTESIAN_POINT('',(2.001707899869,37.362099537287));
#6695 = CARTESIAN_POINT('',(1.995203245745,37.354104173959));
#6696 = CARTESIAN_POINT('',(1.988698580345,37.346109465238));
#6697 = CARTESIAN_POINT('',(1.977034655279,37.331774768675));
#6698 = CARTESIAN_POINT('',(1.971875399496,37.325434553484));
#6699 = CARTESIAN_POINT('',(1.966716137643,37.319094699976));
#6700 = CARTESIAN_POINT('',(1.961556870137,37.312755187692));
#6701 = CARTESIAN_POINT('',(1.95639759735,37.306415997918));
#6702 = CARTESIAN_POINT('',(1.95123831961,37.300077113681));
#6703 = CARTESIAN_POINT('',(1.942041156716,37.288777658404));
#6704 = CARTESIAN_POINT('',(1.938003273371,37.283816974767));
#6705 = CARTESIAN_POINT('',(1.933965387304,37.278856461461));
#6706 = CARTESIAN_POINT('',(1.929927498642,37.273896111538));
#6707 = CARTESIAN_POINT('',(1.925889607505,37.268935918494));
#6708 = CARTESIAN_POINT('',(1.921851714002,37.263975876259));
#6709 = CARTESIAN_POINT('',(1.870026319014,37.200316822448));
#6710 = CARTESIAN_POINT('',(1.822237305674,37.141636511894));
#6711 = CARTESIAN_POINT('',(1.774449043108,37.08296831522));
#6712 = CARTESIAN_POINT('',(1.726661149765,37.024309093624));
#6713 = CARTESIAN_POINT('',(1.678872682568,36.965655047912));
#6714 = CARTESIAN_POINT('',(1.631083238652,36.90700453484));
#6715 = CARTESIAN_POINT('',(1.535278091858,36.789433139345));
#6716 = CARTESIAN_POINT('',(1.487259963899,36.730509293581));
#6717 = CARTESIAN_POINT('',(1.439242693988,36.671589313354));
#6718 = CARTESIAN_POINT('',(1.391225964403,36.612672180874));
#6719 = CARTESIAN_POINT('',(1.343208639522,36.553756066653));
#6720 = CARTESIAN_POINT('',(1.295190397417,36.494840283873));
#6721 = CARTESIAN_POINT('',(1.180324178899,36.353908622971));
#6722 = CARTESIAN_POINT('',(1.11346866519,36.271884645213));
#6723 = CARTESIAN_POINT('',(1.046617748245,36.189868172572));
#6724 = CARTESIAN_POINT('',(0.979769752821,36.107856667899));
#6725 = CARTESIAN_POINT('',(0.91291879999,36.02584271592));
#6726 = CARTESIAN_POINT('',(0.846063209909,35.943824205031));
#6727 = CARTESIAN_POINT('',(0.779213907718,35.861814147849));
#6728 = ( GEOMETRIC_REPRESENTATION_CONTEXT(2) 
PARAMETRIC_REPRESENTATION_CONTEXT() REPRESENTATION_CONTEXT('2D SPACE',''
  ) );
#6729 = ORIENTED_EDGE('',*,*,#6730,.F.);
#6730 = EDGE_CURVE('',#4157,#6333,#6731,.T.);
#6731 = SURFACE_CURVE('',#6732,(#6752,#6759),.PCURVE_S1.);
#6732 = B_SPLINE_CURVE_WITH_KNOTS('',6,(#6733,#6734,#6735,#6736,#6737,
    #6738,#6739,#6740,#6741,#6742,#6743,#6744,#6745,#6746,#6747,#6748,
    #6749,#6750,#6751),.UNSPECIFIED.,.F.,.F.,(7,4,4,4,7),(0.,
    0.25978587286,0.512773096416,0.757936471741,1.),.UNSPECIFIED.);
#6733 = CARTESIAN_POINT('',(11.155685887557,6.518444332285,
    11.294525107691));
#6734 = CARTESIAN_POINT('',(11.733765060685,6.567596226028,
    10.506428524816));
#6735 = CARTESIAN_POINT('',(12.252897850529,6.617306317626,
    9.675129336271));
#6736 = CARTESIAN_POINT('',(12.708989068581,6.667606292485,8.80609589567
    ));
#6737 = CARTESIAN_POINT('',(13.098650814377,6.718525858635,
    7.905353730335));
#6738 = CARTESIAN_POINT('',(13.731668662459,6.820305956025,
    6.077557442834));
#6739 = CARTESIAN_POINT('',(14.08977043422,6.92466469534,4.177107827583)
  );
#6740 = CARTESIAN_POINT('',(14.198043987896,6.976795238814,
    3.227913894232));
#6741 = CARTESIAN_POINT('',(14.237254314057,7.029576146252,
    2.273443418767));
#6742 = CARTESIAN_POINT('',(14.178887886181,7.134775287069,
    0.395954173412));
#6743 = CARTESIAN_POINT('',(13.857382260151,7.242380808001,
    -1.454288010951));
#6744 = CARTESIAN_POINT('',(13.636313916487,7.295899402705,
    -2.352777375933));
#6745 = CARTESIAN_POINT('',(13.353985223579,7.349940860711,
    -3.233845893369));
#6746 = CARTESIAN_POINT('',(12.675447049064,7.458261863548,
    -4.940303416245));
#6747 = CARTESIAN_POINT('',(11.773748763727,7.568107200911,
    -6.539875758982));
#6748 = CARTESIAN_POINT('',(11.273186303306,7.622982063269,
    -7.30371272167));
#6749 = CARTESIAN_POINT('',(10.722962445818,7.678066455024,
    -8.032536684068));
#6750 = CARTESIAN_POINT('',(10.126293831946,7.733255378911,
    -8.722509149603));
#6751 = CARTESIAN_POINT('',(9.486689609095,7.788444332603,-9.37007341649
    ));
#6752 = PCURVE('',#4171,#6753);
#6753 = DEFINITIONAL_REPRESENTATION('',(#6754),#6758);
#6754 = LINE('',#6755,#6756);
#6755 = CARTESIAN_POINT('',(0.,1.));
#6756 = VECTOR('',#6757,1.);
#6757 = DIRECTION('',(1.,0.));
#6758 = ( GEOMETRIC_REPRESENTATION_CONTEXT(2) 
PARAMETRIC_REPRESENTATION_CONTEXT() REPRESENTATION_CONTEXT('2D SPACE',''
  ) );
#6759 = PCURVE('',#6280,#6760);
#6760 = DEFINITIONAL_REPRESENTATION('',(#6761),#6765);
#6761 = LINE('',#6762,#6763);
#6762 = CARTESIAN_POINT('',(0.,0.));
#6763 = VECTOR('',#6764,1.);
#6764 = DIRECTION('',(1.,0.));
#6765 = ( GEOMETRIC_REPRESENTATION_CONTEXT(2) 
PARAMETRIC_REPRESENTATION_CONTEXT() REPRESENTATION_CONTEXT('2D SPACE',''
  ) );
#6766 = ADVANCED_FACE('',(#6767),#4138,.F.);
#6767 = FACE_BOUND('',#6768,.F.);
#6768 = EDGE_LOOP('',(#6769,#6770,#7135,#7162,#7163,#7164,#7185,#7186,
    #7207,#7208));
#6769 = ORIENTED_EDGE('',*,*,#4828,.F.);
#6770 = ORIENTED_EDGE('',*,*,#6771,.F.);
#6771 = EDGE_CURVE('',#6772,#4760,#6774,.T.);
#6772 = VERTEX_POINT('',#6773);
#6773 = CARTESIAN_POINT('',(9.746538979246,9.648872227888,
    -9.100945166632));
#6774 = SURFACE_CURVE('',#6775,(#6893,#7014),.PCURVE_S1.);
#6775 = B_SPLINE_CURVE_WITH_KNOTS('',6,(#6776,#6777,#6778,#6779,#6780,
    #6781,#6782,#6783,#6784,#6785,#6786,#6787,#6788,#6789,#6790,#6791,
    #6792,#6793,#6794,#6795,#6796,#6797,#6798,#6799,#6800,#6801,#6802,
    #6803,#6804,#6805,#6806,#6807,#6808,#6809,#6810,#6811,#6812,#6813,
    #6814,#6815,#6816,#6817,#6818,#6819,#6820,#6821,#6822,#6823,#6824,
    #6825,#6826,#6827,#6828,#6829,#6830,#6831,#6832,#6833,#6834,#6835,
    #6836,#6837,#6838,#6839,#6840,#6841,#6842,#6843,#6844,#6845,#6846,
    #6847,#6848,#6849,#6850,#6851,#6852,#6853,#6854,#6855,#6856,#6857,
    #6858,#6859,#6860,#6861,#6862,#6863,#6864,#6865,#6866,#6867,#6868,
    #6869,#6870,#6871,#6872,#6873,#6874,#6875,#6876,#6877,#6878,#6879,
    #6880,#6881,#6882,#6883,#6884,#6885,#6886,#6887,#6888,#6889,#6890,
    #6891,#6892),.UNSPECIFIED.,.F.,.F.,(7,5,5,5,5,5,5,5,5,5,5,5,5,5,5,5,
    5,5,5,5,5,5,5,7),(0.,1.894630121608E-02,2.690424500877E-02,
    3.040818066998E-02,3.682132662663E-02,4.540829080981E-02,
    5.124628508196E-02,6.001646303584E-02,6.834451702544E-02,
    7.709480149217E-02,9.410388455842E-02,0.12194494072,0.144761193758,
    0.171538220238,0.186415012643,0.203276519234,0.222123133453,
    0.242955096978,0.267756720702,0.298512684112,0.342169002868,
    0.42353387541,0.662681923758,1.),.UNSPECIFIED.);
#6776 = CARTESIAN_POINT('',(9.746538979246,9.648872227888,
    -9.100945166631));
#6777 = CARTESIAN_POINT('',(9.753994823574,9.648929634842,
    -9.092960427021));
#6778 = CARTESIAN_POINT('',(9.762336219447,9.648963319654,
    -9.084011501386));
#6779 = CARTESIAN_POINT('',(9.771775782655,9.648966195411,
    -9.073864136732));
#6780 = CARTESIAN_POINT('',(9.782611440531,9.648927066185,
    -9.062186121888));
#6781 = CARTESIAN_POINT('',(9.795255147001,9.648829664641,
    -9.048519483566));
#6782 = CARTESIAN_POINT('',(9.816831365088,9.648562242865,
    -9.025083696672));
#6783 = CARTESIAN_POINT('',(9.823660895627,9.648467125789,
    -9.017653759491));
#6784 = CARTESIAN_POINT('',(9.830990582322,9.648353633905,-9.00966562321
    ));
#6785 = CARTESIAN_POINT('',(9.838880539543,9.648218882662,
    -9.001049807891));
#6786 = CARTESIAN_POINT('',(9.847393115668,9.648059609686,
    -8.991732879493));
#6787 = CARTESIAN_POINT('',(9.86063601789,9.647789860446,-8.977199922609
    ));
#6788 = CARTESIAN_POINT('',(9.864816301988,9.647701975213,
    -8.972607590801));
#6789 = CARTESIAN_POINT('',(9.869133420919,9.647608370243,
    -8.967859665856));
#6790 = CARTESIAN_POINT('',(9.873591596383,9.647508762214,-8.96295084036
    ));
#6791 = CARTESIAN_POINT('',(9.878194320647,9.647402882246,
    -8.957876535323));
#6792 = CARTESIAN_POINT('',(9.891638201546,9.647084742024,-8.94303563563
    ));
#6793 = CARTESIAN_POINT('',(9.900826503217,9.646857126496,
    -8.932870040404));
#6794 = CARTESIAN_POINT('',(9.910522775247,9.646606177084,
    -8.922116368504));
#6795 = CARTESIAN_POINT('',(9.920729516932,9.646330763977,
    -8.910766067386));
#6796 = CARTESIAN_POINT('',(9.931431950363,9.646030443402,
    -8.898829409754));
#6797 = CARTESIAN_POINT('',(9.957534324933,9.645271164214,
    -8.869624454398));
#6798 = CARTESIAN_POINT('',(9.973302774967,9.644792778807,
    -8.851913888241));
#6799 = CARTESIAN_POINT('',(9.989804125771,9.644272070882,
    -8.833300575936));
#6800 = CARTESIAN_POINT('',(10.00691394672,9.643712741318,
    -8.813910717014));
#6801 = CARTESIAN_POINT('',(10.024498856568,9.643119714984,
    -8.793883739348));
#6802 = CARTESIAN_POINT('',(10.054635949062,9.64207543358,
    -8.759387228188));
#6803 = CARTESIAN_POINT('',(10.067000235491,9.641639455563,
    -8.74518740647));
#6804 = CARTESIAN_POINT('',(10.079498870516,9.641191553495,
    -8.730784027224));
#6805 = CARTESIAN_POINT('',(10.092103142911,9.640733083218,
    -8.716207969059));
#6806 = CARTESIAN_POINT('',(10.104789612847,9.640265249538,
    -8.701484646938));
#6807 = CARTESIAN_POINT('',(10.136697093656,9.639073592947,
    -8.664321195957));
#6808 = CARTESIAN_POINT('',(10.155996834131,9.638339324614,
    -8.641722840943));
#6809 = CARTESIAN_POINT('',(10.175383598297,9.637589447613,
    -8.618898918185));
#6810 = CARTESIAN_POINT('',(10.194815550899,9.636826598878,
    -8.595895603578));
#6811 = CARTESIAN_POINT('',(10.214264905761,9.636052778337,
    -8.572743900413));
#6812 = CARTESIAN_POINT('',(10.252188671693,9.63452533885,
    -8.527349090603));
#6813 = CARTESIAN_POINT('',(10.270660453512,9.633772764212,
    -8.505121827898));
#6814 = CARTESIAN_POINT('',(10.289117532436,9.633012829366,
    -8.482794297998));
#6815 = CARTESIAN_POINT('',(10.307548964764,9.63224652459,
    -8.460378818899));
#6816 = CARTESIAN_POINT('',(10.325947281681,9.631474619244,
    -8.43788387161));
#6817 = CARTESIAN_POINT('',(10.363599586353,9.629881377664,
    -8.391600748287));
#6818 = CARTESIAN_POINT('',(10.382848984363,9.629059548329,
    -8.367805664607));
#6819 = CARTESIAN_POINT('',(10.402050350072,9.628232904737,
    -8.343935770606));
#6820 = CARTESIAN_POINT('',(10.42119934705,9.627402008761,
    -8.319996043475));
#6821 = CARTESIAN_POINT('',(10.440292929352,9.626567308619,
    -8.295990013007));
#6822 = CARTESIAN_POINT('',(10.496332313332,9.624099947698,
    -8.225131691437));
#6823 = CARTESIAN_POINT('',(10.533117282989,9.622457777891,
    -8.17810316602));
#6824 = CARTESIAN_POINT('',(10.569669598243,9.620805263989,
    -8.130850904268));
#6825 = CARTESIAN_POINT('',(10.605979966647,9.619144220535,
    -8.083386051416));
#6826 = CARTESIAN_POINT('',(10.642043049353,9.617475907501,
    -8.035715227857));
#6827 = CARTESIAN_POINT('',(10.736476573893,9.613060170415,
    -7.909479922461));
#6828 = CARTESIAN_POINT('',(10.794424545053,9.610302256693,
    -7.830578461789));
#6829 = CARTESIAN_POINT('',(10.851685365151,9.607531772442,
    -7.751155217675));
#6830 = CARTESIAN_POINT('',(10.90824892984,9.604751185259,
    -7.671223629825));
#6831 = CARTESIAN_POINT('',(10.964107690228,9.601962302309,
    -7.590794225021));
#6832 = CARTESIAN_POINT('',(11.064451825529,9.596875040234,
    -7.443559037525));
#6833 = CARTESIAN_POINT('',(11.109169838516,9.594579006855,
    -7.376915090579));
#6834 = CARTESIAN_POINT('',(11.153406958933,9.592278979622,
    -7.309947528723));
#6835 = CARTESIAN_POINT('',(11.197159931582,9.589975495845,
    -7.242661183018));
#6836 = CARTESIAN_POINT('',(11.240425709381,9.587668968444,
    -7.175060724795));
#6837 = CARTESIAN_POINT('',(11.333402727255,9.582649644066,
    -7.027451863792));
#6838 = CARTESIAN_POINT('',(11.382929007224,9.579935830024,
    -6.947326718201));
#6839 = CARTESIAN_POINT('',(11.431775541878,9.577218846405,
    -6.866782672745));
#6840 = CARTESIAN_POINT('',(11.479937799432,9.574499107378,
    -6.785827122876));
#6841 = CARTESIAN_POINT('',(11.527411405307,9.571776934305,
    -6.704467453735));
#6842 = CARTESIAN_POINT('',(11.600182578761,9.567539007765,
    -6.577288789825));
#6843 = CARTESIAN_POINT('',(11.625959156858,9.566024750965,
    -6.531744074409));
#6844 = CARTESIAN_POINT('',(11.651521131555,9.56450987137,
    -6.486078173516));
#6845 = CARTESIAN_POINT('',(11.676867786203,9.562994409691,
    -6.440292360874));
#6846 = CARTESIAN_POINT('',(11.701998415551,9.561478402134,
    -6.394387913749));
#6847 = CARTESIAN_POINT('',(11.755150002914,9.558243039373,
    -6.296204539652));
#6848 = CARTESIAN_POINT('',(11.783109278399,9.5565235383,-6.243892212026
    ));
#6849 = CARTESIAN_POINT('',(11.810789141725,9.554803423468,
    -6.191430995291));
#6850 = CARTESIAN_POINT('',(11.838188600061,9.553082736413,
    -6.138822761937));
#6851 = CARTESIAN_POINT('',(11.865306678227,9.551361513929,
    -6.086069391734));
#6852 = CARTESIAN_POINT('',(11.922137534796,9.547715363162,
    -5.974048624939));
#6853 = CARTESIAN_POINT('',(11.951779920446,9.545790309863,
    -5.914745513355));
#6854 = CARTESIAN_POINT('',(11.981068238353,9.543864673073,
    -5.855266072358));
#6855 = CARTESIAN_POINT('',(12.010001178202,9.541938493024,
    -5.795612949255));
#6856 = CARTESIAN_POINT('',(12.038577456655,9.540011805272,
    -5.735788803275));
#6857 = CARTESIAN_POINT('',(12.09798677048,9.535954463808,
    -5.609484048668));
#6858 = CARTESIAN_POINT('',(12.128740426142,9.533823704812,
    -5.542966102546));
#6859 = CARTESIAN_POINT('',(12.159055087491,9.531692405585,
    -5.476246074826));
#6860 = CARTESIAN_POINT('',(12.188929097943,9.529560603617,
    -5.409327590525));
#6861 = CARTESIAN_POINT('',(12.218360841184,9.52742833202,
    -5.342214292064));
#6862 = CARTESIAN_POINT('',(12.28186046575,9.522756505397,
    -5.194780104431));
#6863 = CARTESIAN_POINT('',(12.315743076413,9.520216766886,
    -5.114379422255));
#6864 = CARTESIAN_POINT('',(12.348993913334,9.517676452565,
    -5.033713969206));
#6865 = CARTESIAN_POINT('',(12.381610398367,9.515135605589,
    -4.952789954527));
#6866 = CARTESIAN_POINT('',(12.41359003504,9.5125942637,-4.871613620229)
  );
#6867 = CARTESIAN_POINT('',(12.483794935804,9.506900421821,
    -4.689221089246));
#6868 = CARTESIAN_POINT('',(12.521676408098,9.503747673878,
    -4.587872568897));
#6869 = CARTESIAN_POINT('',(12.558570220004,9.500594277111,
    -4.486157647201));
#6870 = CARTESIAN_POINT('',(12.594471962077,9.497440285727,
    -4.384088360982));
#6871 = CARTESIAN_POINT('',(12.629377420861,9.494285746411,
    -4.281676816731));
#6872 = CARTESIAN_POINT('',(12.711408998024,9.48665228929,
    -4.033099369457));
#6873 = CARTESIAN_POINT('',(12.757519997926,9.482172857089,
    -3.886598482831));
#6874 = CARTESIAN_POINT('',(12.801604086221,9.477692513335,
    -3.739467362922));
#6875 = CARTESIAN_POINT('',(12.843650581024,9.473211353381,
    -3.591741078521));
#6876 = CARTESIAN_POINT('',(12.883649610934,9.468729456329,
    -3.443454935015));
#6877 = CARTESIAN_POINT('',(12.992307812057,9.455892450827,
    -3.01729758609));
#6878 = CARTESIAN_POINT('',(13.055880013474,9.447535685717,
    -2.738129209864));
#6879 = CARTESIAN_POINT('',(13.112249996909,9.439176986378,
    -2.457369741404));
#6880 = CARTESIAN_POINT('',(13.161369055745,9.43081666909,
    -2.175251454692));
#6881 = CARTESIAN_POINT('',(13.203198499128,9.422454969739,
    -1.892008502002));
#6882 = CARTESIAN_POINT('',(13.339145008395,9.389511689274,
    -0.772755901065));
#6883 = CARTESIAN_POINT('',(13.377363491491,9.364919544283,
    7.008544629372E-02));
#6884 = CARTESIAN_POINT('',(13.351615860612,9.340322837871,0.91457376479
    ));
#6885 = CARTESIAN_POINT('',(13.261969892449,9.315721455066,
    1.754684851462));
#6886 = CARTESIAN_POINT('',(13.10918001949,9.29111518036,2.584441545169)
  );
#6887 = CARTESIAN_POINT('',(12.592457813508,9.231798128717,4.54535292223
    ));
#6888 = CARTESIAN_POINT('',(12.167517168462,9.197076779455,
    5.660715155237));
#6889 = CARTESIAN_POINT('',(11.624352446122,9.16235950976,6.727134680568
    ));
#6890 = CARTESIAN_POINT('',(10.970343302246,9.127640387039,
    7.729407254705));
#6891 = CARTESIAN_POINT('',(10.214995876379,9.092910239432,
    8.653559053818));
#6892 = CARTESIAN_POINT('',(9.370775978197,9.058185852151,9.487401254635
    ));
#6893 = PCURVE('',#4138,#6894);
#6894 = DEFINITIONAL_REPRESENTATION('',(#6895),#7013);
#6895 = B_SPLINE_CURVE_WITH_KNOTS('',6,(#6896,#6897,#6898,#6899,#6900,
    #6901,#6902,#6903,#6904,#6905,#6906,#6907,#6908,#6909,#6910,#6911,
    #6912,#6913,#6914,#6915,#6916,#6917,#6918,#6919,#6920,#6921,#6922,
    #6923,#6924,#6925,#6926,#6927,#6928,#6929,#6930,#6931,#6932,#6933,
    #6934,#6935,#6936,#6937,#6938,#6939,#6940,#6941,#6942,#6943,#6944,
    #6945,#6946,#6947,#6948,#6949,#6950,#6951,#6952,#6953,#6954,#6955,
    #6956,#6957,#6958,#6959,#6960,#6961,#6962,#6963,#6964,#6965,#6966,
    #6967,#6968,#6969,#6970,#6971,#6972,#6973,#6974,#6975,#6976,#6977,
    #6978,#6979,#6980,#6981,#6982,#6983,#6984,#6985,#6986,#6987,#6988,
    #6989,#6990,#6991,#6992,#6993,#6994,#6995,#6996,#6997,#6998,#6999,
    #7000,#7001,#7002,#7003,#7004,#7005,#7006,#7007,#7008,#7009,#7010,
    #7011,#7012),.UNSPECIFIED.,.F.,.F.,(7,5,5,5,5,5,5,5,5,5,5,5,5,5,5,5,
    5,5,5,5,5,5,5,7),(0.,1.894630121608E-02,2.690424500877E-02,
    3.040818066998E-02,3.682132662663E-02,4.540829080981E-02,
    5.124628508196E-02,6.001646303584E-02,6.834451702544E-02,
    7.709480149217E-02,9.410388455842E-02,0.12194494072,0.144761193758,
    0.171538220238,0.186415012643,0.203276519234,0.222123133453,
    0.242955096978,0.267756720702,0.298512684112,0.342169002868,
    0.42353387541,0.662681923758,1.),.UNSPECIFIED.);
#6896 = CARTESIAN_POINT('',(2.321954297082,39.648872227888));
#6897 = CARTESIAN_POINT('',(2.321135058619,39.648929634842));
#6898 = CARTESIAN_POINT('',(2.320217649924,39.648963319654));
#6899 = CARTESIAN_POINT('',(2.319178349371,39.648966195411));
#6900 = CARTESIAN_POINT('',(2.317983696383,39.648927066185));
#6901 = CARTESIAN_POINT('',(2.316587504019,39.648829664641));
#6902 = CARTESIAN_POINT('',(2.314198644347,39.648562242865));
#6903 = CARTESIAN_POINT('',(2.313441846666,39.648467125789));
#6904 = CARTESIAN_POINT('',(2.312628848341,39.648353633905));
#6905 = CARTESIAN_POINT('',(2.311752761837,39.648218882662));
#6906 = CARTESIAN_POINT('',(2.310806366971,39.648059609686));
#6907 = CARTESIAN_POINT('',(2.309331925973,39.647789860446));
#6908 = CARTESIAN_POINT('',(2.308866233118,39.647701975213));
#6909 = CARTESIAN_POINT('',(2.308385004259,39.647608370243));
#6910 = CARTESIAN_POINT('',(2.307887731746,39.647508762214));
#6911 = CARTESIAN_POINT('',(2.307373985077,39.647402882246));
#6912 = CARTESIAN_POINT('',(2.305872317238,39.647084742024));
#6913 = CARTESIAN_POINT('',(2.304844743179,39.646857126496));
#6914 = CARTESIAN_POINT('',(2.303758909315,39.646606177084));
#6915 = CARTESIAN_POINT('',(2.302614211807,39.646330763977));
#6916 = CARTESIAN_POINT('',(2.301411961593,39.646030443402));
#6917 = CARTESIAN_POINT('',(2.298474603199,39.645271164214));
#6918 = CARTESIAN_POINT('',(2.296696350813,39.644792778807));
#6919 = CARTESIAN_POINT('',(2.294830989358,39.644272070882));
#6920 = CARTESIAN_POINT('',(2.292891779183,39.643712741318));
#6921 = CARTESIAN_POINT('',(2.29089316382,39.643119714984));
#6922 = CARTESIAN_POINT('',(2.287458090818,39.64207543358));
#6923 = CARTESIAN_POINT('',(2.286046135498,39.641639455563));
#6924 = CARTESIAN_POINT('',(2.284616051042,39.641191553495));
#6925 = CARTESIAN_POINT('',(2.283170992288,39.640733083218));
#6926 = CARTESIAN_POINT('',(2.28171354499,39.640265249538));
#6927 = CARTESIAN_POINT('',(2.278040374733,39.639073592947));
#6928 = CARTESIAN_POINT('',(2.275811803266,39.638339324614));
#6929 = CARTESIAN_POINT('',(2.27356612716,39.637589447613));
#6930 = CARTESIAN_POINT('',(2.271307996249,39.636826598878));
#6931 = CARTESIAN_POINT('',(2.269040509947,39.636052778337));
#6932 = CARTESIAN_POINT('',(2.264604701398,39.63452533885));
#6933 = CARTESIAN_POINT('',(2.262437417362,39.633772764212));
#6934 = CARTESIAN_POINT('',(2.260265051637,39.633012829366));
#6935 = CARTESIAN_POINT('',(2.258088820635,39.63224652459));
#6936 = CARTESIAN_POINT('',(2.255909552625,39.631474619244));
#6937 = CARTESIAN_POINT('',(2.25143529264,39.629881377664));
#6938 = CARTESIAN_POINT('',(2.249140116034,39.629059548329));
#6939 = CARTESIAN_POINT('',(2.246842838946,39.628232904737));
#6940 = CARTESIAN_POINT('',(2.244543934215,39.627402008761));
#6941 = CARTESIAN_POINT('',(2.242243729288,39.626567308619));
#6942 = CARTESIAN_POINT('',(2.235469076662,39.624099947698));
#6943 = CARTESIAN_POINT('',(2.230991744635,39.622457777891));
#6944 = CARTESIAN_POINT('',(2.226511913994,39.620805263989));
#6945 = CARTESIAN_POINT('',(2.22203051034,39.619144220535));
#6946 = CARTESIAN_POINT('',(2.217548008813,39.617475907501));
#6947 = CARTESIAN_POINT('',(2.205725850668,39.613060170415));
#6948 = CARTESIAN_POINT('',(2.198384936674,39.610302256693));
#6949 = CARTESIAN_POINT('',(2.191042846307,39.607531772442));
#6950 = CARTESIAN_POINT('',(2.183700126991,39.604751185259));
#6951 = CARTESIAN_POINT('',(2.176357037527,39.601962302309));
#6952 = CARTESIAN_POINT('',(2.162995411137,39.596875040234));
#6953 = CARTESIAN_POINT('',(2.156977077944,39.594579006855));
#6954 = CARTESIAN_POINT('',(2.150958607983,39.592278979622));
#6955 = CARTESIAN_POINT('',(2.144940045655,39.589975495845));
#6956 = CARTESIAN_POINT('',(2.138921416721,39.587668968444));
#6957 = CARTESIAN_POINT('',(2.125839237677,39.582649644066));
#6958 = CARTESIAN_POINT('',(2.11877567242,39.579935830024));
#6959 = CARTESIAN_POINT('',(2.111712060588,39.577218846405));
#6960 = CARTESIAN_POINT('',(2.104648418158,39.574499107378));
#6961 = CARTESIAN_POINT('',(2.097584754342,39.571776934305));
#6962 = CARTESIAN_POINT('',(2.086596629855,39.567539007765));
#6963 = CARTESIAN_POINT('',(2.082672181634,39.566024750965));
#6964 = CARTESIAN_POINT('',(2.078747729393,39.56450987137));
#6965 = CARTESIAN_POINT('',(2.074823273939,39.562994409691));
#6966 = CARTESIAN_POINT('',(2.070898815891,39.561478402134));
#6967 = CARTESIAN_POINT('',(2.06252633289,39.558243039373));
#6968 = CARTESIAN_POINT('',(2.058078307363,39.5565235383));
#6969 = CARTESIAN_POINT('',(2.053630279765,39.554803423468));
#6970 = CARTESIAN_POINT('',(2.049182250625,39.553082736413));
#6971 = CARTESIAN_POINT('',(2.044734220343,39.551361513929));
#6972 = CARTESIAN_POINT('',(2.035314490672,39.547715363162));
#6973 = CARTESIAN_POINT('',(2.03034279109,39.545790309863));
#6974 = CARTESIAN_POINT('',(2.025371090837,39.543864673073));
#6975 = CARTESIAN_POINT('',(2.020399390223,39.541938493024));
#6976 = CARTESIAN_POINT('',(2.015427689476,39.540011805272));
#6977 = CARTESIAN_POINT('',(2.00496055665,39.535954463808));
#6978 = CARTESIAN_POINT('',(1.999465124584,39.533823704812));
#6979 = CARTESIAN_POINT('',(1.993969692744,39.531692405585));
#6980 = CARTESIAN_POINT('',(1.988474261289,39.529560603617));
#6981 = CARTESIAN_POINT('',(1.982978830324,39.52742833202));
#6982 = CARTESIAN_POINT('',(1.970940781049,39.522756505397));
#6983 = CARTESIAN_POINT('',(1.964398162963,39.520216766886));
#6984 = CARTESIAN_POINT('',(1.957855545758,39.517676452565));
#6985 = CARTESIAN_POINT('',(1.951312929509,39.515135605589));
#6986 = CARTESIAN_POINT('',(1.944770314253,39.5125942637));
#6987 = CARTESIAN_POINT('',(1.930114343911,39.506900421821));
#6988 = CARTESIAN_POINT('',(1.922000989317,39.503747673878));
#6989 = CARTESIAN_POINT('',(1.913887636239,39.500594277111));
#6990 = CARTESIAN_POINT('',(1.905774284677,39.497440285727));
#6991 = CARTESIAN_POINT('',(1.897660934612,39.494285746411));
#6992 = CARTESIAN_POINT('',(1.878031154915,39.48665228929));
#6993 = CARTESIAN_POINT('',(1.866514726483,39.482172857089));
#6994 = CARTESIAN_POINT('',(1.854998300656,39.477692513335));
#6995 = CARTESIAN_POINT('',(1.843481877381,39.473211353381));
#6996 = CARTESIAN_POINT('',(1.831965456597,39.468729456329));
#6997 = CARTESIAN_POINT('',(1.798985205779,39.455892450827));
#6998 = CARTESIAN_POINT('',(1.777521376147,39.447535685717));
#6999 = CARTESIAN_POINT('',(1.756057550767,39.439176986378));
#7000 = CARTESIAN_POINT('',(1.7345937312,39.43081666909));
#7001 = CARTESIAN_POINT('',(1.713129919148,39.422454969739));
#7002 = CARTESIAN_POINT('',(1.628579598105,39.389511689274));
#7003 = CARTESIAN_POINT('',(1.565489988073,39.364919544283));
#7004 = CARTESIAN_POINT('',(1.502404054756,39.340322837871));
#7005 = CARTESIAN_POINT('',(1.439318139953,39.315721455066));
#7006 = CARTESIAN_POINT('',(1.376228585463,39.29111518036));
#7007 = CARTESIAN_POINT('',(1.224158850757,39.231798128717));
#7008 = CARTESIAN_POINT('',(1.135158402116,39.197076779455));
#7009 = CARTESIAN_POINT('',(1.046177987964,39.16235950976));
#7010 = CARTESIAN_POINT('',(0.957197581003,39.127640387039));
#7011 = CARTESIAN_POINT('',(0.86819716831,39.092910239432));
#7012 = CARTESIAN_POINT('',(0.779213907718,39.058185852151));
#7013 = ( GEOMETRIC_REPRESENTATION_CONTEXT(2) 
PARAMETRIC_REPRESENTATION_CONTEXT() REPRESENTATION_CONTEXT('2D SPACE',''
  ) );
#7014 = PCURVE('',#4774,#7015);
#7015 = DEFINITIONAL_REPRESENTATION('',(#7016),#7134);
#7016 = B_SPLINE_CURVE_WITH_KNOTS('',6,(#7017,#7018,#7019,#7020,#7021,
    #7022,#7023,#7024,#7025,#7026,#7027,#7028,#7029,#7030,#7031,#7032,
    #7033,#7034,#7035,#7036,#7037,#7038,#7039,#7040,#7041,#7042,#7043,
    #7044,#7045,#7046,#7047,#7048,#7049,#7050,#7051,#7052,#7053,#7054,
    #7055,#7056,#7057,#7058,#7059,#7060,#7061,#7062,#7063,#7064,#7065,
    #7066,#7067,#7068,#7069,#7070,#7071,#7072,#7073,#7074,#7075,#7076,
    #7077,#7078,#7079,#7080,#7081,#7082,#7083,#7084,#7085,#7086,#7087,
    #7088,#7089,#7090,#7091,#7092,#7093,#7094,#7095,#7096,#7097,#7098,
    #7099,#7100,#7101,#7102,#7103,#7104,#7105,#7106,#7107,#7108,#7109,
    #7110,#7111,#7112,#7113,#7114,#7115,#7116,#7117,#7118,#7119,#7120,
    #7121,#7122,#7123,#7124,#7125,#7126,#7127,#7128,#7129,#7130,#7131,
    #7132,#7133),.UNSPECIFIED.,.F.,.F.,(7,5,5,5,5,5,5,5,5,5,5,5,5,5,5,5,
    5,5,5,5,5,5,5,7),(0.,1.894630121608E-02,2.690424500877E-02,
    3.040818066998E-02,3.682132662663E-02,4.540829080981E-02,
    5.124628508196E-02,6.001646303584E-02,6.834451702544E-02,
    7.709480149217E-02,9.410388455842E-02,0.12194494072,0.144761193758,
    0.171538220238,0.186415012643,0.203276519234,0.222123133453,
    0.242955096978,0.267756720702,0.298512684112,0.342169002868,
    0.42353387541,0.662681923758,1.),.UNSPECIFIED.);
#7017 = CARTESIAN_POINT('',(0.983417585028,0.));
#7018 = CARTESIAN_POINT('',(0.982854913225,6.607655822369E-02));
#7019 = CARTESIAN_POINT('',(0.982228151767,0.131879887901));
#7020 = CARTESIAN_POINT('',(0.981521961855,0.197419163883));
#7021 = CARTESIAN_POINT('',(0.980714838079,0.262542536274));
#7022 = CARTESIAN_POINT('',(0.979777184319,0.326928540954));
#7023 = CARTESIAN_POINT('',(0.978183860835,0.416491581597));
#7024 = CARTESIAN_POINT('',(0.977680224725,0.442740340003));
#7025 = CARTESIAN_POINT('',(0.97714042109,0.46869976655));
#7026 = CARTESIAN_POINT('',(0.976560086471,0.494296731152));
#7027 = CARTESIAN_POINT('',(0.975934672667,0.519435169189));
#7028 = CARTESIAN_POINT('',(0.974962661461,0.554815812935));
#7029 = CARTESIAN_POINT('',(0.974655950748,0.565520066655));
#7030 = CARTESIAN_POINT('',(0.97433931174,0.576102105747));
#7031 = CARTESIAN_POINT('',(0.974012430535,0.586550754507));
#7032 = CARTESIAN_POINT('',(0.973675044054,0.59685414635));
#7033 = CARTESIAN_POINT('',(0.972689815929,0.625568863021));
#7034 = CARTESIAN_POINT('',(0.972016716562,0.64361227853));
#7035 = CARTESIAN_POINT('',(0.9713065917,0.66104860202));
#7036 = CARTESIAN_POINT('',(0.970559154385,0.677799614308));
#7037 = CARTESIAN_POINT('',(0.969775343358,0.693798698869));
#7038 = CARTESIAN_POINT('',(0.967863105878,0.729352329373));
#7039 = CARTESIAN_POINT('',(0.966707494286,0.748281984225));
#7040 = CARTESIAN_POINT('',(0.965497333178,0.765667489624));
#7041 = CARTESIAN_POINT('',(0.964241225335,0.781518121835));
#7042 = CARTESIAN_POINT('',(0.962948443708,0.795922432212));
#7043 = CARTESIAN_POINT('',(0.960729234421,0.817886767381));
#7044 = CARTESIAN_POINT('',(0.959817783004,0.826163850379));
#7045 = CARTESIAN_POINT('',(0.958895318399,0.83386872288));
#7046 = CARTESIAN_POINT('',(0.957963835523,0.841045923247));
#7047 = CARTESIAN_POINT('',(0.957024959241,0.847740563643));
#7048 = CARTESIAN_POINT('',(0.954660103373,0.863389189357));
#7049 = CARTESIAN_POINT('',(0.953226535931,0.871787744262));
#7050 = CARTESIAN_POINT('',(0.951783052773,0.879334864011));
#7051 = CARTESIAN_POINT('',(0.950332524545,0.886152205231));
#7052 = CARTESIAN_POINT('',(0.948876838306,0.892340829189));
#7053 = CARTESIAN_POINT('',(0.94603061427,0.903342267932));
#7054 = CARTESIAN_POINT('',(0.944640667769,0.908208157809));
#7055 = CARTESIAN_POINT('',(0.943248072194,0.912652240416));
#7056 = CARTESIAN_POINT('',(0.941853545763,0.916730510004));
#7057 = CARTESIAN_POINT('',(0.940457567157,0.920487972641));
#7058 = CARTESIAN_POINT('',(0.937592400532,0.927613080708));
#7059 = CARTESIAN_POINT('',(0.936123140866,0.930951163459));
#7060 = CARTESIAN_POINT('',(0.934652979387,0.934020102745));
#7061 = CARTESIAN_POINT('',(0.933182175989,0.936854050145));
#7062 = CARTESIAN_POINT('',(0.931710904212,0.93948041204));
#7063 = CARTESIAN_POINT('',(0.927378635399,0.946669091446));
#7064 = CARTESIAN_POINT('',(0.924516715958,0.95071926377));
#7065 = CARTESIAN_POINT('',(0.921654227126,0.954239256789));
#7066 = CARTESIAN_POINT('',(0.91879159976,0.957336926291));
#7067 = CARTESIAN_POINT('',(0.915929019223,0.960084541024));
#7068 = CARTESIAN_POINT('',(0.908380958089,0.966563719467));
#7069 = CARTESIAN_POINT('',(0.903695767034,0.969806282435));
#7070 = CARTESIAN_POINT('',(0.899011147418,0.972519419076));
#7071 = CARTESIAN_POINT('',(0.894327202045,0.97482574495));
#7072 = CARTESIAN_POINT('',(0.889643909677,0.976816423057));
#7073 = CARTESIAN_POINT('',(0.881123470058,0.979975276781));
#7074 = CARTESIAN_POINT('',(0.877286205449,0.981227230151));
#7075 = CARTESIAN_POINT('',(0.87344928335,0.982342214288));
#7076 = CARTESIAN_POINT('',(0.869612675334,0.983343858813));
#7077 = CARTESIAN_POINT('',(0.86577635387,0.984249192154));
#7078 = CARTESIAN_POINT('',(0.857438304699,0.986038182522));
#7079 = CARTESIAN_POINT('',(0.852936677571,0.986890752416));
#7080 = CARTESIAN_POINT('',(0.848435364285,0.987651928125));
#7081 = CARTESIAN_POINT('',(0.84393433052,0.98833717635));
#7082 = CARTESIAN_POINT('',(0.839433547475,0.988957728265));
#7083 = CARTESIAN_POINT('',(0.832432565817,0.989836816498));
#7084 = CARTESIAN_POINT('',(0.829932212586,0.99013367292));
#7085 = CARTESIAN_POINT('',(0.827431924478,0.990414943091));
#7086 = CARTESIAN_POINT('',(0.824931697598,0.990681971667));
#7087 = CARTESIAN_POINT('',(0.822431528416,0.990935921502));
#7088 = CARTESIAN_POINT('',(0.817097758605,0.991451891319));
#7089 = CARTESIAN_POINT('',(0.814264173473,0.991710489753));
#7090 = CARTESIAN_POINT('',(0.811430653772,0.991955004987));
#7091 = CARTESIAN_POINT('',(0.808597195331,0.992186696855));
#7092 = CARTESIAN_POINT('',(0.805763794407,0.992406648997));
#7093 = CARTESIAN_POINT('',(0.799763530637,0.992849508425));
#7094 = CARTESIAN_POINT('',(0.79659668127,0.993069735613));
#7095 = CARTESIAN_POINT('',(0.793429894952,0.9932777261));
#7096 = CARTESIAN_POINT('',(0.790263167506,0.993474596492));
#7097 = CARTESIAN_POINT('',(0.787096495205,0.993661304313));
#7098 = CARTESIAN_POINT('',(0.780429674666,0.994034673531));
#7099 = CARTESIAN_POINT('',(0.77692953789,0.994219276352));
#7100 = CARTESIAN_POINT('',(0.773429460023,0.994393543074));
#7101 = CARTESIAN_POINT('',(0.769929437084,0.994558423975));
#7102 = CARTESIAN_POINT('',(0.766429465538,0.994714733009));
#7103 = CARTESIAN_POINT('',(0.758762686906,0.995039843961));
#7104 = CARTESIAN_POINT('',(0.754595899918,0.995205370627));
#7105 = CARTESIAN_POINT('',(0.75042917611,0.995360876687));
#7106 = CARTESIAN_POINT('',(0.746262510832,0.995507357609));
#7107 = CARTESIAN_POINT('',(0.742095900003,0.995645655435));
#7108 = CARTESIAN_POINT('',(0.732762478247,0.995938665236));
#7109 = CARTESIAN_POINT('',(0.727595694595,0.996089373873));
#7110 = CARTESIAN_POINT('',(0.722428982451,0.996229903919));
#7111 = CARTESIAN_POINT('',(0.717262335926,0.996361382652));
#7112 = CARTESIAN_POINT('',(0.71209574993,0.996484745407));
#7113 = CARTESIAN_POINT('',(0.699595628755,0.996765376951));
#7114 = CARTESIAN_POINT('',(0.692262150259,0.996915221511));
#7115 = CARTESIAN_POINT('',(0.684928772542,0.997052391912));
#7116 = CARTESIAN_POINT('',(0.677595485206,0.997178644675));
#7117 = CARTESIAN_POINT('',(0.670262279605,0.997295370185));
#7118 = CARTESIAN_POINT('',(0.649261957785,0.997605293423));
#7119 = CARTESIAN_POINT('',(0.635595021689,0.99777777943));
#7120 = CARTESIAN_POINT('',(0.621928298224,0.997927495251));
#7121 = CARTESIAN_POINT('',(0.608261753656,0.998059374589));
#7122 = CARTESIAN_POINT('',(0.594595362843,0.998176840318));
#7123 = CARTESIAN_POINT('',(0.540761186957,0.998590315682));
#7124 = CARTESIAN_POINT('',(0.50059243037,0.998792499748));
#7125 = CARTESIAN_POINT('',(0.46042658802,0.998948150439));
#7126 = CARTESIAN_POINT('',(0.420261338485,0.999067245478));
#7127 = CARTESIAN_POINT('',(0.380094082939,0.999163628898));
#7128 = CARTESIAN_POINT('',(0.283276421985,0.99935379927));
#7129 = CARTESIAN_POINT('',(0.226613375398,0.999430726969));
#7130 = CARTESIAN_POINT('',(0.169963336157,0.999490089071));
#7131 = CARTESIAN_POINT('',(0.113313747764,0.999537522758));
#7132 = CARTESIAN_POINT('',(5.665124933506E-02,0.999574883297));
#7133 = CARTESIAN_POINT('',(0.,0.99960650869));
#7134 = ( GEOMETRIC_REPRESENTATION_CONTEXT(2) 
PARAMETRIC_REPRESENTATION_CONTEXT() REPRESENTATION_CONTEXT('2D SPACE',''
  ) );
#7135 = ORIENTED_EDGE('',*,*,#7136,.F.);
#7136 = EDGE_CURVE('',#6333,#6772,#7137,.T.);
#7137 = SURFACE_CURVE('',#7138,(#7144,#7153),.PCURVE_S1.);
#7138 = B_SPLINE_CURVE_WITH_KNOTS('',4,(#7139,#7140,#7141,#7142,#7143),
  .UNSPECIFIED.,.F.,.F.,(5,5),(0.,1.),.PIECEWISE_BEZIER_KNOTS.);
#7139 = CARTESIAN_POINT('',(9.746538979246,7.765760892152,
    -9.100945166632));
#7140 = CARTESIAN_POINT('',(9.746538979246,8.236538726086,
    -9.100945166632));
#7141 = CARTESIAN_POINT('',(9.746538979246,8.70731656002,-9.100945166632
    ));
#7142 = CARTESIAN_POINT('',(9.746538979246,9.178094393954,
    -9.100945166631));
#7143 = CARTESIAN_POINT('',(9.746538979246,9.648872227888,
    -9.100945166631));
#7144 = PCURVE('',#4138,#7145);
#7145 = DEFINITIONAL_REPRESENTATION('',(#7146),#7152);
#7146 = B_SPLINE_CURVE_WITH_KNOTS('',4,(#7147,#7148,#7149,#7150,#7151),
  .UNSPECIFIED.,.F.,.F.,(5,5),(0.,1.),.PIECEWISE_BEZIER_KNOTS.);
#7147 = CARTESIAN_POINT('',(2.321954297082,37.765760892152));
#7148 = CARTESIAN_POINT('',(2.321954297082,38.236538726086));
#7149 = CARTESIAN_POINT('',(2.321954297082,38.70731656002));
#7150 = CARTESIAN_POINT('',(2.321954297082,39.178094393954));
#7151 = CARTESIAN_POINT('',(2.321954297082,39.648872227888));
#7152 = ( GEOMETRIC_REPRESENTATION_CONTEXT(2) 
PARAMETRIC_REPRESENTATION_CONTEXT() REPRESENTATION_CONTEXT('2D SPACE',''
  ) );
#7153 = PCURVE('',#6280,#7154);
#7154 = DEFINITIONAL_REPRESENTATION('',(#7155),#7161);
#7155 = B_SPLINE_CURVE_WITH_KNOTS('',4,(#7156,#7157,#7158,#7159,#7160),
  .UNSPECIFIED.,.F.,.F.,(5,5),(0.,1.),.PIECEWISE_BEZIER_KNOTS.);
#7156 = CARTESIAN_POINT('',(0.983417585028,0.));
#7157 = CARTESIAN_POINT('',(0.983417585028,0.25));
#7158 = CARTESIAN_POINT('',(0.983417585028,0.5));
#7159 = CARTESIAN_POINT('',(0.983417585028,0.75));
#7160 = CARTESIAN_POINT('',(0.983417585028,1.));
#7161 = ( GEOMETRIC_REPRESENTATION_CONTEXT(2) 
PARAMETRIC_REPRESENTATION_CONTEXT() REPRESENTATION_CONTEXT('2D SPACE',''
  ) );
#7162 = ORIENTED_EDGE('',*,*,#6332,.T.);
#7163 = ORIENTED_EDGE('',*,*,#4110,.T.);
#7164 = ORIENTED_EDGE('',*,*,#7165,.F.);
#7165 = EDGE_CURVE('',#4870,#3897,#7166,.T.);
#7166 = SURFACE_CURVE('',#7167,(#7171,#7178),.PCURVE_S1.);
#7167 = LINE('',#7168,#7169);
#7168 = CARTESIAN_POINT('',(-3.266133013326E-15,-30.,13.335));
#7169 = VECTOR('',#7170,1.);
#7170 = DIRECTION('',(0.,1.,0.));
#7171 = PCURVE('',#4138,#7172);
#7172 = DEFINITIONAL_REPRESENTATION('',(#7173),#7177);
#7173 = LINE('',#7174,#7175);
#7174 = CARTESIAN_POINT('',(0.,-0.));
#7175 = VECTOR('',#7176,1.);
#7176 = DIRECTION('',(0.,1.));
#7177 = ( GEOMETRIC_REPRESENTATION_CONTEXT(2) 
PARAMETRIC_REPRESENTATION_CONTEXT() REPRESENTATION_CONTEXT('2D SPACE',''
  ) );
#7178 = PCURVE('',#4036,#7179);
#7179 = DEFINITIONAL_REPRESENTATION('',(#7180),#7184);
#7180 = LINE('',#7181,#7182);
#7181 = CARTESIAN_POINT('',(6.28318530718,-0.));
#7182 = VECTOR('',#7183,1.);
#7183 = DIRECTION('',(0.,1.));
#7184 = ( GEOMETRIC_REPRESENTATION_CONTEXT(2) 
PARAMETRIC_REPRESENTATION_CONTEXT() REPRESENTATION_CONTEXT('2D SPACE',''
  ) );
#7185 = ORIENTED_EDGE('',*,*,#4869,.F.);
#7186 = ORIENTED_EDGE('',*,*,#7187,.T.);
#7187 = EDGE_CURVE('',#4829,#6240,#7188,.T.);
#7188 = SEAM_CURVE('',#7189,(#7193,#7200),.PCURVE_S1.);
#7189 = LINE('',#7190,#7191);
#7190 = CARTESIAN_POINT('',(-3.266133013326E-15,-30.,13.335));
#7191 = VECTOR('',#7192,1.);
#7192 = DIRECTION('',(0.,1.,0.));
#7193 = PCURVE('',#4138,#7194);
#7194 = DEFINITIONAL_REPRESENTATION('',(#7195),#7199);
#7195 = LINE('',#7196,#7197);
#7196 = CARTESIAN_POINT('',(6.28318530718,-0.));
#7197 = VECTOR('',#7198,1.);
#7198 = DIRECTION('',(0.,1.));
#7199 = ( GEOMETRIC_REPRESENTATION_CONTEXT(2) 
PARAMETRIC_REPRESENTATION_CONTEXT() REPRESENTATION_CONTEXT('2D SPACE',''
  ) );
#7200 = PCURVE('',#4138,#7201);
#7201 = DEFINITIONAL_REPRESENTATION('',(#7202),#7206);
#7202 = LINE('',#7203,#7204);
#7203 = CARTESIAN_POINT('',(0.,-0.));
#7204 = VECTOR('',#7205,1.);
#7205 = DIRECTION('',(0.,1.));
#7206 = ( GEOMETRIC_REPRESENTATION_CONTEXT(2) 
PARAMETRIC_REPRESENTATION_CONTEXT() REPRESENTATION_CONTEXT('2D SPACE',''
  ) );
#7207 = ORIENTED_EDGE('',*,*,#6239,.F.);
#7208 = ORIENTED_EDGE('',*,*,#7187,.F.);
#7209 = ADVANCED_FACE('',(#7210),#4036,.F.);
#7210 = FACE_BOUND('',#7211,.F.);
#7211 = EDGE_LOOP('',(#7212,#7213,#7234,#7235));
#7212 = ORIENTED_EDGE('',*,*,#3896,.T.);
#7213 = ORIENTED_EDGE('',*,*,#7214,.F.);
#7214 = EDGE_CURVE('',#5100,#3683,#7215,.T.);
#7215 = SURFACE_CURVE('',#7216,(#7220,#7227),.PCURVE_S1.);
#7216 = LINE('',#7217,#7218);
#7217 = CARTESIAN_POINT('',(-3.266133013326E-15,-30.,13.335));
#7218 = VECTOR('',#7219,1.);
#7219 = DIRECTION('',(0.,1.,0.));
#7220 = PCURVE('',#4036,#7221);
#7221 = DEFINITIONAL_REPRESENTATION('',(#7222),#7226);
#7222 = LINE('',#7223,#7224);
#7223 = CARTESIAN_POINT('',(0.,-0.));
#7224 = VECTOR('',#7225,1.);
#7225 = DIRECTION('',(0.,1.));
#7226 = ( GEOMETRIC_REPRESENTATION_CONTEXT(2) 
PARAMETRIC_REPRESENTATION_CONTEXT() REPRESENTATION_CONTEXT('2D SPACE',''
  ) );
#7227 = PCURVE('',#3822,#7228);
#7228 = DEFINITIONAL_REPRESENTATION('',(#7229),#7233);
#7229 = LINE('',#7230,#7231);
#7230 = CARTESIAN_POINT('',(6.28318530718,-0.));
#7231 = VECTOR('',#7232,1.);
#7232 = DIRECTION('',(0.,1.));
#7233 = ( GEOMETRIC_REPRESENTATION_CONTEXT(2) 
PARAMETRIC_REPRESENTATION_CONTEXT() REPRESENTATION_CONTEXT('2D SPACE',''
  ) );
#7234 = ORIENTED_EDGE('',*,*,#5099,.F.);
#7235 = ORIENTED_EDGE('',*,*,#7165,.T.);
#7236 = ADVANCED_FACE('',(#7237),#3822,.F.);
#7237 = FACE_BOUND('',#7238,.F.);
#7238 = EDGE_LOOP('',(#7239,#7240,#7261,#7262));
#7239 = ORIENTED_EDGE('',*,*,#3682,.T.);
#7240 = ORIENTED_EDGE('',*,*,#7241,.F.);
#7241 = EDGE_CURVE('',#5309,#3448,#7242,.T.);
#7242 = SURFACE_CURVE('',#7243,(#7247,#7254),.PCURVE_S1.);
#7243 = LINE('',#7244,#7245);
#7244 = CARTESIAN_POINT('',(-3.266133013326E-15,-30.,13.335));
#7245 = VECTOR('',#7246,1.);
#7246 = DIRECTION('',(0.,1.,0.));
#7247 = PCURVE('',#3822,#7248);
#7248 = DEFINITIONAL_REPRESENTATION('',(#7249),#7253);
#7249 = LINE('',#7250,#7251);
#7250 = CARTESIAN_POINT('',(0.,-0.));
#7251 = VECTOR('',#7252,1.);
#7252 = DIRECTION('',(0.,1.));
#7253 = ( GEOMETRIC_REPRESENTATION_CONTEXT(2) 
PARAMETRIC_REPRESENTATION_CONTEXT() REPRESENTATION_CONTEXT('2D SPACE',''
  ) );
#7254 = PCURVE('',#3601,#7255);
#7255 = DEFINITIONAL_REPRESENTATION('',(#7256),#7260);
#7256 = LINE('',#7257,#7258);
#7257 = CARTESIAN_POINT('',(6.28318530718,-0.));
#7258 = VECTOR('',#7259,1.);
#7259 = DIRECTION('',(0.,1.));
#7260 = ( GEOMETRIC_REPRESENTATION_CONTEXT(2) 
PARAMETRIC_REPRESENTATION_CONTEXT() REPRESENTATION_CONTEXT('2D SPACE',''
  ) );
#7261 = ORIENTED_EDGE('',*,*,#5308,.F.);
#7262 = ORIENTED_EDGE('',*,*,#7214,.T.);
#7263 = ADVANCED_FACE('',(#7264),#3601,.F.);
#7264 = FACE_BOUND('',#7265,.F.);
#7265 = EDGE_LOOP('',(#7266,#7267,#7288,#7289));
#7266 = ORIENTED_EDGE('',*,*,#3447,.T.);
#7267 = ORIENTED_EDGE('',*,*,#7268,.F.);
#7268 = EDGE_CURVE('',#5539,#3213,#7269,.T.);
#7269 = SURFACE_CURVE('',#7270,(#7274,#7281),.PCURVE_S1.);
#7270 = LINE('',#7271,#7272);
#7271 = CARTESIAN_POINT('',(-3.266133013326E-15,-30.,13.335));
#7272 = VECTOR('',#7273,1.);
#7273 = DIRECTION('',(0.,1.,0.));
#7274 = PCURVE('',#3601,#7275);
#7275 = DEFINITIONAL_REPRESENTATION('',(#7276),#7280);
#7276 = LINE('',#7277,#7278);
#7277 = CARTESIAN_POINT('',(0.,-0.));
#7278 = VECTOR('',#7279,1.);
#7279 = DIRECTION('',(0.,1.));
#7280 = ( GEOMETRIC_REPRESENTATION_CONTEXT(2) 
PARAMETRIC_REPRESENTATION_CONTEXT() REPRESENTATION_CONTEXT('2D SPACE',''
  ) );
#7281 = PCURVE('',#3366,#7282);
#7282 = DEFINITIONAL_REPRESENTATION('',(#7283),#7287);
#7283 = LINE('',#7284,#7285);
#7284 = CARTESIAN_POINT('',(6.28318530718,-0.));
#7285 = VECTOR('',#7286,1.);
#7286 = DIRECTION('',(0.,1.));
#7287 = ( GEOMETRIC_REPRESENTATION_CONTEXT(2) 
PARAMETRIC_REPRESENTATION_CONTEXT() REPRESENTATION_CONTEXT('2D SPACE',''
  ) );
#7288 = ORIENTED_EDGE('',*,*,#5538,.F.);
#7289 = ORIENTED_EDGE('',*,*,#7241,.T.);
#7290 = ADVANCED_FACE('',(#7291),#3366,.F.);
#7291 = FACE_BOUND('',#7292,.F.);
#7292 = EDGE_LOOP('',(#7293,#7294,#7295,#7296));
#7293 = ORIENTED_EDGE('',*,*,#3212,.T.);
#7294 = ORIENTED_EDGE('',*,*,#6212,.F.);
#7295 = ORIENTED_EDGE('',*,*,#5747,.F.);
#7296 = ORIENTED_EDGE('',*,*,#7268,.T.);
#7297 = ADVANCED_FACE('',(#7298),#4774,.F.);
#7298 = FACE_BOUND('',#7299,.F.);
#7299 = EDGE_LOOP('',(#7300,#7301,#7338));
#7300 = ORIENTED_EDGE('',*,*,#4759,.F.);
#7301 = ORIENTED_EDGE('',*,*,#7302,.T.);
#7302 = EDGE_CURVE('',#4650,#6772,#7303,.T.);
#7303 = SURFACE_CURVE('',#7304,(#7324,#7331),.PCURVE_S1.);
#7304 = B_SPLINE_CURVE_WITH_KNOTS('',6,(#7305,#7306,#7307,#7308,#7309,
    #7310,#7311,#7312,#7313,#7314,#7315,#7316,#7317,#7318,#7319,#7320,
    #7321,#7322,#7323),.UNSPECIFIED.,.F.,.F.,(7,4,4,4,7),(0.,
    0.25978587286,0.512773096416,0.757936471741,1.),.UNSPECIFIED.);
#7305 = CARTESIAN_POINT('',(11.155685887557,8.401555668021,
    11.294525107691));
#7306 = CARTESIAN_POINT('',(11.733765060685,8.450707561764,
    10.506428524816));
#7307 = CARTESIAN_POINT('',(12.252897850529,8.500417653362,
    9.675129336271));
#7308 = CARTESIAN_POINT('',(12.708989068581,8.550717628221,8.80609589567
    ));
#7309 = CARTESIAN_POINT('',(13.098650814377,8.601637194371,
    7.905353730335));
#7310 = CARTESIAN_POINT('',(13.731668662459,8.703417291761,
    6.077557442834));
#7311 = CARTESIAN_POINT('',(14.08977043422,8.807776031076,4.177107827583
    ));
#7312 = CARTESIAN_POINT('',(14.198043987896,8.85990657455,3.227913894232
    ));
#7313 = CARTESIAN_POINT('',(14.237254314057,8.912687481988,
    2.273443418767));
#7314 = CARTESIAN_POINT('',(14.178887886181,9.017886622805,
    0.395954173412));
#7315 = CARTESIAN_POINT('',(13.857382260151,9.125492143737,
    -1.454288010951));
#7316 = CARTESIAN_POINT('',(13.636313916487,9.179010738441,
    -2.352777375933));
#7317 = CARTESIAN_POINT('',(13.353985223579,9.233052196447,
    -3.233845893369));
#7318 = CARTESIAN_POINT('',(12.675447049064,9.341373199285,
    -4.940303416245));
#7319 = CARTESIAN_POINT('',(11.773748763727,9.451218536647,
    -6.539875758982));
#7320 = CARTESIAN_POINT('',(11.273186303306,9.506093399005,
    -7.30371272167));
#7321 = CARTESIAN_POINT('',(10.722962445818,9.56117779076,
    -8.032536684068));
#7322 = CARTESIAN_POINT('',(10.126293831946,9.616366714647,
    -8.722509149603));
#7323 = CARTESIAN_POINT('',(9.486689609095,9.67155566834,-9.37007341649)
  );
#7324 = PCURVE('',#4774,#7325);
#7325 = DEFINITIONAL_REPRESENTATION('',(#7326),#7330);
#7326 = LINE('',#7327,#7328);
#7327 = CARTESIAN_POINT('',(0.,0.));
#7328 = VECTOR('',#7329,1.);
#7329 = DIRECTION('',(1.,0.));
#7330 = ( GEOMETRIC_REPRESENTATION_CONTEXT(2) 
PARAMETRIC_REPRESENTATION_CONTEXT() REPRESENTATION_CONTEXT('2D SPACE',''
  ) );
#7331 = PCURVE('',#6280,#7332);
#7332 = DEFINITIONAL_REPRESENTATION('',(#7333),#7337);
#7333 = LINE('',#7334,#7335);
#7334 = CARTESIAN_POINT('',(0.,1.));
#7335 = VECTOR('',#7336,1.);
#7336 = DIRECTION('',(1.,0.));
#7337 = ( GEOMETRIC_REPRESENTATION_CONTEXT(2) 
PARAMETRIC_REPRESENTATION_CONTEXT() REPRESENTATION_CONTEXT('2D SPACE',''
  ) );
#7338 = ORIENTED_EDGE('',*,*,#6771,.T.);
#7339 = ADVANCED_FACE('',(#7340),#6280,.F.);
#7340 = FACE_BOUND('',#7341,.F.);
#7341 = EDGE_LOOP('',(#7342,#7343,#7344,#7345));
#7342 = ORIENTED_EDGE('',*,*,#6267,.F.);
#7343 = ORIENTED_EDGE('',*,*,#6730,.T.);
#7344 = ORIENTED_EDGE('',*,*,#7136,.T.);
#7345 = ORIENTED_EDGE('',*,*,#7302,.F.);
#7346 = ( GEOMETRIC_REPRESENTATION_CONTEXT(3) 
GLOBAL_UNCERTAINTY_ASSIGNED_CONTEXT((#7350)) 
GLOBAL_UNIT_ASSIGNED_CONTEXT((#7347,#7348,#7349)) REPRESENTATION_CONTEXT
('Context #1','3D Context with UNIT and UNCERTAINTY') );
#7347 = ( LENGTH_UNIT() NAMED_UNIT(*) SI_UNIT(.MILLI.,.METRE.) );
#7348 = ( NAMED_UNIT(*) PLANE_ANGLE_UNIT() SI_UNIT($,.RADIAN.) );
#7349 = ( NAMED_UNIT(*) SI_UNIT($,.STERADIAN.) SOLID_ANGLE_UNIT() );
#7350 = UNCERTAINTY_MEASURE_WITH_UNIT(LENGTH_MEASURE(2.E-06),#7347,
  'distance_accuracy_value','confusion accuracy');
#7351 = PRODUCT_RELATED_PRODUCT_CATEGORY('part',$,(#7));
ENDSEC;
END-ISO-10303-21;
